timestamp,date,time,irradiance,SMA-1 ACTIVE POWER,SMA-2 ACTIVE POWER,SMA-3 ACTIVE POWER,SMA-4 ACTIVE POWER,SMA-5 ACTIVE POWER,SMA-6 ACTIVE POWER,DELTA-1 ACTIVE POWER,ACTIVE POWER,DELTA-1 ACTIVE POWER .1,SUNGROW-1 ACTIVE POWER,SOLIS-2 ACTIVE POWER,SOLIS-3 ACTIVE POWER,DELTA-1  ACTIVE POWER,DELTA-2   ACTIVE POWER,DELTA-1 ACTIVE POWER_1,DELTA-2 ACTIVE POWER,DELTA-3 ACTIVE POWER,DELTA-4 ACTIVE POWER,HELIOS-1 ACTIVE POWER,HELIOS-2  ACTIVE POWER,BAT-1  ACTIVE POWER,BAT-2  ACTIVE POWER,total_ac_power_kw,hour,minute,month,day_of_year,day_of_week,is_daytime
2026-06-21 00:00:00,2026-06-21,00:00:00,0,0,0,0,0,0,0,0.0,0.0,0,0,0,0,0,0,0,0,0,0,0,0,0,0,0.0,0,0,6,172,6,0
2026-06-21 00:10:00,2026-06-21,00:10:00,0,0,0,0,0,0,0,0.0,0.0,0,0,0,0,0,0,0,0,0,0,0,0,0,0,0.0,0,10,6,172,6,0
2026-06-21 00:10:59,2026-06-21,00:10:59,0,0,0,0,0,0,0,0.0,0.0,0,0,0,0,0,0,0,0,0,0,0,0,0,0,0.0,0,10,6,172,6,0
2026-06-21 00:20:00,2026-06-21,00:20:00,0,0,0,0,0,0,0,0.0,0.0,0,0,0,0,0,0,0,0,0,0,0,0,0,0,0.0,0,20,6,172,6,0
2026-06-21 00:30:00,2026-06-21,00:30:00,0,0,0,0,0,0,0,0.0,0.0,0,0,0,0,0,0,0,0,0,0,0,0,0,0,0.0,0,30,6,172,6,0
2026-06-21 00:30:59,2026-06-21,00:30:59,0,0,0,0,0,0,0,0.0,0.0,0,0,0,0,0,0,0,0,0,0,0,0,0,0,0.0,0,30,6,172,6,0
2026-06-21 00:40:00,2026-06-21,00:40:00,0,0,0,0,0,0,0,0.0,0.0,0,0,0,0,0,0,0,0,0,0,0,0,0,0,0.0,0,40,6,172,6,0
2026-06-21 00:50:00,2026-06-21,00:50:00,0,0,0,0,0,0,0,0.0,0.0,0,0,0,0,0,0,0,0,0,0,0,0,0,0,0.0,0,50,6,172,6,0
2026-06-21 01:00:00,2026-06-21,01:00:00,0,0,0,0,0,0,0,0.0,0.0,0,0,0,0,0,0,0,0,0,0,0,0,0,0,0.0,1,0,6,172,6,0
2026-06-21 01:10:00,2026-06-21,01:10:00,0,0,0,0,0,0,0,0.0,0.0,0,0,0,0,0,0,0,0,0,0,0,0,0,0,0.0,1,10,6,172,6,0
2026-06-21 01:20:00,2026-06-21,01:20:00,0,0,0,0,0,0,0,0.0,0.0,0,0,0,0,0,0,0,0,0,0,0,0,0,0,0.0,1,20,6,172,6,0
2026-06-21 01:30:00,2026-06-21,01:30:00,0,0,0,0,0,0,0,0.0,0.0,0,0,0,0,0,0,0,0,0,0,0,0,0,0,0.0,1,30,6,172,6,0
2026-06-21 01:30:59,2026-06-21,01:30:59,0,0,0,0,0,0,0,0.0,0.0,0,0,0,0,0,0,0,0,0,0,0,0,0,0,0.0,1,30,6,172,6,0
2026-06-21 01:40:00,2026-06-21,01:40:00,0,0,0,0,0,0,0,0.0,0.0,0,0,0,0,0,0,0,0,0,0,0,0,0,0,0.0,1,40,6,172,6,0
2026-06-21 01:50:00,2026-06-21,01:50:00,0,0,0,0,0,0,0,0.0,0.0,0,0,0,0,0,0,0,0,0,0,0,0,0,0,0.0,1,50,6,172,6,0
2026-06-21 02:00:00,2026-06-21,02:00:00,0,0,0,0,0,0,0,0.0,0.0,0,0,0,0,0,0,0,0,0,0,0,0,0,0,0.0,2,0,6,172,6,0
2026-06-21 02:20:00,2026-06-21,02:20:00,0,0,0,0,0,0,0,0.0,0.0,0,0,0,0,0,0,0,0,0,0,0,0,0,0,0.0,2,20,6,172,6,0
2026-06-21 02:30:00,2026-06-21,02:30:00,0,0,0,0,0,0,0,0.0,0.0,0,0,0,0,0,0,0,0,0,0,0,0,0,0,0.0,2,30,6,172,6,0
2026-06-21 02:50:00,2026-06-21,02:50:00,0,0,0,0,0,0,0,0.0,0.0,0,0,0,0,0,0,0,0,0,0,0,0,0,0,0.0,2,50,6,172,6,0
2026-06-21 03:00:00,2026-06-21,03:00:00,0,0,0,0,0,0,0,0.0,0.0,0,0,0,0,0,0,0,0,0,0,0,0,0,0,0.0,3,0,6,172,6,0
2026-06-21 03:10:00,2026-06-21,03:10:00,0,0,0,0,0,0,0,0.0,0.0,0,0,0,0,0,0,0,0,0,0,0,0,0,0,0.0,3,10,6,172,6,0
2026-06-21 03:20:00,2026-06-21,03:20:00,0,0,0,0,0,0,0,0.0,0.0,0,0,0,0,0,0,0,0,0,0,0,0,0,0,0.0,3,20,6,172,6,0
2026-06-21 03:30:00,2026-06-21,03:30:00,0,0,0,0,0,0,0,0.0,0.0,0,0,0,0,0,0,0,0,0,0,0,0,0,0,0.0,3,30,6,172,6,0
2026-06-21 03:40:00,2026-06-21,03:40:00,0,0,0,0,0,0,0,0.0,0.0,0,0,0,0,0,0,0,0,0,0,0,0,0,0,0.0,3,40,6,172,6,0
2026-06-21 03:50:00,2026-06-21,03:50:00,0,0,0,0,0,0,0,0.0,0.0,0,0,0,0,0,0,0,0,0,0,0,0,0,0,0.0,3,50,6,172,6,0
2026-06-21 04:00:00,2026-06-21,04:00:00,0,0,0,0,0,0,0,0.0,0.0,0,0,0,0,0,0,0,0,0,0,0,0,0,0,0.0,4,0,6,172,6,0
2026-06-21 04:10:00,2026-06-21,04:10:00,0,0,0,0,0,0,0,0.0,0.0,0,0,0,0,0,0,0,0,0,0,0,0,0,0,0.0,4,10,6,172,6,0
2026-06-21 04:20:00,2026-06-21,04:20:00,0,0,0,0,0,0,0,0.0,0.0,0,0,0,0,0,0,0,0,0,0,0,0,0,0,0.0,4,20,6,172,6,0
2026-06-21 04:30:00,2026-06-21,04:30:00,0,0,0,0,0,0,0,0.0,0.0,0,0,0,0,0,0,0,0,0,0,0,0,0,0,0.0,4,30,6,172,6,0
2026-06-21 04:40:00,2026-06-21,04:40:00,0,0,0,0,0,0,0,0.0,0.0,0,0,0,0,0,0,0,0,0,0,0,0,0,0,0.0,4,40,6,172,6,0
2026-06-21 04:50:00,2026-06-21,04:50:00,0,0,0,0,0,0,0,0.0,0.0,0,0,0,0,0,0,0,0,0,0,0,0,0,0,0.0,4,50,6,172,6,0
2026-06-21 05:00:00,2026-06-21,05:00:00,0,0,0,0,0,0,0,0.0,0.0,0,0,0,0,0,0,0,0,0,0,0,0,0,0,0.0,5,0,6,172,6,0
2026-06-21 05:00:59,2026-06-21,05:00:59,0,0,0,0,0,0,0,0.0,0.0,0,0,0,0,0,0,0,0,0,0,0,0,0,0,0.0,5,0,6,172,6,0
2026-06-21 05:10:00,2026-06-21,05:10:00,0,0,0,0,0,0,0,0.0,0.0,0,0,0,0,0,0,0,0,0,0,0,0,0,0,0.0,5,10,6,172,6,0
2026-06-21 05:10:59,2026-06-21,05:10:59,0,0,0,0,0,0,0,0.0,0.0,0,0,0,0,0,0,0,0,0,0,0,0,0,0,0.0,5,10,6,172,6,0
2026-06-21 05:20:00,2026-06-21,05:20:00,0,0,0,0,0,0,0,0.0,0.0,0,0,0,0,0,0,0,0,0,0,0,0,0,0,0.0,5,20,6,172,6,0
2026-06-21 05:30:00,2026-06-21,05:30:00,4,0,0,0,0,0,0,0.0,0.0,0,0,0,0,0,0,0,0,0,0,0,0,0,0,0.0,5,30,6,172,6,0
2026-06-21 05:40:00,2026-06-21,05:40:00,10,0,0,0,0,0,0,0.0,0.0,0,0,0,0,0,0,0,0,0,0,0,0,0,0,0.0,5,40,6,172,6,0
2026-06-21 05:50:00,2026-06-21,05:50:00,14,0,0,0,0,0,0,0.0,0.0,0,0,0,0,0,0,0,0,0,0,0,0,0,0,0.0,5,50,6,172,6,0
2026-06-21 06:00:00,2026-06-21,06:00:00,20,0,0,0,0,0,0,0.0,0.0,0,0,0,0,0,0,0,0,0,0,0,0,0,0,0.0,6,0,6,172,6,1
2026-06-21 06:00:59,2026-06-21,06:00:59,18,0,0,0,0,0,0,0.0,0.0,0,0,0,0,0,0,0,0,0,0,0,0,0,0,0.0,6,0,6,172,6,1
2026-06-21 06:10:00,2026-06-21,06:10:00,19,0,0,0,0,0,0,0.0,0.0,0,0,0,0,0,0,0,0,0,0,0,0,0,0,0.0,6,10,6,172,6,1
2026-06-21 06:20:00,2026-06-21,06:20:00,24,0,0,0,0,0,0,0.0,0.0,0,0,0,0,0,0,0,0,0,0,0,0,0,0,0.0,6,20,6,172,6,1
2026-06-21 06:30:00,2026-06-21,06:30:00,23,0,0,0,0,0,0,0.0,0.0,0,0,0,0,0,0,0,0,0,0,0,0,0,0,0.0,6,30,6,172,6,1
2026-06-21 06:40:00,2026-06-21,06:40:00,31,0,0,0,0,0,0,0.0,0.0,0,0,0,0,1,0,0,0,1,0,0,0,0,0,2.0,6,40,6,172,6,1
2026-06-21 06:50:00,2026-06-21,06:50:00,45,0,0,0,0,0,0,0.0,0.0,0,0,0,0,1,0,0,0,1,1,0,0,0,0,3.0,6,50,6,172,6,1
2026-06-21 06:50:59,2026-06-21,06:50:59,46,0,0,0,0,0,0,0.0,0.0,0,0,0,0,1,0,0,0,1,1,0,0,0,0,3.0,6,50,6,172,6,1
2026-06-21 07:00:00,2026-06-21,07:00:00,61,0,0,0,0,0,0,0.0,0.0,0,0,0,0,2,0,1,1,2,1,0,0,0,0,7.0,7,0,6,172,6,1
2026-06-21 07:20:00,2026-06-21,07:20:00,71,0,0,0,0,0,0,0.0,0.0,0,0,0,0,2,0,1,1,2,2,0,0,0,0,8.0,7,20,6,172,6,1
2026-06-21 07:30:00,2026-06-21,07:30:00,89,0,0,0,0,0,0,0.0,0.0,0,0,0,0,2,0,1,2,3,3,0,0,0,0,11.0,7,30,6,172,6,1
2026-06-21 07:50:00,2026-06-21,07:50:00,136,0,0,0,0,0,0,0.0,0.0,0,1,0,0,4,0,2,3,5,4,0,0,0,0,19.0,7,50,6,172,6,1
2026-06-21 08:00:00,2026-06-21,08:00:00,172,0,0,0,0,0,0,0.0,0.0,0,1,0,0,7,0,3,4,6,6,1,0,0,0,28.0,8,0,6,172,6,1
2026-06-21 08:00:59,2026-06-21,08:00:59,171,0,0,0,0,0,0,0.0,0.0,0,1,0,0,7,0,3,4,6,6,1,0,0,0,28.0,8,0,6,172,6,1
2026-06-21 08:10:00,2026-06-21,08:10:00,139,0,0,0,0,0,0,0.0,0.0,0,1,0,0,5,0,2,3,5,5,1,0,0,0,22.0,8,10,6,172,6,1
2026-06-21 08:20:00,2026-06-21,08:20:00,155,0,0,0,0,0,0,0.0,0.0,0,1,0,0,5,0,3,3,5,5,1,0,0,0,23.0,8,20,6,172,6,1
2026-06-21 08:30:00,2026-06-21,08:30:00,196,0,0,0,0,0,0,0.0,0.0,1,1,0,0,7,0,3,4,7,7,1,0,0,0,31.0,8,30,6,172,6,1
2026-06-21 08:40:00,2026-06-21,08:40:00,210,0,0,0,0,0,0,0.0,0.0,1,1,0,0,8,0,4,5,7,7,2,0,0,0,35.0,8,40,6,172,6,1
2026-06-21 08:50:00,2026-06-21,08:50:00,174,0,0,0,0,0,0,0.0,0.0,0,1,0,0,6,0,3,4,6,6,1,0,0,0,27.0,8,50,6,172,6,1
2026-06-21 09:00:00,2026-06-21,09:00:00,220,0,0,0,0,0,0,0.0,0.0,1,1,0,0,7,0,4,5,8,7,1,0,0,0,34.0,9,0,6,172,6,1
2026-06-21 09:10:00,2026-06-21,09:10:00,248,0,0,0,0,0,0,0.0,0.0,1,2,1,1,9,0,5,6,9,9,2,0,0,0,45.0,9,10,6,172,6,1
2026-06-21 09:20:59,2026-06-21,09:20:59,239,0,0,0,0,0,0,0.0,0.0,0,2,1,1,8,0,4,5,9,8,2,0,0,0,40.0,9,20,6,172,6,1
2026-06-21 09:40:00,2026-06-21,09:40:00,222,0,0,0,0,0,0,0.0,0.0,1,2,0,0,8,0,4,5,8,8,2,0,0,0,38.0,9,40,6,172,6,1
2026-06-21 09:50:00,2026-06-21,09:50:00,152,0,0,0,0,0,0,0.0,0.0,0,1,0,0,6,0,3,3,5,5,1,0,0,0,24.0,9,50,6,172,6,1
2026-06-21 10:00:00,2026-06-21,10:00:00,150,0,0,0,0,0,0,0.0,0.0,0,1,0,0,5,0,3,3,5,5,1,0,0,0,23.0,10,0,6,172,6,1
2026-06-21 10:10:00,2026-06-21,10:10:00,160,0,0,0,0,0,0,0.0,0.0,0,1,0,0,6,0,3,3,5,5,1,0,0,0,24.0,10,10,6,172,6,1
2026-06-21 10:20:00,2026-06-21,10:20:00,127,0,0,0,0,0,0,0.0,0.0,0,1,0,0,5,0,2,3,4,4,0,0,0,0,19.0,10,20,6,172,6,1
2026-06-21 10:30:00,2026-06-21,10:30:00,136,0,0,0,0,0,0,0.0,0.0,0,1,0,0,5,0,2,3,5,5,0,0,0,0,21.0,10,30,6,172,6,1
2026-06-21 10:40:00,2026-06-21,10:40:00,163,0,0,0,0,0,0,0.0,0.0,0,1,0,0,6,0,3,4,6,6,1,0,0,0,27.0,10,40,6,172,6,1
2026-06-21 10:50:00,2026-06-21,10:50:00,192,0,0,0,0,0,0,0.0,0.0,1,1,0,0,7,0,4,4,7,7,2,0,0,0,33.0,10,50,6,172,6,1
2026-06-21 11:00:00,2026-06-21,11:00:00,225,0,0,0,0,0,0,0.0,0.0,1,2,0,0,9,0,4,5,8,8,2,0,0,0,39.0,11,0,6,172,6,1
2026-06-21 11:00:59,2026-06-21,11:00:59,233,0,0,0,0,0,0,0.0,0.0,0,2,1,1,9,0,4,5,8,8,2,0,0,0,40.0,11,0,6,172,6,1
2026-06-21 11:10:00,2026-06-21,11:10:00,258,0,0,0,0,0,0,0.0,0.0,1,2,1,1,10,0,5,6,9,9,2,0,0,0,46.0,11,10,6,172,6,1
2026-06-21 11:30:00,2026-06-21,11:30:00,297,0,0,0,0,0,0,0.0,0.0,1,2,1,1,12,0,6,7,11,10,2,0,0,0,53.0,11,30,6,172,6,1
2026-06-21 11:40:00,2026-06-21,11:40:00,360,0,0,0,0,0,0,0.0,0.0,1,3,1,1,15,0,7,8,13,13,4,0,0,0,66.0,11,40,6,172,6,1
2026-06-21 11:50:00,2026-06-21,11:50:00,405,0,0,0,0,0,0,0.0,0.0,2,3,1,1,16,0,8,9,14,14,4,0,0,0,72.0,11,50,6,172,6,1
2026-06-21 12:00:00,2026-06-21,12:00:00,463,0,0,0,0,0,0,0.0,0.0,2,4,1,1,19,0,9,11,16,16,5,0,0,0,84.0,12,0,6,172,6,1
2026-06-21 12:20:00,2026-06-21,12:20:00,262,0,0,0,0,0,0,0.0,0.0,1,2,1,1,11,0,5,6,10,9,2,0,0,0,48.0,12,20,6,172,6,1
2026-06-21 12:30:00,2026-06-21,12:30:00,318,0,0,0,0,0,0,0.0,0.0,0,2,1,1,13,0,6,7,11,11,3,0,0,0,55.0,12,30,6,172,6,1
2026-06-21 12:40:00,2026-06-21,12:40:00,355,0,0,0,0,0,0,0.0,0.0,1,3,1,1,15,0,7,8,13,12,4,0,0,0,65.0,12,40,6,172,6,1
2026-06-21 12:50:00,2026-06-21,12:50:00,446,0,0,0,0,0,0,0.0,0.0,2,3,1,1,18,0,9,10,16,16,5,0,0,0,81.0,12,50,6,172,6,1
2026-06-21 12:50:59,2026-06-21,12:50:59,460,0,0,0,0,0,0,0.0,0.0,2,4,1,1,18,0,9,10,16,16,5,0,0,0,82.0,12,50,6,172,6,1
2026-06-21 13:00:00,2026-06-21,13:00:00,540,0,0,0,0,0,0,0.0,0.0,2,4,1,1,20,0,10,12,19,18,6,0,0,0,93.0,13,0,6,172,6,1
2026-06-21 13:10:00,2026-06-21,13:10:00,988,0,0,0,0,0,0,0.0,0.0,0,5,2,2,22,0,15,18,0,0,8,0,0,0,72.0,13,10,6,172,6,1
2026-06-21 13:10:59,2026-06-21,13:10:59,541,0,0,0,0,0,0,0.0,0.0,2,4,1,1,19,0,9,11,17,17,6,0,0,0,87.0,13,10,6,172,6,1
2026-06-21 13:30:00,2026-06-21,13:30:00,574,0,0,0,0,0,0,0.0,0.0,2,4,1,1,20,0,12,13,21,21,7,0,0,0,102.0,13,30,6,172,6,1
2026-06-21 13:40:00,2026-06-21,13:40:00,1161,0,0,0,0,0,0,0.0,0.0,3,9,2,2,0,0,18,21,30,29,12,0,0,0,126.0,13,40,6,172,6,1
2026-06-21 13:50:00,2026-06-21,13:50:00,517,0,0,0,0,0,0,0.0,0.0,4,5,1,1,23,0,14,17,27,27,8,0,0,0,127.0,13,50,6,172,6,1
2026-06-21 14:00:00,2026-06-21,14:00:00,568,0,0,0,0,0,0,0.0,0.0,3,6,2,2,26,0,10,12,18,18,6,0,0,0,103.0,14,0,6,172,6,1
2026-06-21 14:10:00,2026-06-21,14:10:00,1021,0,0,0,0,0,0,0.0,0.0,2,3,1,1,21,0,17,20,0,31,12,0,0,0,108.0,14,10,6,172,6,1
2026-06-21 14:20:00,2026-06-21,14:20:00,835,0,0,0,0,0,0,0.0,0.0,3,6,2,2,0,0,15,17,27,26,9,0,0,0,107.0,14,20,6,172,6,1
2026-06-21 14:30:00,2026-06-21,14:30:00,804,0,0,0,0,0,0,0.0,0.0,3,6,2,2,32,0,14,17,25,25,9,0,0,0,135.0,14,30,6,172,6,1
2026-06-21 14:40:00,2026-06-21,14:40:00,725,0,0,0,0,0,0,0.0,0.0,3,6,2,2,32,0,14,16,25,25,9,0,0,0,134.0,14,40,6,172,6,1
2026-06-21 14:50:00,2026-06-21,14:50:00,782,0,0,0,0,0,0,0.0,0.0,3,3,1,1,18,0,13,13,19,18,4,0,0,0,93.0,14,50,6,172,6,1
2026-06-21 15:00:00,2026-06-21,15:00:00,733,0,0,0,0,0,0,0.0,0.0,3,5,2,2,31,0,13,15,24,23,8,0,0,0,126.0,15,0,6,172,6,1
2026-06-21 15:10:00,2026-06-21,15:10:00,688,0,0,0,0,0,0,0.0,0.0,2,5,2,2,31,0,12,14,22,21,7,0,0,0,118.0,15,10,6,172,6,1
2026-06-21 15:20:00,2026-06-21,15:20:00,680,0,0,0,0,0,0,0.0,0.0,2,5,2,2,31,0,12,14,22,21,7,0,0,0,118.0,15,20,6,172,6,1
2026-06-21 15:30:00,2026-06-21,15:30:00,632,0,0,0,0,0,0,0.0,0.0,2,4,2,2,29,0,11,13,20,19,7,0,0,0,109.0,15,30,6,172,6,1
2026-06-21 15:40:00,2026-06-21,15:40:00,581,0,0,0,0,0,0,0.0,0.0,2,4,2,2,28,0,10,12,19,18,6,0,0,0,103.0,15,40,6,172,6,1
2026-06-21 15:50:00,2026-06-21,15:50:00,560,0,0,0,0,0,0,0.0,0.0,2,4,2,2,29,0,10,11,18,17,6,0,0,0,101.0,15,50,6,172,6,1
2026-06-21 16:00:00,2026-06-21,16:00:00,301,0,0,0,0,0,0,0.0,0.0,2,4,3,3,30,0,8,9,15,15,5,0,0,0,94.0,16,0,6,172,6,1
2026-06-21 16:10:00,2026-06-21,16:10:00,257,0,0,0,0,0,0,0.0,0.0,0,2,2,2,22,0,7,9,13,12,4,0,0,0,73.0,16,10,6,172,6,1
2026-06-21 16:20:00,2026-06-21,16:20:00,480,0,0,0,0,0,0,0.0,0.0,0,0,0,0,0,0,0,0,0,0,0,0,0,0,0.0,16,20,6,172,6,1
2026-06-21 16:30:00,2026-06-21,16:30:00,434,0,0,0,0,0,0,0.0,0.0,1,3,2,2,24,0,7,0,0,0,0,0,0,0,39.0,16,30,6,172,6,1
2026-06-21 16:40:00,2026-06-21,16:40:00,393,0,0,0,0,0,0,0.0,0.0,1,2,2,2,24,0,6,8,12,12,3,0,0,0,72.0,16,40,6,172,6,1
2026-06-21 17:00:00,2026-06-21,17:00:00,307,0,0,0,0,0,0,0.0,0.0,1,2,2,2,21,0,5,6,9,9,2,0,0,0,59.0,17,0,6,172,6,1
2026-06-21 17:10:00,2026-06-21,17:10:00,264,0,0,0,0,0,0,0.0,0.0,0,1,2,2,19,0,4,5,8,7,2,0,0,0,50.0,17,10,6,172,6,1
2026-06-21 17:30:00,2026-06-21,17:30:00,166,0,0,0,0,0,0,0.0,0.0,0,1,1,1,11,0,2,3,5,4,0,0,0,0,28.0,17,30,6,172,6,1
2026-06-21 17:40:00,2026-06-21,17:40:00,150,0,0,0,0,0,0,0.0,0.0,0,1,1,1,9,0,2,3,4,4,0,0,0,0,25.0,17,40,6,172,6,1
2026-06-21 17:40:59,2026-06-21,17:40:59,152,0,0,0,0,0,0,0.0,0.0,0,1,1,1,8,0,2,2,4,4,0,0,0,0,23.0,17,40,6,172,6,1
2026-06-21 17:50:00,2026-06-21,17:50:00,57,0,0,0,0,0,0,0.0,0.0,0,0,0,0,2,0,0,1,1,1,0,0,0,0,5.0,17,50,6,172,6,1
2026-06-21 17:50:59,2026-06-21,17:50:59,55,0,0,0,0,0,0,0.0,0.0,0,0,0,0,2,0,0,1,1,1,0,0,0,0,5.0,17,50,6,172,6,1
2026-06-21 18:00:00,2026-06-21,18:00:00,56,0,0,0,0,0,0,0.0,0.0,0,0,0,0,2,0,0,1,1,1,0,0,0,0,5.0,18,0,6,172,6,1
2026-06-21 18:00:59,2026-06-21,18:00:59,59,0,0,0,0,0,0,0.0,0.0,0,0,0,0,2,0,1,1,2,1,0,0,0,0,7.0,18,0,6,172,6,1
2026-06-21 18:10:59,2026-06-21,18:10:59,48,0,0,0,0,0,0,0.0,0.0,0,0,0,0,1,0,0,0,1,1,0,0,0,0,3.0,18,10,6,172,6,1
2026-06-21 18:20:00,2026-06-21,18:20:00,28,0,0,0,0,0,0,0.0,0.0,0,0,0,0,0,0,0,0,0,0,0,0,0,0,0.0,18,20,6,172,6,1
2026-06-21 18:30:00,2026-06-21,18:30:00,17,0,0,0,0,0,0,0.0,0.0,0,0,0,0,0,0,0,0,0,0,0,0,0,0,0.0,18,30,6,172,6,1
2026-06-21 18:40:00,2026-06-21,18:40:00,11,0,0,0,0,0,0,0.0,0.0,0,0,0,0,0,0,0,0,0,0,0,0,0,0,0.0,18,40,6,172,6,1
2026-06-21 18:50:00,2026-06-21,18:50:00,7,0,0,0,0,0,0,0.0,0.0,0,0,0,0,0,0,0,0,0,0,0,0,0,0,0.0,18,50,6,172,6,1
2026-06-21 18:50:59,2026-06-21,18:50:59,6,0,0,0,0,0,0,0.0,0.0,0,0,0,0,0,0,0,0,0,0,0,0,0,0,0.0,18,50,6,172,6,1
2026-06-21 19:00:00,2026-06-21,19:00:00,2,0,0,0,0,0,0,0.0,0.0,0,0,0,0,0,0,0,0,0,0,0,0,0,0,0.0,19,0,6,172,6,0
2026-06-21 19:10:00,2026-06-21,19:10:00,0,0,0,0,0,0,0,0.0,0.0,0,0,0,0,0,0,0,0,0,0,0,0,0,0,0.0,19,10,6,172,6,0
2026-06-21 19:20:00,2026-06-21,19:20:00,0,0,0,0,0,0,0,0.0,0.0,0,0,0,0,0,0,0,0,0,0,0,0,0,0,0.0,19,20,6,172,6,0
2026-06-21 19:20:59,2026-06-21,19:20:59,0,0,0,0,0,0,0,0.0,0.0,0,0,0,0,0,0,0,0,0,0,0,0,0,0,0.0,19,20,6,172,6,0
2026-06-21 19:40:00,2026-06-21,19:40:00,0,0,0,0,0,0,0,0.0,0.0,0,0,0,0,0,0,0,0,0,0,0,0,0,0,0.0,19,40,6,172,6,0
2026-06-21 20:00:00,2026-06-21,20:00:00,0,0,0,0,0,0,0,0.0,0.0,0,0,0,0,0,0,0,0,0,0,0,0,0,0,0.0,20,0,6,172,6,0
2026-06-21 20:00:59,2026-06-21,20:00:59,0,0,0,0,0,0,0,0.0,0.0,0,0,0,0,0,0,0,0,0,0,0,0,0,0,0.0,20,0,6,172,6,0
2026-06-21 20:20:00,2026-06-21,20:20:00,0,0,0,0,0,0,0,0.0,0.0,0,0,0,0,0,0,0,0,0,0,0,0,0,0,0.0,20,20,6,172,6,0
2026-06-21 20:30:00,2026-06-21,20:30:00,0,0,0,0,0,0,0,0.0,0.0,0,0,0,0,0,0,0,0,0,0,0,0,0,0,0.0,20,30,6,172,6,0
2026-06-21 20:40:00,2026-06-21,20:40:00,0,0,0,0,0,0,0,0.0,0.0,0,0,0,0,0,0,0,0,0,0,0,0,0,0,0.0,20,40,6,172,6,0
2026-06-21 20:50:00,2026-06-21,20:50:00,0,0,0,0,0,0,0,0.0,0.0,0,0,0,0,0,0,0,0,0,0,0,0,0,0,0.0,20,50,6,172,6,0
2026-06-21 21:00:00,2026-06-21,21:00:00,0,0,0,0,0,0,0,0.0,0.0,0,0,0,0,0,0,0,0,0,0,0,0,0,0,0.0,21,0,6,172,6,0
2026-06-21 21:10:00,2026-06-21,21:10:00,0,0,0,0,0,0,0,0.0,0.0,0,0,0,0,0,0,0,0,0,0,0,0,0,0,0.0,21,10,6,172,6,0
2026-06-21 21:20:00,2026-06-21,21:20:00,0,0,0,0,0,0,0,0.0,0.0,0,0,0,0,0,0,0,0,0,0,0,0,0,0,0.0,21,20,6,172,6,0
2026-06-21 21:30:00,2026-06-21,21:30:00,0,0,0,0,0,0,0,0.0,0.0,0,0,0,0,0,0,0,0,0,0,0,0,0,0,0.0,21,30,6,172,6,0
2026-06-21 21:40:00,2026-06-21,21:40:00,0,0,0,0,0,0,0,0.0,0.0,0,0,0,0,0,0,0,0,0,0,0,0,0,0,0.0,21,40,6,172,6,0
2026-06-21 21:50:00,2026-06-21,21:50:00,0,0,0,0,0,0,0,0.0,0.0,0,0,0,0,0,0,0,0,0,0,0,0,0,0,0.0,21,50,6,172,6,0
2026-06-21 22:00:00,2026-06-21,22:00:00,0,0,0,0,0,0,0,0.0,0.0,0,0,0,0,0,0,0,0,0,0,0,0,0,0,0.0,22,0,6,172,6,0
2026-06-21 22:10:00,2026-06-21,22:10:00,0,0,0,0,0,0,0,0.0,0.0,0,0,0,0,0,0,0,0,0,0,0,0,0,0,0.0,22,10,6,172,6,0
2026-06-21 22:20:00,2026-06-21,22:20:00,0,0,0,0,0,0,0,0.0,0.0,0,0,0,0,0,0,0,0,0,0,0,0,0,0,0.0,22,20,6,172,6,0
2026-06-21 22:30:00,2026-06-21,22:30:00,0,0,0,0,0,0,0,0.0,0.0,0,0,0,0,0,0,0,0,0,0,0,0,0,0,0.0,22,30,6,172,6,0
2026-06-21 22:40:00,2026-06-21,22:40:00,0,0,0,0,0,0,0,0.0,0.0,0,0,0,0,0,0,0,0,0,0,0,0,0,0,0.0,22,40,6,172,6,0
2026-06-21 22:50:00,2026-06-21,22:50:00,0,0,0,0,0,0,0,0.0,0.0,0,0,0,0,0,0,0,0,0,0,0,0,0,0,0.0,22,50,6,172,6,0
2026-06-21 23:00:00,2026-06-21,23:00:00,0,0,0,0,0,0,0,0.0,0.0,0,0,0,0,0,0,0,0,0,0,0,0,0,0,0.0,23,0,6,172,6,0
2026-06-21 23:10:00,2026-06-21,23:10:00,0,0,0,0,0,0,0,0.0,0.0,0,0,0,0,0,0,0,0,0,0,0,0,0,0,0.0,23,10,6,172,6,0
2026-06-21 23:20:00,2026-06-21,23:20:00,0,0,0,0,0,0,0,0.0,0.0,0,0,0,0,0,0,0,0,0,0,0,0,0,0,0.0,23,20,6,172,6,0
2026-06-21 23:20:59,2026-06-21,23:20:59,0,0,0,0,0,0,0,0.0,0.0,0,0,0,0,0,0,0,0,0,0,0,0,0,0,0.0,23,20,6,172,6,0
2026-06-21 23:30:00,2026-06-21,23:30:00,0,0,0,0,0,0,0,0.0,0.0,0,0,0,0,0,0,0,0,0,0,0,0,0,0,0.0,23,30,6,172,6,0
2026-06-21 23:30:59,2026-06-21,23:30:59,0,0,0,0,0,0,0,0.0,0.0,0,0,0,0,0,0,0,0,0,0,0,0,0,0,0.0,23,30,6,172,6,0
2026-06-21 23:40:00,2026-06-21,23:40:00,0,0,0,0,0,0,0,0.0,0.0,0,0,0,0,0,0,0,0,0,0,0,0,0,0,0.0,23,40,6,172,6,0
2026-06-22 00:00:00,2026-06-22,00:00:00,0,0,0,0,0,0,0,0.0,0.0,0,0,0,0,0,0,0,0,0,0,0,0,0,0,0.0,0,0,6,173,0,0
2026-06-22 00:00:59,2026-06-22,00:00:59,0,0,0,0,0,0,0,0.0,0.0,0,0,0,0,0,0,0,0,0,0,0,0,0,0,0.0,0,0,6,173,0,0
2026-06-22 00:30:00,2026-06-22,00:30:00,0,0,0,0,0,0,0,0.0,0.0,0,0,0,0,0,0,0,0,0,0,0,0,0,0,0.0,0,30,6,173,0,0
2026-06-22 00:30:59,2026-06-22,00:30:59,0,0,0,0,0,0,0,0.0,0.0,0,0,0,0,0,0,0,0,0,0,0,0,0,0,0.0,0,30,6,173,0,0
2026-06-22 00:40:59,2026-06-22,00:40:59,0,0,0,0,0,0,0,0.0,0.0,0,0,0,0,0,0,0,0,0,0,0,0,0,0,0.0,0,40,6,173,0,0
2026-06-22 00:50:00,2026-06-22,00:50:00,0,0,0,0,0,0,0,0.0,0.0,0,0,0,0,0,0,0,0,0,0,0,0,0,0,0.0,0,50,6,173,0,0
2026-06-22 01:00:00,2026-06-22,01:00:00,0,0,0,0,0,0,0,0.0,0.0,0,0,0,0,0,0,0,0,0,0,0,0,0,0,0.0,1,0,6,173,0,0
2026-06-22 01:10:00,2026-06-22,01:10:00,0,0,0,0,0,0,0,0.0,0.0,0,0,0,0,0,0,0,0,0,0,0,0,0,0,0.0,1,10,6,173,0,0
2026-06-22 01:30:00,2026-06-22,01:30:00,0,0,0,0,0,0,0,0.0,0.0,0,0,0,0,0,0,0,0,0,0,0,0,0,0,0.0,1,30,6,173,0,0
2026-06-22 01:40:00,2026-06-22,01:40:00,0,0,0,0,0,0,0,0.0,0.0,0,0,0,0,0,0,0,0,0,0,0,0,0,0,0.0,1,40,6,173,0,0
2026-06-22 02:10:59,2026-06-22,02:10:59,0,0,0,0,0,0,0,0.0,0.0,0,0,0,0,0,0,0,0,0,0,0,0,0,0,0.0,2,10,6,173,0,0
2026-06-22 02:20:00,2026-06-22,02:20:00,0,0,0,0,0,0,0,0.0,0.0,0,0,0,0,0,0,0,0,0,0,0,0,0,0,0.0,2,20,6,173,0,0
2026-06-22 02:20:59,2026-06-22,02:20:59,0,0,0,0,0,0,0,0.0,0.0,0,0,0,0,0,0,0,0,0,0,0,0,0,0,0.0,2,20,6,173,0,0
2026-06-22 02:30:00,2026-06-22,02:30:00,0,0,0,0,0,0,0,0.0,0.0,0,0,0,0,0,0,0,0,0,0,0,0,0,0,0.0,2,30,6,173,0,0
2026-06-22 02:40:00,2026-06-22,02:40:00,0,0,0,0,0,0,0,0.0,0.0,0,0,0,0,0,0,0,0,0,0,0,0,0,0,0.0,2,40,6,173,0,0
2026-06-22 02:50:00,2026-06-22,02:50:00,0,0,0,0,0,0,0,0.0,0.0,0,0,0,0,0,0,0,0,0,0,0,0,0,0,0.0,2,50,6,173,0,0
2026-06-22 02:50:59,2026-06-22,02:50:59,0,0,0,0,0,0,0,0.0,0.0,0,0,0,0,0,0,0,0,0,0,0,0,0,0,0.0,2,50,6,173,0,0
2026-06-22 03:00:00,2026-06-22,03:00:00,0,0,0,0,0,0,0,0.0,0.0,0,0,0,0,0,0,0,0,0,0,0,0,0,0,0.0,3,0,6,173,0,0
2026-06-22 03:00:59,2026-06-22,03:00:59,0,0,0,0,0,0,0,0.0,0.0,0,0,0,0,0,0,0,0,0,0,0,0,0,0,0.0,3,0,6,173,0,0
2026-06-22 03:10:00,2026-06-22,03:10:00,0,0,0,0,0,0,0,0.0,0.0,0,0,0,0,0,0,0,0,0,0,0,0,0,0,0.0,3,10,6,173,0,0
2026-06-22 03:20:00,2026-06-22,03:20:00,0,0,0,0,0,0,0,0.0,0.0,0,0,0,0,0,0,0,0,0,0,0,0,0,0,0.0,3,20,6,173,0,0
2026-06-22 03:30:00,2026-06-22,03:30:00,0,0,0,0,0,0,0,0.0,0.0,0,0,0,0,0,0,0,0,0,0,0,0,0,0,0.0,3,30,6,173,0,0
2026-06-22 03:40:00,2026-06-22,03:40:00,0,0,0,0,0,0,0,0.0,0.0,0,0,0,0,0,0,0,0,0,0,0,0,0,0,0.0,3,40,6,173,0,0
2026-06-22 03:50:59,2026-06-22,03:50:59,0,0,0,0,0,0,0,0.0,0.0,0,0,0,0,0,0,0,0,0,0,0,0,0,0,0.0,3,50,6,173,0,0
2026-06-22 04:00:00,2026-06-22,04:00:00,0,0,0,0,0,0,0,0.0,0.0,0,0,0,0,0,0,0,0,0,0,0,0,0,0,0.0,4,0,6,173,0,0
2026-06-22 04:10:00,2026-06-22,04:10:00,0,0,0,0,0,0,0,0.0,0.0,0,0,0,0,0,0,0,0,0,0,0,0,0,0,0.0,4,10,6,173,0,0
2026-06-22 04:20:00,2026-06-22,04:20:00,0,0,0,0,0,0,0,0.0,0.0,0,0,0,0,0,0,0,0,0,0,0,0,0,0,0.0,4,20,6,173,0,0
2026-06-22 04:20:59,2026-06-22,04:20:59,0,0,0,0,0,0,0,0.0,0.0,0,0,0,0,0,0,0,0,0,0,0,0,0,0,0.0,4,20,6,173,0,0
2026-06-22 04:30:00,2026-06-22,04:30:00,0,0,0,0,0,0,0,0.0,0.0,0,0,0,0,0,0,0,0,0,0,0,0,0,0,0.0,4,30,6,173,0,0
2026-06-22 04:40:00,2026-06-22,04:40:00,0,0,0,0,0,0,0,0.0,0.0,0,0,0,0,0,0,0,0,0,0,0,0,0,0,0.0,4,40,6,173,0,0
2026-06-22 04:50:00,2026-06-22,04:50:00,0,0,0,0,0,0,0,0.0,0.0,0,0,0,0,0,0,0,0,0,0,0,0,0,0,0.0,4,50,6,173,0,0
2026-06-22 05:00:00,2026-06-22,05:00:00,1,0,0,0,0,0,0,0.0,0.0,0,0,0,0,0,0,0,0,0,0,0,0,0,0,0.0,5,0,6,173,0,0
2026-06-22 05:10:00,2026-06-22,05:10:00,0,0,0,0,0,0,0,0.0,0.0,0,0,0,0,0,0,0,0,0,0,0,0,0,0,0.0,5,10,6,173,0,0
2026-06-22 05:20:00,2026-06-22,05:20:00,0,0,0,0,0,0,0,0.0,0.0,0,0,0,0,0,0,0,0,0,0,0,0,0,0,0.0,5,20,6,173,0,0
2026-06-22 05:30:00,2026-06-22,05:30:00,3,0,0,0,0,0,0,0.0,0.0,0,0,0,0,0,0,0,0,0,0,0,0,0,0,0.0,5,30,6,173,0,0
2026-06-22 05:40:00,2026-06-22,05:40:00,8,0,0,0,0,0,0,0.0,0.0,0,0,0,0,0,0,0,0,0,0,0,0,0,0,0.0,5,40,6,173,0,0
2026-06-22 05:50:00,2026-06-22,05:50:00,14,0,0,0,0,0,0,0.0,0.0,0,0,0,0,0,0,0,0,0,0,0,0,0,0,0.0,5,50,6,173,0,0
2026-06-22 06:00:00,2026-06-22,06:00:00,22,0,0,0,0,0,0,0.0,0.0,0,0,0,0,0,0,0,0,0,0,0,0,0,0,0.0,6,0,6,173,0,1
2026-06-22 06:00:59,2026-06-22,06:00:59,24,0,0,0,0,0,0,0.0,0.0,0,0,0,0,0,0,0,0,0,0,0,0,0,0,0.0,6,0,6,173,0,1
2026-06-22 06:10:00,2026-06-22,06:10:00,35,0,0,0,0,0,0,0.0,0.0,0,0,0,0,0,0,0,0,1,1,0,0,0,0,2.0,6,10,6,173,0,1
2026-06-22 06:20:00,2026-06-22,06:20:00,50,0,0,0,0,0,0,0.0,0.0,0,0,0,0,3,0,0,1,1,1,0,0,0,0,6.0,6,20,6,173,0,1
2026-06-22 06:30:00,2026-06-22,06:30:00,72,0,0,0,0,0,0,0.0,0.0,0,0,1,1,5,0,1,1,2,2,0,0,0,0,13.0,6,30,6,173,0,1
2026-06-22 06:40:00,2026-06-22,06:40:00,95,0,0,0,0,0,0,0.0,0.0,0,1,2,2,9,0,1,2,3,4,0,0,0,0,24.0,6,40,6,173,0,1
2026-06-22 07:00:00,2026-06-22,07:00:00,139,0,0,0,0,0,0,0.0,0.0,0,1,2,2,14,0,3,4,6,6,1,0,0,0,39.0,7,0,6,173,0,1
2026-06-22 07:10:00,2026-06-22,07:10:00,137,0,0,0,0,0,0,0.0,0.0,0,1,2,2,18,0,3,4,6,7,2,0,0,0,45.0,7,10,6,173,0,1
2026-06-22 07:20:00,2026-06-22,07:20:00,73,0,0,0,0,0,0,0.0,0.0,0,0,0,0,4,0,1,2,3,3,0,0,0,0,13.0,7,20,6,173,0,1
2026-06-22 07:30:00,2026-06-22,07:30:00,58,0,0,0,0,0,0,0.0,0.0,0,1,0,0,4,0,2,2,4,3,0,0,0,0,16.0,7,30,6,173,0,1
2026-06-22 07:40:00,2026-06-22,07:40:00,165,0,0,0,0,0,0,0.0,0.0,0,1,1,1,11,0,3,5,7,7,2,0,0,0,38.0,7,40,6,173,0,1
2026-06-22 07:50:00,2026-06-22,07:50:00,147,0,0,0,0,0,0,0.0,0.0,0,2,2,2,20,0,4,5,8,8,2,0,0,0,53.0,7,50,6,173,0,1
2026-06-22 07:50:59,2026-06-22,07:50:59,139,0,0,0,0,0,0,0.0,0.0,0,1,1,1,11,0,3,4,6,6,1,0,0,0,34.0,7,50,6,173,0,1
2026-06-22 08:00:00,2026-06-22,08:00:00,174,0,0,0,0,0,0,0.0,0.0,1,1,1,1,8,0,3,4,6,6,1,0,0,0,32.0,8,0,6,173,0,1
2026-06-22 08:20:00,2026-06-22,08:20:00,198,0,0,0,0,0,0,0.0,0.0,1,3,2,2,19,0,5,7,9,9,3,0,0,0,60.0,8,20,6,173,0,1
2026-06-22 08:30:00,2026-06-22,08:30:00,308,0,0,0,0,0,0,0.0,0.0,2,5,4,4,0,0,10,13,18,18,6,0,0,0,80.0,8,30,6,173,0,1
2026-06-22 08:40:00,2026-06-22,08:40:00,275,0,0,0,0,0,0,0.0,0.0,1,4,3,3,0,0,7,10,13,12,5,0,0,0,58.0,8,40,6,173,0,1
2026-06-22 08:50:00,2026-06-22,08:50:00,212,0,0,0,0,0,0,0.0,0.0,1,2,1,1,9,0,4,5,8,8,2,0,0,0,41.0,8,50,6,173,0,1
2026-06-22 09:00:00,2026-06-22,09:00:00,267,0,0,0,0,0,0,0.0,0.0,1,2,1,1,12,0,5,7,10,10,2,0,0,0,51.0,9,0,6,173,0,1
2026-06-22 09:10:00,2026-06-22,09:10:00,377,0,0,0,0,0,0,0.0,0.0,2,4,3,3,0,0,13,16,24,23,9,0,0,0,97.0,9,10,6,173,0,1
2026-06-22 09:10:59,2026-06-22,09:10:59,401,0,0,0,0,0,0,0.0,0.0,1,4,2,2,27,0,13,16,24,23,9,0,0,0,121.0,9,10,6,173,0,1
2026-06-22 09:20:00,2026-06-22,09:20:00,357,0,0,0,0,0,0,0.0,0.0,2,5,3,3,0,0,9,11,17,17,6,0,0,0,73.0,9,20,6,173,0,1
2026-06-22 09:30:00,2026-06-22,09:30:00,581,0,0,0,0,0,0,0.0,0.0,3,5,3,3,0,0,11,13,19,19,7,0,0,0,83.0,9,30,6,173,0,1
2026-06-22 09:40:00,2026-06-22,09:40:00,311,0,0,0,0,0,0,0.0,0.0,1,2,1,1,12,0,6,7,11,11,3,0,0,0,55.0,9,40,6,173,0,1
2026-06-22 09:50:00,2026-06-22,09:50:00,291,0,0,0,0,0,0,0.0,0.0,1,2,1,1,11,0,5,7,10,10,3,0,0,0,51.0,9,50,6,173,0,1
2026-06-22 10:00:00,2026-06-22,10:00:00,878,0,0,0,0,0,0,0.0,0.0,3,6,3,3,32,0,16,20,29,29,11,0,0,0,152.0,10,0,6,173,0,1
2026-06-22 10:10:00,2026-06-22,10:10:00,607,0,0,0,0,0,0,0.0,0.0,0,4,2,2,25,0,12,14,21,20,7,0,0,0,107.0,10,10,6,173,0,1
2026-06-22 10:10:59,2026-06-22,10:10:59,626,0,0,0,0,0,0,0.0,0.0,0,4,2,2,21,0,11,14,20,20,7,0,0,0,101.0,10,10,6,173,0,1
2026-06-22 10:30:00,2026-06-22,10:30:00,853,0,0,0,0,0,0,0.0,0.0,4,7,3,3,0,0,15,18,28,28,10,0,0,0,116.0,10,30,6,173,0,1
2026-06-22 10:40:00,2026-06-22,10:40:00,816,0,0,0,0,0,0,0.0,0.0,0,6,2,2,32,0,14,17,26,26,9,0,0,0,134.0,10,40,6,173,0,1
2026-06-22 10:50:00,2026-06-22,10:50:00,819,0,0,0,0,0,0,0.0,0.0,3,6,2,2,32,0,14,17,26,26,10,0,0,0,138.0,10,50,6,173,0,1
2026-06-22 10:50:59,2026-06-22,10:50:59,826,0,0,0,0,0,0,0.0,0.0,3,6,2,2,32,0,15,17,26,26,10,0,0,0,139.0,10,50,6,173,0,1
2026-06-22 11:00:00,2026-06-22,11:00:00,837,0,0,0,0,0,0,0.0,0.0,4,6,2,2,32,0,15,18,27,27,10,0,0,0,143.0,11,0,6,173,0,1
2026-06-22 11:20:00,2026-06-22,11:20:00,878,0,0,0,0,0,0,0.0,0.0,4,6,2,2,32,0,15,18,25,28,10,0,0,0,142.0,11,20,6,173,0,1
2026-06-22 11:40:00,2026-06-22,11:40:00,556,0,0,0,0,0,0,0.0,0.0,2,4,1,1,19,0,10,12,18,17,6,0,0,0,90.0,11,40,6,173,0,1
2026-06-22 11:50:00,2026-06-22,11:50:00,998,0,0,0,0,0,0,0.0,0.0,4,8,2,2,0,0,17,21,25,0,12,0,0,0,91.0,11,50,6,173,0,1
2026-06-22 12:00:00,2026-06-22,12:00:00,1034,0,0,0,0,0,0,0.0,0.0,4,8,2,2,0,0,18,22,23,0,12,0,0,0,91.0,12,0,6,173,0,1
2026-06-22 12:30:00,2026-06-22,12:30:00,687,0,0,0,0,0,0,0.0,0.0,2,4,1,1,19,0,11,15,22,22,7,0,0,0,104.0,12,30,6,173,0,1
2026-06-22 12:30:59,2026-06-22,12:30:59,520,0,0,0,0,0,0,0.0,0.0,2,4,1,1,18,0,9,11,17,17,5,0,0,0,85.0,12,30,6,173,0,1
2026-06-22 12:50:00,2026-06-22,12:50:00,361,0,0,0,0,0,0,0.0,0.0,1,3,1,1,14,0,6,8,12,12,4,0,0,0,62.0,12,50,6,173,0,1
2026-06-22 13:00:00,2026-06-22,13:00:00,368,0,0,0,0,0,0,0.0,0.0,0,3,1,1,14,0,7,8,13,12,3,0,0,0,62.0,13,0,6,173,0,1
2026-06-22 13:10:00,2026-06-22,13:10:00,385,0,0,0,0,0,0,0.0,0.0,0,3,1,1,15,0,7,9,13,13,4,0,0,0,66.0,13,10,6,173,0,1
2026-06-22 13:20:00,2026-06-22,13:20:00,434,0,0,0,0,0,0,0.0,0.0,2,3,1,1,17,0,8,10,15,14,4,0,0,0,75.0,13,20,6,173,0,1
2026-06-22 13:20:59,2026-06-22,13:20:59,437,0,0,0,0,0,0,0.0,0.0,2,3,1,1,17,0,8,10,15,14,5,0,0,0,76.0,13,20,6,173,0,1
2026-06-22 13:30:00,2026-06-22,13:30:00,487,0,0,0,0,0,0,0.0,0.0,2,4,1,1,19,0,9,11,16,16,4,0,0,0,83.0,13,30,6,173,0,1
2026-06-22 13:40:00,2026-06-22,13:40:00,634,0,0,0,0,0,0,0.0,0.0,2,4,1,1,20,0,11,13,20,19,7,0,0,0,98.0,13,40,6,173,0,1
2026-06-22 13:50:00,2026-06-22,13:50:00,1028,0,0,0,0,0,0,0.0,0.0,4,7,2,2,0,0,17,21,31,32,12,0,0,0,128.0,13,50,6,173,0,1
2026-06-22 14:00:00,2026-06-22,14:00:00,897,0,0,0,0,0,0,0.0,0.0,3,6,2,2,0,0,15,18,25,28,10,0,0,0,109.0,14,0,6,173,0,1
2026-06-22 14:10:00,2026-06-22,14:10:00,744,0,0,0,0,0,0,0.0,0.0,3,6,2,2,31,0,14,17,25,25,9,0,0,0,134.0,14,10,6,173,0,1
2026-06-22 14:20:00,2026-06-22,14:20:00,836,0,0,0,0,0,0,0.0,0.0,3,6,2,2,32,0,14,17,24,26,9,0,0,0,135.0,14,20,6,173,0,1
2026-06-22 14:30:00,2026-06-22,14:30:00,809,0,0,0,0,0,0,0.0,0.0,0,6,2,2,32,0,14,16,23,25,9,0,0,0,129.0,14,30,6,173,0,1
2026-06-22 14:40:00,2026-06-22,14:40:00,777,0,0,0,0,0,0,0.0,0.0,3,5,2,2,31,0,13,16,24,24,8,0,0,0,128.0,14,40,6,173,0,1
2026-06-22 14:50:00,2026-06-22,14:50:00,760,0,0,0,0,0,0,0.0,0.0,0,0,0,0,0,0,0,0,0,0,0,0,0,0,0.0,14,50,6,173,0,1
2026-06-22 15:00:00,2026-06-22,15:00:00,733,0,0,0,0,0,0,0.0,0.0,2,1,2,2,30,0,12,14,23,22,7,0,0,0,115.0,15,0,6,173,0,1
2026-06-22 15:10:00,2026-06-22,15:10:00,702,0,0,0,0,0,0,0.0,0.0,2,4,2,2,30,0,11,14,22,21,7,0,0,0,115.0,15,10,6,173,0,1
2026-06-22 15:10:59,2026-06-22,15:10:59,699,0,0,0,0,0,0,0.0,0.0,0,3,2,2,31,0,11,14,22,21,7,0,0,0,113.0,15,10,6,173,0,1
2026-06-22 15:20:00,2026-06-22,15:20:00,666,0,0,0,0,0,0,0.0,0.0,0,0,0,0,0,0,0,0,0,0,0,0,0,0,0.0,15,20,6,173,0,1
2026-06-22 15:20:59,2026-06-22,15:20:59,662,0,0,0,0,0,0,0.0,0.0,0,0,0,0,0,0,0,0,0,0,0,0,0,0,0.0,15,20,6,173,0,1
2026-06-22 15:30:00,2026-06-22,15:30:00,630,0,0,0,0,0,0,0.0,0.0,2,4,2,2,28,0,10,12,20,19,6,0,0,0,105.0,15,30,6,173,0,1
2026-06-22 15:40:00,2026-06-22,15:40:00,587,0,0,0,0,0,0,0.0,0.0,2,4,2,2,28,0,9,11,18,17,6,0,0,0,99.0,15,40,6,173,0,1
2026-06-22 15:50:00,2026-06-22,15:50:00,561,0,0,0,0,0,0,0.0,0.0,2,4,2,2,27,0,9,11,17,17,6,0,0,0,97.0,15,50,6,173,0,1
2026-06-22 16:00:00,2026-06-22,16:00:00,542,0,0,0,0,0,0,0.0,0.0,2,3,2,2,27,0,9,11,17,16,5,0,0,0,94.0,16,0,6,173,0,1
2026-06-22 16:10:00,2026-06-22,16:10:00,485,0,0,0,0,0,0,0.0,0.0,0,3,2,2,26,0,8,10,15,14,5,0,0,0,85.0,16,10,6,173,0,1
2026-06-22 16:20:00,2026-06-22,16:20:00,489,0,0,0,0,0,0,0.0,0.0,1,3,2,2,27,0,8,10,16,15,5,0,0,0,89.0,16,20,6,173,0,1
2026-06-22 16:30:00,2026-06-22,16:30:00,434,0,0,0,0,0,0,0.0,0.0,1,3,2,2,26,0,7,8,13,13,3,0,0,0,78.0,16,30,6,173,0,1
2026-06-22 16:30:59,2026-06-22,16:30:59,430,0,0,0,0,0,0,0.0,0.0,1,3,2,2,25,0,7,8,13,12,3,0,0,0,76.0,16,30,6,173,0,1
2026-06-22 16:40:00,2026-06-22,16:40:00,394,0,0,0,0,0,0,0.0,0.0,1,2,2,2,24,0,6,8,12,11,4,0,0,0,72.0,16,40,6,173,0,1
2026-06-22 16:50:00,2026-06-22,16:50:00,350,0,0,0,0,0,0,0.0,0.0,0,2,2,2,23,0,5,7,10,10,2,0,0,0,63.0,16,50,6,173,0,1
2026-06-22 17:00:00,2026-06-22,17:00:00,318,0,0,0,0,0,0,0.0,0.0,0,2,2,2,22,0,5,6,9,9,2,0,0,0,59.0,17,0,6,173,0,1
2026-06-22 17:10:00,2026-06-22,17:10:00,285,0,0,0,0,0,0,0.0,0.0,0,1,2,2,20,0,4,5,8,8,2,0,0,0,52.0,17,10,6,173,0,1
2026-06-22 17:20:00,2026-06-22,17:20:00,252,0,0,0,0,0,0,0.0,0.0,0,1,1,1,18,0,3,4,7,7,1,0,0,0,43.0,17,20,6,173,0,1
2026-06-22 17:30:00,2026-06-22,17:30:00,213,0,0,0,0,0,0,0.0,0.0,0,1,2,2,15,0,2,3,6,5,1,0,0,0,37.0,17,30,6,173,0,1
2026-06-22 17:40:00,2026-06-22,17:40:00,188,0,0,0,0,0,0,0.0,0.0,0,1,1,1,13,0,2,3,5,4,1,0,0,0,31.0,17,40,6,173,0,1
2026-06-22 17:40:59,2026-06-22,17:40:59,179,0,0,0,0,0,0,0.0,0.0,0,1,1,1,12,0,2,3,5,4,1,0,0,0,30.0,17,40,6,173,0,1
2026-06-22 17:50:00,2026-06-22,17:50:00,157,0,0,0,0,0,0,0.0,0.0,0,0,0,0,10,0,1,2,4,3,0,0,0,0,20.0,17,50,6,173,0,1
2026-06-22 18:00:00,2026-06-22,18:00:00,41,0,0,0,0,0,0,0.0,0.0,0,0,0,0,1,0,0,0,1,1,0,0,0,0,3.0,18,0,6,173,0,1
2026-06-22 18:00:59,2026-06-22,18:00:59,37,0,0,0,0,0,0,0.0,0.0,0,0,0,0,1,0,0,0,1,1,0,0,0,0,3.0,18,0,6,173,0,1
2026-06-22 18:10:00,2026-06-22,18:10:00,32,0,0,0,0,0,0,0.0,0.0,0,0,0,0,1,0,0,0,0,0,0,0,0,0,1.0,18,10,6,173,0,1
2026-06-22 18:10:59,2026-06-22,18:10:59,34,0,0,0,0,0,0,0.0,0.0,0,0,0,0,1,0,0,0,0,0,0,0,0,0,1.0,18,10,6,173,0,1
2026-06-22 18:30:00,2026-06-22,18:30:00,38,0,0,0,0,0,0,0.0,0.0,0,0,0,0,1,0,0,0,1,0,0,0,0,0,2.0,18,30,6,173,0,1
2026-06-22 18:40:00,2026-06-22,18:40:00,35,0,0,0,0,0,0,0.0,0.0,0,0,0,0,1,0,0,0,1,0,0,0,0,0,2.0,18,40,6,173,0,1
2026-06-22 19:00:00,2026-06-22,19:00:00,8,0,0,0,0,0,0,0.0,0.0,0,0,0,0,0,0,0,0,0,0,0,0,0,0,0.0,19,0,6,173,0,0
2026-06-22 19:10:00,2026-06-22,19:10:00,2,0,0,0,0,0,0,0.0,0.0,0,0,0,0,0,0,0,0,0,0,0,0,0,0,0.0,19,10,6,173,0,0
2026-06-22 19:20:00,2026-06-22,19:20:00,0,0,0,0,0,0,0,0.0,0.0,0,0,0,0,0,0,0,0,0,0,0,0,0,0,0.0,19,20,6,173,0,0
2026-06-22 19:40:00,2026-06-22,19:40:00,0,0,0,0,0,0,0,0.0,0.0,0,0,0,0,0,0,0,0,0,0,0,0,0,0,0.0,19,40,6,173,0,0
2026-06-22 19:50:00,2026-06-22,19:50:00,0,0,0,0,0,0,0,0.0,0.0,0,0,0,0,0,0,0,0,0,0,0,0,0,0,0.0,19,50,6,173,0,0
2026-06-22 20:00:00,2026-06-22,20:00:00,0,0,0,0,0,0,0,0.0,0.0,0,0,0,0,0,0,0,0,0,0,0,0,0,0,0.0,20,0,6,173,0,0
2026-06-22 20:10:00,2026-06-22,20:10:00,0,0,0,0,0,0,0,0.0,0.0,0,0,0,0,0,0,0,0,0,0,0,0,0,0,0.0,20,10,6,173,0,0
2026-06-22 20:20:00,2026-06-22,20:20:00,0,0,0,0,0,0,0,0.0,0.0,0,0,0,0,0,0,0,0,0,0,0,0,0,0,0.0,20,20,6,173,0,0
2026-06-22 20:30:00,2026-06-22,20:30:00,0,0,0,0,0,0,0,0.0,0.0,0,0,0,0,0,0,0,0,0,0,0,0,0,0,0.0,20,30,6,173,0,0
2026-06-22 20:40:00,2026-06-22,20:40:00,0,0,0,0,0,0,0,0.0,0.0,0,0,0,0,0,0,0,0,0,0,0,0,0,0,0.0,20,40,6,173,0,0
2026-06-22 20:50:00,2026-06-22,20:50:00,0,0,0,0,0,0,0,0.0,0.0,0,0,0,0,0,0,0,0,0,0,0,0,0,0,0.0,20,50,6,173,0,0
2026-06-22 21:00:59,2026-06-22,21:00:59,0,0,0,0,0,0,0,0.0,0.0,0,0,0,0,0,0,0,0,0,0,0,0,0,0,0.0,21,0,6,173,0,0
2026-06-22 21:10:00,2026-06-22,21:10:00,0,0,0,0,0,0,0,0.0,0.0,0,0,0,0,0,0,0,0,0,0,0,0,0,0,0.0,21,10,6,173,0,0
2026-06-22 21:20:00,2026-06-22,21:20:00,0,0,0,0,0,0,0,0.0,0.0,0,0,0,0,0,0,0,0,0,0,0,0,0,0,0.0,21,20,6,173,0,0
2026-06-22 21:20:59,2026-06-22,21:20:59,0,0,0,0,0,0,0,0.0,0.0,0,0,0,0,0,0,0,0,0,0,0,0,0,0,0.0,21,20,6,173,0,0
2026-06-22 21:30:00,2026-06-22,21:30:00,0,0,0,0,0,0,0,0.0,0.0,0,0,0,0,0,0,0,0,0,0,0,0,0,0,0.0,21,30,6,173,0,0
2026-06-22 21:40:00,2026-06-22,21:40:00,0,0,0,0,0,0,0,0.0,0.0,0,0,0,0,0,0,0,0,0,0,0,0,0,0,0.0,21,40,6,173,0,0
2026-06-22 21:50:00,2026-06-22,21:50:00,0,0,0,0,0,0,0,0.0,0.0,0,0,0,0,0,0,0,0,0,0,0,0,0,0,0.0,21,50,6,173,0,0
2026-06-22 22:00:00,2026-06-22,22:00:00,0,0,0,0,0,0,0,0.0,0.0,0,0,0,0,0,0,0,0,0,0,0,0,0,0,0.0,22,0,6,173,0,0
2026-06-22 22:20:00,2026-06-22,22:20:00,0,0,0,0,0,0,0,0.0,0.0,0,0,0,0,0,0,0,0,0,0,0,0,0,0,0.0,22,20,6,173,0,0
2026-06-22 22:30:00,2026-06-22,22:30:00,0,0,0,0,0,0,0,0.0,0.0,0,0,0,0,0,0,0,0,0,0,0,0,0,0,0.0,22,30,6,173,0,0
2026-06-22 22:40:00,2026-06-22,22:40:00,0,0,0,0,0,0,0,0.0,0.0,0,0,0,0,0,0,0,0,0,0,0,0,0,0,0.0,22,40,6,173,0,0
2026-06-22 22:50:00,2026-06-22,22:50:00,0,0,0,0,0,0,0,0.0,0.0,0,0,0,0,0,0,0,0,0,0,0,0,0,0,0.0,22,50,6,173,0,0
2026-06-22 23:00:00,2026-06-22,23:00:00,0,0,0,0,0,0,0,0.0,0.0,0,0,0,0,0,0,0,0,0,0,0,0,0,0,0.0,23,0,6,173,0,0
2026-06-22 23:10:00,2026-06-22,23:10:00,0,0,0,0,0,0,0,0.0,0.0,0,0,0,0,0,0,0,0,0,0,0,0,0,0,0.0,23,10,6,173,0,0
2026-06-22 23:30:00,2026-06-22,23:30:00,0,0,0,0,0,0,0,0.0,0.0,0,0,0,0,0,0,0,0,0,0,0,0,0,0,0.0,23,30,6,173,0,0
2026-06-22 23:40:00,2026-06-22,23:40:00,0,0,0,0,0,0,0,0.0,0.0,0,0,0,0,0,0,0,0,0,0,0,0,0,0,0.0,23,40,6,173,0,0
2026-06-22 23:50:00,2026-06-22,23:50:00,0,0,0,0,0,0,0,0.0,0.0,0,0,0,0,0,0,0,0,0,0,0,0,0,0,0.0,23,50,6,173,0,0
2026-06-23 00:00:00,2026-06-23,00:00:00,0,0,0,0,0,0,0,0.0,0.0,0,0,0,0,0,0,0,0,0,0,0,0,0,0,0.0,0,0,6,174,1,0
2026-06-23 00:10:00,2026-06-23,00:10:00,0,0,0,0,0,0,0,0.0,0.0,0,0,0,0,0,0,0,0,0,0,0,0,0,0,0.0,0,10,6,174,1,0
2026-06-23 00:20:00,2026-06-23,00:20:00,0,0,0,0,0,0,0,0.0,0.0,0,0,0,0,0,0,0,0,0,0,0,0,0,0,0.0,0,20,6,174,1,0
2026-06-23 00:30:00,2026-06-23,00:30:00,0,0,0,0,0,0,0,0.0,0.0,0,0,0,0,0,0,0,0,0,0,0,0,0,0,0.0,0,30,6,174,1,0
2026-06-23 00:40:00,2026-06-23,00:40:00,0,0,0,0,0,0,0,0.0,0.0,0,0,0,0,0,0,0,0,0,0,0,0,0,0,0.0,0,40,6,174,1,0
2026-06-23 00:50:00,2026-06-23,00:50:00,0,0,0,0,0,0,0,0.0,0.0,0,0,0,0,0,0,0,0,0,0,0,0,0,0,0.0,0,50,6,174,1,0
2026-06-23 00:50:59,2026-06-23,00:50:59,0,0,0,0,0,0,0,0.0,0.0,0,0,0,0,0,0,0,0,0,0,0,0,0,0,0.0,0,50,6,174,1,0
2026-06-23 01:00:00,2026-06-23,01:00:00,0,0,0,0,0,0,0,0.0,0.0,0,0,0,0,0,0,0,0,0,0,0,0,0,0,0.0,1,0,6,174,1,0
2026-06-23 01:10:00,2026-06-23,01:10:00,0,0,0,0,0,0,0,0.0,0.0,0,0,0,0,0,0,0,0,0,0,0,0,0,0,0.0,1,10,6,174,1,0
2026-06-23 01:20:00,2026-06-23,01:20:00,0,0,0,0,0,0,0,0.0,0.0,0,0,0,0,0,0,0,0,0,0,0,0,0,0,0.0,1,20,6,174,1,0
2026-06-23 01:30:00,2026-06-23,01:30:00,0,0,0,0,0,0,0,0.0,0.0,0,0,0,0,0,0,0,0,0,0,0,0,0,0,0.0,1,30,6,174,1,0
2026-06-23 01:40:00,2026-06-23,01:40:00,0,0,0,0,0,0,0,0.0,0.0,0,0,0,0,0,0,0,0,0,0,0,0,0,0,0.0,1,40,6,174,1,0
2026-06-23 01:40:59,2026-06-23,01:40:59,0,0,0,0,0,0,0,0.0,0.0,0,0,0,0,0,0,0,0,0,0,0,0,0,0,0.0,1,40,6,174,1,0
2026-06-23 02:00:00,2026-06-23,02:00:00,0,0,0,0,0,0,0,0.0,0.0,0,0,0,0,0,0,0,0,0,0,0,0,0,0,0.0,2,0,6,174,1,0
2026-06-23 02:10:00,2026-06-23,02:10:00,0,0,0,0,0,0,0,0.0,0.0,0,0,0,0,0,0,0,0,0,0,0,0,0,0,0.0,2,10,6,174,1,0
2026-06-23 02:10:59,2026-06-23,02:10:59,0,0,0,0,0,0,0,0.0,0.0,0,0,0,0,0,0,0,0,0,0,0,0,0,0,0.0,2,10,6,174,1,0
2026-06-23 02:20:00,2026-06-23,02:20:00,0,0,0,0,0,0,0,0.0,0.0,0,0,0,0,0,0,0,0,0,0,0,0,0,0,0.0,2,20,6,174,1,0
2026-06-23 02:30:00,2026-06-23,02:30:00,0,0,0,0,0,0,0,0.0,0.0,0,0,0,0,0,0,0,0,0,0,0,0,0,0,0.0,2,30,6,174,1,0
2026-06-23 02:30:59,2026-06-23,02:30:59,0,0,0,0,0,0,0,0.0,0.0,0,0,0,0,0,0,0,0,0,0,0,0,0,0,0.0,2,30,6,174,1,0
2026-06-23 02:40:00,2026-06-23,02:40:00,0,0,0,0,0,0,0,0.0,0.0,0,0,0,0,0,0,0,0,0,0,0,0,0,0,0.0,2,40,6,174,1,0
2026-06-23 02:50:00,2026-06-23,02:50:00,0,0,0,0,0,0,0,0.0,0.0,0,0,0,0,0,0,0,0,0,0,0,0,0,0,0.0,2,50,6,174,1,0
2026-06-23 02:50:59,2026-06-23,02:50:59,0,0,0,0,0,0,0,0.0,0.0,0,0,0,0,0,0,0,0,0,0,0,0,0,0,0.0,2,50,6,174,1,0
2026-06-23 03:00:00,2026-06-23,03:00:00,0,0,0,0,0,0,0,0.0,0.0,0,0,0,0,0,0,0,0,0,0,0,0,0,0,0.0,3,0,6,174,1,0
2026-06-23 03:10:00,2026-06-23,03:10:00,0,0,0,0,0,0,0,0.0,0.0,0,0,0,0,0,0,0,0,0,0,0,0,0,0,0.0,3,10,6,174,1,0
2026-06-23 03:30:00,2026-06-23,03:30:00,0,0,0,0,0,0,0,0.0,0.0,0,0,0,0,0,0,0,0,0,0,0,0,0,0,0.0,3,30,6,174,1,0
2026-06-23 03:40:00,2026-06-23,03:40:00,0,0,0,0,0,0,0,0.0,0.0,0,0,0,0,0,0,0,0,0,0,0,0,0,0,0.0,3,40,6,174,1,0
2026-06-23 03:50:00,2026-06-23,03:50:00,0,0,0,0,0,0,0,0.0,0.0,0,0,0,0,0,0,0,0,0,0,0,0,0,0,0.0,3,50,6,174,1,0
2026-06-23 04:00:00,2026-06-23,04:00:00,0,0,0,0,0,0,0,0.0,0.0,0,0,0,0,0,0,0,0,0,0,0,0,0,0,0.0,4,0,6,174,1,0
2026-06-23 04:10:00,2026-06-23,04:10:00,0,0,0,0,0,0,0,0.0,0.0,0,0,0,0,0,0,0,0,0,0,0,0,0,0,0.0,4,10,6,174,1,0
2026-06-23 04:20:00,2026-06-23,04:20:00,0,0,0,0,0,0,0,0.0,0.0,0,0,0,0,0,0,0,0,0,0,0,0,0,0,0.0,4,20,6,174,1,0
2026-06-23 04:30:00,2026-06-23,04:30:00,0,0,0,0,0,0,0,0.0,0.0,0,0,0,0,0,0,0,0,0,0,0,0,0,0,0.0,4,30,6,174,1,0
2026-06-23 04:40:00,2026-06-23,04:40:00,0,0,0,0,0,0,0,0.0,0.0,0,0,0,0,0,0,0,0,0,0,0,0,0,0,0.0,4,40,6,174,1,0
2026-06-23 04:50:00,2026-06-23,04:50:00,0,0,0,0,0,0,0,0.0,0.0,0,0,0,0,0,0,0,0,0,0,0,0,0,0,0.0,4,50,6,174,1,0
2026-06-23 05:00:00,2026-06-23,05:00:00,0,0,0,0,0,0,0,0.0,0.0,0,0,0,0,0,0,0,0,0,0,0,0,0,0,0.0,5,0,6,174,1,0
2026-06-23 05:10:00,2026-06-23,05:10:00,0,0,0,0,0,0,0,0.0,0.0,0,0,0,0,0,0,0,0,0,0,0,0,0,0,0.0,5,10,6,174,1,0
2026-06-23 05:10:59,2026-06-23,05:10:59,0,0,0,0,0,0,0,0.0,0.0,0,0,0,0,0,0,0,0,0,0,0,0,0,0,0.0,5,10,6,174,1,0
2026-06-23 05:20:00,2026-06-23,05:20:00,0,0,0,0,0,0,0,0.0,0.0,0,0,0,0,0,0,0,0,0,0,0,0,0,0,0.0,5,20,6,174,1,0
2026-06-23 05:30:00,2026-06-23,05:30:00,2,0,0,0,0,0,0,0.0,0.0,0,0,0,0,0,0,0,0,0,0,0,0,0,0,0.0,5,30,6,174,1,0
2026-06-23 05:50:00,2026-06-23,05:50:00,14,0,0,0,0,0,0,0.0,0.0,0,0,0,0,0,0,0,0,0,0,0,0,0,0,0.0,5,50,6,174,1,0
2026-06-23 06:00:00,2026-06-23,06:00:00,20,0,0,0,0,0,0,0.0,0.0,0,0,0,0,0,0,0,0,0,0,0,0,0,0,0.0,6,0,6,174,1,1
2026-06-23 06:10:00,2026-06-23,06:10:00,28,0,0,0,0,0,0,0.0,0.0,0,0,0,0,0,0,0,0,0,0,0,0,0,0,0.0,6,10,6,174,1,1
2026-06-23 06:20:00,2026-06-23,06:20:00,35,0,0,0,0,0,0,0.0,0.0,0,0,0,0,3,0,0,0,1,1,0,0,0,0,5.0,6,20,6,174,1,1
2026-06-23 06:30:00,2026-06-23,06:30:00,41,0,0,0,0,0,0,0.0,0.0,0,0,1,1,4,0,0,1,1,1,0,0,0,0,9.0,6,30,6,174,1,1
2026-06-23 06:40:00,2026-06-23,06:40:00,49,0,0,0,0,0,0,0.0,0.0,0,0,1,1,6,0,0,1,1,2,0,0,0,0,12.0,6,40,6,174,1,1
2026-06-23 06:50:00,2026-06-23,06:50:00,58,0,0,0,0,0,0,0.0,0.0,0,0,1,1,8,0,1,1,2,2,0,0,0,0,16.0,6,50,6,174,1,1
2026-06-23 07:00:00,2026-06-23,07:00:00,63,0,0,0,0,0,0,0.0,0.0,0,0,2,2,10,0,1,2,3,3,0,0,0,0,23.0,7,0,6,174,1,1
2026-06-23 07:00:59,2026-06-23,07:00:59,63,0,0,0,0,0,0,0.0,0.0,0,0,2,2,10,0,1,2,3,3,0,0,0,0,23.0,7,0,6,174,1,1
2026-06-23 07:10:00,2026-06-23,07:10:00,72,0,0,0,0,0,0,0.0,0.0,0,1,2,2,13,0,1,2,3,4,0,0,0,0,28.0,7,10,6,174,1,1
2026-06-23 07:30:00,2026-06-23,07:30:00,79,0,0,0,0,0,0,0.0,0.0,0,1,2,2,18,0,2,4,5,5,1,0,0,0,40.0,7,30,6,174,1,1
2026-06-23 07:30:59,2026-06-23,07:30:59,80,0,0,0,0,0,0,0.0,0.0,0,1,2,2,18,0,2,4,5,5,1,0,0,0,40.0,7,30,6,174,1,1
2026-06-23 07:40:00,2026-06-23,07:40:00,89,0,0,0,0,0,0,0.0,0.0,0,1,2,2,20,0,3,4,6,6,2,0,0,0,46.0,7,40,6,174,1,1
2026-06-23 07:50:00,2026-06-23,07:50:00,89,0,0,0,0,0,0,0.0,0.0,0,2,2,2,21,0,3,5,7,7,2,0,0,0,51.0,7,50,6,174,1,1
2026-06-23 08:00:00,2026-06-23,08:00:00,97,0,0,0,0,0,0,0.0,0.0,0,2,3,3,23,0,4,6,9,8,2,0,0,0,60.0,8,0,6,174,1,1
2026-06-23 08:10:00,2026-06-23,08:10:00,105,0,0,0,0,0,0,0.0,0.0,1,2,3,3,23,0,4,7,10,9,3,0,0,0,65.0,8,10,6,174,1,1
2026-06-23 08:20:00,2026-06-23,08:20:00,124,0,0,0,0,0,0,0.0,0.0,1,3,3,3,24,0,5,8,11,11,3,0,0,0,72.0,8,20,6,174,1,1
2026-06-23 08:30:00,2026-06-23,08:30:00,119,0,0,0,0,0,0,0.0,0.0,1,3,3,3,25,0,6,8,12,11,3,0,0,0,75.0,8,30,6,174,1,1
2026-06-23 08:40:00,2026-06-23,08:40:00,147,0,0,0,0,0,0,0.0,0.0,0,3,3,3,26,0,6,9,13,12,4,0,0,0,79.0,8,40,6,174,1,1
2026-06-23 08:50:00,2026-06-23,08:50:00,180,0,0,0,0,0,0,0.0,0.0,1,3,3,3,28,0,7,9,13,13,5,0,0,0,85.0,8,50,6,174,1,1
2026-06-23 09:00:00,2026-06-23,09:00:00,170,0,0,0,0,0,0,0.0,0.0,1,4,3,3,26,0,8,11,15,15,5,0,0,0,91.0,9,0,6,174,1,1
2026-06-23 09:00:59,2026-06-23,09:00:59,175,0,0,0,0,0,0,0.0,0.0,1,3,2,2,26,0,8,11,15,15,5,0,0,0,88.0,9,0,6,174,1,1
2026-06-23 09:10:00,2026-06-23,09:10:00,235,0,0,0,0,0,0,0.0,0.0,1,4,3,3,27,0,9,11,16,16,6,0,0,0,96.0,9,10,6,174,1,1
2026-06-23 09:20:00,2026-06-23,09:20:00,206,0,0,0,0,0,0,0.0,0.0,1,4,3,3,28,0,10,12,17,17,6,0,0,0,101.0,9,20,6,174,1,1
2026-06-23 09:30:00,2026-06-23,09:30:00,500,0,0,0,0,0,0,0.0,0.0,2,4,3,3,28,0,10,13,18,18,6,0,0,0,105.0,9,30,6,174,1,1
2026-06-23 09:40:00,2026-06-23,09:40:00,573,0,0,0,0,0,0,0.0,0.0,2,4,2,2,28,0,11,13,19,19,7,0,0,0,107.0,9,40,6,174,1,1
2026-06-23 09:50:00,2026-06-23,09:50:00,612,0,0,0,0,0,0,0.0,0.0,3,5,2,2,29,0,11,13,20,19,7,0,0,0,111.0,9,50,6,174,1,1
2026-06-23 10:00:00,2026-06-23,10:00:00,430,0,0,0,0,0,0,0.0,0.0,3,5,2,2,27,0,11,14,21,20,7,0,0,0,112.0,10,0,6,174,1,1
2026-06-23 10:00:59,2026-06-23,10:00:59,486,0,0,0,0,0,0,0.0,0.0,3,5,2,2,29,0,11,14,21,20,7,0,0,0,114.0,10,0,6,174,1,1
2026-06-23 10:10:00,2026-06-23,10:10:00,575,0,0,0,0,0,0,0.0,0.0,3,5,2,2,28,0,12,14,21,21,7,0,0,0,115.0,10,10,6,174,1,1
2026-06-23 10:20:00,2026-06-23,10:20:00,709,0,0,0,0,0,0,0.0,0.0,3,5,2,2,30,0,13,15,23,22,8,0,0,0,123.0,10,20,6,174,1,1
2026-06-23 10:20:59,2026-06-23,10:20:59,714,0,0,0,0,0,0,0.0,0.0,0,5,2,2,32,0,13,15,23,23,8,0,0,0,123.0,10,20,6,174,1,1
2026-06-23 10:30:00,2026-06-23,10:30:00,742,0,0,0,0,0,0,0.0,0.0,3,5,2,2,31,0,13,16,24,24,8,0,0,0,128.0,10,30,6,174,1,1
2026-06-23 10:30:59,2026-06-23,10:30:59,724,0,0,0,0,0,0,0.0,0.0,3,5,2,2,31,0,13,15,24,23,8,0,0,0,126.0,10,30,6,174,1,1
2026-06-23 10:40:00,2026-06-23,10:40:00,744,0,0,0,0,0,0,0.0,0.0,3,6,2,2,31,0,13,16,24,24,8,0,0,0,129.0,10,40,6,174,1,1
2026-06-23 10:50:00,2026-06-23,10:50:00,776,0,0,0,0,0,0,0.0,0.0,3,6,2,2,30,0,14,16,23,25,9,0,0,0,130.0,10,50,6,174,1,1
2026-06-23 11:00:00,2026-06-23,11:00:00,811,0,0,0,0,0,0,0.0,0.0,3,6,2,2,31,0,14,17,23,26,9,0,0,0,133.0,11,0,6,174,1,1
2026-06-23 11:10:00,2026-06-23,11:10:00,795,0,0,0,0,0,0,0.0,0.0,3,6,2,2,30,0,14,16,22,25,9,0,0,0,129.0,11,10,6,174,1,1
2026-06-23 11:10:59,2026-06-23,11:10:59,797,0,0,0,0,0,0,0.0,0.0,3,6,2,2,31,0,14,16,22,25,9,0,0,0,130.0,11,10,6,174,1,1
2026-06-23 11:20:00,2026-06-23,11:20:00,827,0,0,0,0,0,0,0.0,0.0,3,6,1,1,31,0,15,17,22,26,9,0,0,0,131.0,11,20,6,174,1,1
2026-06-23 11:30:00,2026-06-23,11:30:00,861,0,0,0,0,0,0,0.0,0.0,0,6,1,1,29,0,15,18,26,27,8,0,0,0,131.0,11,30,6,174,1,1
2026-06-23 11:40:00,2026-06-23,11:40:00,870,0,0,0,0,0,0,0.0,0.0,4,6,1,1,32,0,15,18,22,27,10,0,0,0,136.0,11,40,6,174,1,1
2026-06-23 12:00:00,2026-06-23,12:00:00,879,0,0,0,0,0,0,0.0,0.0,4,6,1,1,32,0,15,18,22,28,10,0,0,0,137.0,12,0,6,174,1,1
2026-06-23 12:10:00,2026-06-23,12:10:00,901,0,0,0,0,0,0,0.0,0.0,4,6,1,1,32,0,15,18,22,28,10,0,0,0,137.0,12,10,6,174,1,1
2026-06-23 12:20:00,2026-06-23,12:20:00,936,0,0,0,0,0,0,0.0,0.0,0,7,1,1,0,0,16,19,23,29,11,0,0,0,107.0,12,20,6,174,1,1
2026-06-23 12:30:00,2026-06-23,12:30:00,906,0,0,0,0,0,0,0.0,0.0,4,6,1,1,32,0,15,18,21,28,10,0,0,0,136.0,12,30,6,174,1,1
2026-06-23 12:40:00,2026-06-23,12:40:00,907,0,0,0,0,0,0,0.0,0.0,4,6,1,1,32,0,15,18,22,28,10,0,0,0,137.0,12,40,6,174,1,1
2026-06-23 13:00:00,2026-06-23,13:00:00,864,0,0,0,0,0,0,0.0,0.0,0,1,0,0,7,0,15,17,21,27,10,0,0,0,98.0,13,0,6,174,1,1
2026-06-23 13:10:00,2026-06-23,13:10:00,921,0,0,0,0,0,0,0.0,0.0,4,7,1,1,0,0,16,18,23,28,10,0,0,0,108.0,13,10,6,174,1,1
2026-06-23 13:30:00,2026-06-23,13:30:00,872,0,0,0,0,0,0,0.0,0.0,3,6,1,1,32,0,15,18,21,27,10,0,0,0,134.0,13,30,6,174,1,1
2026-06-23 13:40:00,2026-06-23,13:40:00,875,0,0,0,0,0,0,0.0,0.0,3,6,1,1,32,0,15,17,21,27,9,0,0,0,132.0,13,40,6,174,1,1
2026-06-23 13:50:00,2026-06-23,13:50:00,792,0,0,0,0,0,0,0.0,0.0,3,4,1,1,28,0,13,15,20,24,8,0,0,0,117.0,13,50,6,174,1,1
2026-06-23 14:10:00,2026-06-23,14:10:00,812,0,0,0,0,0,0,0.0,0.0,3,6,2,2,0,0,14,16,24,25,9,0,0,0,101.0,14,10,6,174,1,1
2026-06-23 14:20:00,2026-06-23,14:20:00,823,0,0,0,0,0,0,0.0,0.0,3,6,2,2,31,0,14,16,22,25,9,0,0,0,130.0,14,20,6,174,1,1
2026-06-23 14:30:00,2026-06-23,14:30:00,112,0,0,0,0,0,0,0.0,0.0,0,0,0,0,3,0,1,2,3,3,0,0,0,0,12.0,14,30,6,174,1,1
2026-06-23 14:40:00,2026-06-23,14:40:00,332,0,0,0,0,0,0,0.0,0.0,1,2,1,1,12,0,6,7,12,11,3,0,0,0,56.0,14,40,6,174,1,1
2026-06-23 14:50:00,2026-06-23,14:50:00,167,0,0,0,0,0,0,0.0,0.0,0,1,0,0,5,0,3,4,6,5,1,0,0,0,25.0,14,50,6,174,1,1
2026-06-23 15:10:00,2026-06-23,15:10:00,91,0,0,0,0,0,0,0.0,0.0,0,1,0,0,3,0,1,2,3,3,0,0,0,0,13.0,15,10,6,174,1,1
2026-06-23 15:20:00,2026-06-23,15:20:00,115,0,0,0,0,0,0,0.0,0.0,0,1,0,0,4,0,2,2,4,4,0,0,0,0,17.0,15,20,6,174,1,1
2026-06-23 15:30:00,2026-06-23,15:30:00,138,0,0,0,0,0,0,0.0,0.0,0,1,0,0,5,0,3,3,5,5,1,0,0,0,23.0,15,30,6,174,1,1
2026-06-23 15:40:00,2026-06-23,15:40:00,135,0,0,0,0,0,0,0.0,0.0,0,1,0,0,3,0,2,3,5,4,1,0,0,0,19.0,15,40,6,174,1,1
2026-06-23 15:50:00,2026-06-23,15:50:00,94,0,0,0,0,0,0,0.0,0.0,0,0,0,0,2,0,1,2,3,3,0,0,0,0,11.0,15,50,6,174,1,1
2026-06-23 16:00:00,2026-06-23,16:00:00,76,0,0,0,0,0,0,0.0,0.0,0,0,0,0,2,0,1,1,2,2,0,0,0,0,8.0,16,0,6,174,1,1
2026-06-23 16:00:59,2026-06-23,16:00:59,74,0,0,0,0,0,0,0.0,0.0,0,0,0,0,2,0,1,1,2,2,0,0,0,0,8.0,16,0,6,174,1,1
2026-06-23 16:10:00,2026-06-23,16:10:00,56,0,0,0,0,0,0,0.0,0.0,0,0,0,0,1,0,0,1,1,1,0,0,0,0,4.0,16,10,6,174,1,1
2026-06-23 16:20:00,2026-06-23,16:20:00,57,0,0,0,0,0,0,0.0,0.0,0,0,0,0,1,0,0,1,1,1,0,0,0,0,4.0,16,20,6,174,1,1
2026-06-23 16:30:00,2026-06-23,16:30:00,30,0,0,0,0,0,0,0.0,0.0,0,0,0,0,1,0,0,1,1,1,0,0,0,0,4.0,16,30,6,174,1,1
2026-06-23 16:40:59,2026-06-23,16:40:59,56,0,0,0,0,0,0,0.0,0.0,0,0,0,0,2,0,0,1,2,1,0,0,0,0,6.0,16,40,6,174,1,1
2026-06-23 17:00:00,2026-06-23,17:00:00,89,0,0,0,0,0,0,0.0,0.0,0,0,0,0,3,0,1,1,3,2,0,0,0,0,10.0,17,0,6,174,1,1
2026-06-23 17:10:59,2026-06-23,17:10:59,134,0,0,0,0,0,0,0.0,0.0,0,1,0,0,5,0,2,2,4,4,0,0,0,0,18.0,17,10,6,174,1,1
2026-06-23 17:20:00,2026-06-23,17:20:00,135,0,0,0,0,0,0,0.0,0.0,0,1,0,0,5,0,2,2,4,4,0,0,0,0,18.0,17,20,6,174,1,1
2026-06-23 17:30:00,2026-06-23,17:30:00,155,0,0,0,0,0,0,0.0,0.0,0,1,1,1,8,0,2,3,5,5,0,0,0,0,26.0,17,30,6,174,1,1
2026-06-23 17:50:00,2026-06-23,17:50:00,130,0,2959,0,0,0,0,0.0,0.0,0,0,0,0,0,0,0,0,0,0,0,0,0,0,2959.0,17,50,6,174,1,1
2026-06-23 18:00:00,2026-06-23,18:00:00,108,0,2959,0,0,0,0,0.0,0.0,0,0,0,0,0,0,1,0,0,0,0,0,0,0,2960.0,18,0,6,174,1,1
2026-06-23 18:10:00,2026-06-23,18:10:00,135,0,2959,0,0,0,0,0.0,0.0,0,0,0,0,0,0,0,1,2,1,0,0,0,0,2963.0,18,10,6,174,1,1
2026-06-23 18:20:00,2026-06-23,18:20:00,83,0,2959,0,0,0,0,0.0,0.0,0,0,0,0,4,0,1,1,2,2,0,0,0,0,2969.0,18,20,6,174,1,1
2026-06-23 18:30:00,2026-06-23,18:30:00,56,0,2959,0,0,0,0,0.0,0.0,0,0,0,0,2,0,0,1,1,1,0,0,0,0,2964.0,18,30,6,174,1,1
2026-06-23 18:40:00,2026-06-23,18:40:00,48,0,2959,0,0,0,0,0.0,0.0,0,0,0,0,2,0,0,0,1,1,0,0,0,0,2963.0,18,40,6,174,1,1
2026-06-23 18:50:00,2026-06-23,18:50:00,42,0,2959,0,0,0,0,0.0,0.0,0,0,0,0,1,0,0,0,1,1,0,0,0,0,2962.0,18,50,6,174,1,1
2026-06-23 19:00:00,2026-06-23,19:00:00,25,0,2959,0,0,0,0,0.0,0.0,0,0,0,0,1,0,0,0,0,0,0,0,0,0,2960.0,19,0,6,174,1,0
2026-06-23 19:10:00,2026-06-23,19:10:00,10,0,2959,0,0,0,0,0.0,0.0,0,0,0,0,0,0,0,0,0,0,0,0,0,0,2959.0,19,10,6,174,1,0
2026-06-23 19:20:00,2026-06-23,19:20:00,0,0,2959,0,0,0,0,0.0,0.0,0,0,0,0,0,0,0,0,0,0,0,0,0,0,2959.0,19,20,6,174,1,0
2026-06-23 19:40:00,2026-06-23,19:40:00,0,0,2959,0,0,0,0,0.0,0.0,0,0,0,0,0,0,0,0,0,0,0,0,0,0,2959.0,19,40,6,174,1,0
2026-06-23 20:00:00,2026-06-23,20:00:00,0,0,2959,0,0,0,0,0.0,0.0,0,0,0,0,0,0,0,0,0,0,0,0,0,0,0.0,20,0,6,174,1,0
2026-06-23 20:10:00,2026-06-23,20:10:00,0,0,2959,0,0,0,0,0.0,0.0,0,0,0,0,0,0,0,0,0,0,0,0,0,0,0.0,20,10,6,174,1,0
2026-06-23 20:20:00,2026-06-23,20:20:00,0,0,2959,0,0,0,0,0.0,0.0,0,0,0,0,0,0,0,0,0,0,0,0,0,0,0.0,20,20,6,174,1,0
2026-06-23 20:30:00,2026-06-23,20:30:00,0,0,2959,0,0,0,0,0.0,0.0,0,0,0,0,0,0,0,0,0,0,0,0,0,0,0.0,20,30,6,174,1,0
2026-06-23 20:30:59,2026-06-23,20:30:59,0,0,2959,0,0,0,0,0.0,0.0,0,0,0,0,0,0,0,0,0,0,0,0,0,0,0.0,20,30,6,174,1,0
2026-06-23 20:40:00,2026-06-23,20:40:00,0,0,2959,0,0,0,0,0.0,0.0,0,0,0,0,0,0,0,0,0,0,0,0,0,0,0.0,20,40,6,174,1,0
2026-06-23 21:10:00,2026-06-23,21:10:00,0,0,2959,0,0,0,0,0.0,0.0,0,0,0,0,0,0,0,0,0,0,0,0,0,0,0.0,21,10,6,174,1,0
2026-06-23 21:20:00,2026-06-23,21:20:00,0,0,2959,0,0,0,0,0.0,0.0,0,0,0,0,0,0,0,0,0,0,0,0,0,0,0.0,21,20,6,174,1,0
2026-06-23 21:30:00,2026-06-23,21:30:00,0,0,2959,0,0,0,0,0.0,0.0,0,0,0,0,0,0,0,0,0,0,0,0,0,0,0.0,21,30,6,174,1,0
2026-06-23 21:40:00,2026-06-23,21:40:00,0,0,2959,0,0,0,0,0.0,0.0,0,0,0,0,0,0,0,0,0,0,0,0,0,0,0.0,21,40,6,174,1,0
2026-06-23 21:50:00,2026-06-23,21:50:00,0,0,2959,0,0,0,0,0.0,0.0,0,0,0,0,0,0,0,0,0,0,0,0,0,0,0.0,21,50,6,174,1,0
2026-06-23 21:50:59,2026-06-23,21:50:59,0,0,2959,0,0,0,0,0.0,0.0,0,0,0,0,0,0,0,0,0,0,0,0,0,0,0.0,21,50,6,174,1,0
2026-06-23 22:00:00,2026-06-23,22:00:00,0,0,2959,0,0,0,0,0.0,0.0,0,0,0,0,0,0,0,0,0,0,0,0,0,0,0.0,22,0,6,174,1,0
2026-06-23 22:10:00,2026-06-23,22:10:00,0,0,2959,0,0,0,0,0.0,0.0,0,0,0,0,0,0,0,0,0,0,0,0,0,0,0.0,22,10,6,174,1,0
2026-06-23 22:20:00,2026-06-23,22:20:00,0,0,2959,0,0,0,0,0.0,0.0,0,0,0,0,0,0,0,0,0,0,0,0,0,0,0.0,22,20,6,174,1,0
2026-06-23 22:20:59,2026-06-23,22:20:59,0,0,2959,0,0,0,0,0.0,0.0,0,0,0,0,0,0,0,0,0,0,0,0,0,0,0.0,22,20,6,174,1,0
2026-06-23 22:30:00,2026-06-23,22:30:00,0,0,2959,0,0,0,0,0.0,0.0,0,0,0,0,0,0,0,0,0,0,0,0,0,0,0.0,22,30,6,174,1,0
2026-06-23 22:40:00,2026-06-23,22:40:00,0,0,2959,0,0,0,0,0.0,0.0,0,0,0,0,0,0,0,0,0,0,0,0,0,0,0.0,22,40,6,174,1,0
2026-06-23 22:50:00,2026-06-23,22:50:00,0,0,2959,0,0,0,0,0.0,0.0,0,0,0,0,0,0,0,0,0,0,0,0,0,0,0.0,22,50,6,174,1,0
2026-06-23 23:00:00,2026-06-23,23:00:00,0,0,2959,0,0,0,0,0.0,0.0,0,0,0,0,0,0,0,0,0,0,0,0,0,0,0.0,23,0,6,174,1,0
2026-06-23 23:10:00,2026-06-23,23:10:00,0,0,0,0,0,0,0,0.0,0.0,0,0,0,0,0,0,0,0,0,0,0,0,0,0,0.0,23,10,6,174,1,0
2026-06-23 23:20:00,2026-06-23,23:20:00,0,0,0,0,0,0,0,0.0,0.0,0,0,0,0,0,0,0,0,0,0,0,0,0,0,0.0,23,20,6,174,1,0
2026-06-23 23:30:00,2026-06-23,23:30:00,0,0,0,0,0,0,0,0.0,0.0,0,0,0,0,0,0,0,0,0,0,0,0,0,0,0.0,23,30,6,174,1,0
2026-06-23 23:40:00,2026-06-23,23:40:00,0,0,0,0,0,0,0,0.0,0.0,0,0,0,0,0,0,0,0,0,0,0,0,0,0,0.0,23,40,6,174,1,0
2026-06-24 00:00:00,2026-06-24,00:00:00,0,0,0,0,0,0,0,0.0,0.0,0,0,0,0,0,0,0,0,0,0,0,0,0,0,0.0,0,0,6,175,2,0
2026-06-24 00:10:59,2026-06-24,00:10:59,0,0,0,0,0,0,0,0.0,0.0,0,0,0,0,0,0,0,0,0,0,0,0,0,0,0.0,0,10,6,175,2,0
2026-06-24 00:30:00,2026-06-24,00:30:00,0,0,0,0,0,0,0,0.0,0.0,0,0,0,0,0,0,0,0,0,0,0,0,0,0,0.0,0,30,6,175,2,0
2026-06-24 00:40:00,2026-06-24,00:40:00,0,0,0,0,0,0,0,0.0,0.0,0,0,0,0,0,0,0,0,0,0,0,0,0,0,0.0,0,40,6,175,2,0
2026-06-24 01:00:00,2026-06-24,01:00:00,0,0,0,0,0,0,0,0.0,0.0,0,0,0,0,0,0,0,0,0,0,0,0,0,0,0.0,1,0,6,175,2,0
2026-06-24 01:10:00,2026-06-24,01:10:00,0,0,0,0,0,0,0,0.0,0.0,0,0,0,0,0,0,0,0,0,0,0,0,0,0,0.0,1,10,6,175,2,0
2026-06-24 01:10:59,2026-06-24,01:10:59,0,0,0,0,0,0,0,0.0,0.0,0,0,0,0,0,0,0,0,0,0,0,0,0,0,0.0,1,10,6,175,2,0
2026-06-24 01:20:00,2026-06-24,01:20:00,0,0,0,0,0,0,0,0.0,0.0,0,0,0,0,0,0,0,0,0,0,0,0,0,0,0.0,1,20,6,175,2,0
2026-06-24 01:20:59,2026-06-24,01:20:59,0,0,0,0,0,0,0,0.0,0.0,0,0,0,0,0,0,0,0,0,0,0,0,0,0,0.0,1,20,6,175,2,0
2026-06-24 01:30:00,2026-06-24,01:30:00,0,0,0,0,0,0,0,0.0,0.0,0,0,0,0,0,0,0,0,0,0,0,0,0,0,0.0,1,30,6,175,2,0
2026-06-24 01:40:00,2026-06-24,01:40:00,0,0,0,0,0,0,0,0.0,0.0,0,0,0,0,0,0,0,0,0,0,0,0,0,0,0.0,1,40,6,175,2,0
2026-06-24 01:50:00,2026-06-24,01:50:00,0,0,0,0,0,0,0,0.0,0.0,0,0,0,0,0,0,0,0,0,0,0,0,0,0,0.0,1,50,6,175,2,0
2026-06-24 02:00:00,2026-06-24,02:00:00,1,0,0,0,0,0,0,0.0,0.0,0,0,0,0,0,0,0,0,0,0,0,0,0,0,0.0,2,0,6,175,2,0
2026-06-24 02:00:59,2026-06-24,02:00:59,0,0,0,0,0,0,0,0.0,0.0,0,0,0,0,0,0,0,0,0,0,0,0,0,0,0.0,2,0,6,175,2,0
2026-06-24 02:10:00,2026-06-24,02:10:00,0,0,0,0,0,0,0,0.0,0.0,0,0,0,0,0,0,0,0,0,0,0,0,0,0,0.0,2,10,6,175,2,0
2026-06-24 02:20:00,2026-06-24,02:20:00,0,0,0,0,0,0,0,0.0,0.0,0,0,0,0,0,0,0,0,0,0,0,0,0,0,0.0,2,20,6,175,2,0
2026-06-24 02:30:00,2026-06-24,02:30:00,0,0,0,0,0,0,0,0.0,0.0,0,0,0,0,0,0,0,0,0,0,0,0,0,0,0.0,2,30,6,175,2,0
2026-06-24 02:40:00,2026-06-24,02:40:00,0,0,0,0,0,0,0,0.0,0.0,0,0,0,0,0,0,0,0,0,0,0,0,0,0,0.0,2,40,6,175,2,0
2026-06-24 02:40:59,2026-06-24,02:40:59,0,0,0,0,0,0,0,0.0,0.0,0,0,0,0,0,0,0,0,0,0,0,0,0,0,0.0,2,40,6,175,2,0
2026-06-24 02:50:00,2026-06-24,02:50:00,1,0,0,0,0,0,0,0.0,0.0,0,0,0,0,0,0,0,0,0,0,0,0,0,0,0.0,2,50,6,175,2,0
2026-06-24 03:00:00,2026-06-24,03:00:00,0,0,0,0,0,0,0,0.0,0.0,0,0,0,0,0,0,0,0,0,0,0,0,0,0,0.0,3,0,6,175,2,0
2026-06-24 03:10:00,2026-06-24,03:10:00,0,0,0,0,0,0,0,0.0,0.0,0,0,0,0,0,0,0,0,0,0,0,0,0,0,0.0,3,10,6,175,2,0
2026-06-24 03:20:00,2026-06-24,03:20:00,0,0,0,0,0,0,0,0.0,0.0,0,0,0,0,0,0,0,0,0,0,0,0,0,0,0.0,3,20,6,175,2,0
2026-06-24 03:30:00,2026-06-24,03:30:00,0,0,0,0,0,0,0,0.0,0.0,0,0,0,0,0,0,0,0,0,0,0,0,0,0,0.0,3,30,6,175,2,0
2026-06-24 03:50:00,2026-06-24,03:50:00,0,0,0,0,0,0,0,0.0,0.0,0,0,0,0,0,0,0,0,0,0,0,0,0,0,0.0,3,50,6,175,2,0
2026-06-24 03:50:59,2026-06-24,03:50:59,0,0,0,0,0,0,0,0.0,0.0,0,0,0,0,0,0,0,0,0,0,0,0,0,0,0.0,3,50,6,175,2,0
2026-06-24 04:00:00,2026-06-24,04:00:00,0,0,0,0,0,0,0,0.0,0.0,0,0,0,0,0,0,0,0,0,0,0,0,0,0,0.0,4,0,6,175,2,0
2026-06-24 04:00:59,2026-06-24,04:00:59,0,0,0,0,0,0,0,0.0,0.0,0,0,0,0,0,0,0,0,0,0,0,0,0,0,0.0,4,0,6,175,2,0
2026-06-24 04:10:00,2026-06-24,04:10:00,0,0,0,0,0,0,0,0.0,0.0,0,0,0,0,0,0,0,0,0,0,0,0,0,0,0.0,4,10,6,175,2,0
2026-06-24 04:20:00,2026-06-24,04:20:00,0,0,0,0,0,0,0,0.0,0.0,0,0,0,0,0,0,0,0,0,0,0,0,0,0,0.0,4,20,6,175,2,0
2026-06-24 04:30:00,2026-06-24,04:30:00,0,0,0,0,0,0,0,0.0,0.0,0,0,0,0,0,0,0,0,0,0,0,0,0,0,0.0,4,30,6,175,2,0
2026-06-24 04:40:00,2026-06-24,04:40:00,0,0,0,0,0,0,0,0.0,0.0,0,0,0,0,0,0,0,0,0,0,0,0,0,0,0.0,4,40,6,175,2,0
2026-06-24 04:40:59,2026-06-24,04:40:59,0,0,0,0,0,0,0,0.0,0.0,0,0,0,0,0,0,0,0,0,0,0,0,0,0,0.0,4,40,6,175,2,0
2026-06-24 04:50:00,2026-06-24,04:50:00,0,0,0,0,0,0,0,0.0,0.0,0,0,0,0,0,0,0,0,0,0,0,0,0,0,0.0,4,50,6,175,2,0
2026-06-24 05:00:00,2026-06-24,05:00:00,0,0,0,0,0,0,0,0.0,0.0,0,0,0,0,0,0,0,0,0,0,0,0,0,0,0.0,5,0,6,175,2,0
2026-06-24 05:10:00,2026-06-24,05:10:00,0,0,0,0,0,0,0,0.0,0.0,0,0,0,0,0,0,0,0,0,0,0,0,0,0,0.0,5,10,6,175,2,0
2026-06-24 05:20:00,2026-06-24,05:20:00,0,0,0,0,0,0,0,0.0,0.0,0,0,0,0,0,0,0,0,0,0,0,0,0,0,0.0,5,20,6,175,2,0
2026-06-24 05:30:00,2026-06-24,05:30:00,4,0,0,0,0,0,0,0.0,0.0,0,0,0,0,0,0,0,0,0,0,0,0,0,0,0.0,5,30,6,175,2,0
2026-06-24 05:30:59,2026-06-24,05:30:59,4,0,0,0,0,0,0,0.0,0.0,0,0,0,0,0,0,0,0,0,0,0,0,0,0,0.0,5,30,6,175,2,0
2026-06-24 05:40:00,2026-06-24,05:40:00,7,0,0,0,0,0,0,0.0,0.0,0,0,0,0,0,0,0,0,0,0,0,0,0,0,0.0,5,40,6,175,2,0
2026-06-24 06:10:00,2026-06-24,06:10:00,34,0,0,0,0,0,0,0.0,0.0,0,0,0,0,2,0,0,0,1,1,0,0,0,0,4.0,6,10,6,175,2,1
2026-06-24 06:40:00,2026-06-24,06:40:00,92,0,0,0,0,0,0,0.0,0.0,0,1,1,1,8,0,1,2,3,3,0,0,0,0,20.0,6,40,6,175,2,1
2026-06-24 06:50:00,2026-06-24,06:50:00,117,0,0,0,0,0,0,0.0,0.0,0,1,2,2,12,0,2,3,5,5,1,0,0,0,33.0,6,50,6,175,2,1
2026-06-24 07:00:00,2026-06-24,07:00:00,113,0,0,0,0,0,0,0.0,0.0,0,1,1,1,7,0,2,3,4,4,0,0,0,0,23.0,7,0,6,175,2,1
2026-06-24 07:10:00,2026-06-24,07:10:00,97,0,0,0,0,0,0,0.0,0.0,0,1,0,0,6,0,2,2,3,3,0,0,0,0,17.0,7,10,6,175,2,1
2026-06-24 07:20:00,2026-06-24,07:20:00,63,0,0,0,0,0,0,0.0,0.0,0,0,0,0,3,0,1,1,2,2,0,0,0,0,9.0,7,20,6,175,2,1
2026-06-24 07:30:00,2026-06-24,07:30:00,57,0,0,0,0,0,0,0.0,0.0,0,0,0,0,3,0,1,1,2,2,0,0,0,0,9.0,7,30,6,175,2,1
2026-06-24 07:30:59,2026-06-24,07:30:59,44,0,0,0,0,0,0,0.0,0.0,0,0,0,0,3,0,1,1,2,2,0,0,0,0,9.0,7,30,6,175,2,1
2026-06-24 07:40:00,2026-06-24,07:40:00,107,0,0,0,0,0,0,0.0,0.0,0,2,3,3,23,0,3,6,8,8,2,0,0,0,58.0,7,40,6,175,2,1
2026-06-24 07:50:00,2026-06-24,07:50:00,180,0,0,0,0,0,0,0.0,0.0,1,3,3,3,27,0,5,8,11,11,4,0,0,0,76.0,7,50,6,175,2,1
2026-06-24 08:00:00,2026-06-24,08:00:00,127,0,0,0,0,0,0,0.0,0.0,1,2,1,1,15,0,6,8,12,12,3,0,0,0,61.0,8,0,6,175,2,1
2026-06-24 08:00:59,2026-06-24,08:00:59,221,0,0,0,0,0,0,0.0,0.0,1,3,2,2,22,0,6,8,12,12,4,0,0,0,72.0,8,0,6,175,2,1
2026-06-24 08:20:00,2026-06-24,08:20:00,211,0,0,0,0,0,0,0.0,0.0,1,2,1,1,13,0,4,6,8,8,2,0,0,0,46.0,8,20,6,175,2,1
2026-06-24 08:30:00,2026-06-24,08:30:00,211,0,0,0,0,0,0,0.0,0.0,1,2,1,1,18,0,5,6,9,9,2,0,0,0,54.0,8,30,6,175,2,1
2026-06-24 08:30:59,2026-06-24,08:30:59,209,0,0,0,0,0,0,0.0,0.0,1,2,1,1,14,0,5,6,9,9,2,0,0,0,50.0,8,30,6,175,2,1
2026-06-24 08:40:00,2026-06-24,08:40:00,180,0,0,0,0,0,0,0.0,0.0,1,2,1,1,13,0,4,5,8,8,2,0,0,0,45.0,8,40,6,175,2,1
2026-06-24 08:50:00,2026-06-24,08:50:00,253,0,0,0,0,0,0,0.0,0.0,2,5,3,3,0,0,10,14,19,19,7,0,0,0,82.0,8,50,6,175,2,1
2026-06-24 09:00:00,2026-06-24,09:00:00,263,0,0,0,0,0,0,0.0,0.0,2,3,2,2,20,0,6,8,12,12,3,0,0,0,70.0,9,0,6,175,2,1
2026-06-24 09:10:59,2026-06-24,09:10:59,338,0,0,0,0,0,0,0.0,0.0,1,3,2,2,20,0,7,9,13,13,4,0,0,0,74.0,9,10,6,175,2,1
2026-06-24 09:20:00,2026-06-24,09:20:00,363,0,0,0,0,0,0,0.0,0.0,1,3,2,2,18,0,8,10,14,14,5,0,0,0,77.0,9,20,6,175,2,1
2026-06-24 09:30:00,2026-06-24,09:30:00,510,0,0,0,0,0,0,0.0,0.0,2,5,2,2,24,0,15,18,25,24,9,0,0,0,126.0,9,30,6,175,2,1
2026-06-24 09:40:00,2026-06-24,09:40:00,376,0,0,0,0,0,0,0.0,0.0,2,3,1,1,17,0,8,10,14,14,4,0,0,0,74.0,9,40,6,175,2,1
2026-06-24 09:50:00,2026-06-24,09:50:00,373,0,0,0,0,0,0,0.0,0.0,2,3,1,1,17,0,7,9,14,13,4,0,0,0,71.0,9,50,6,175,2,1
2026-06-24 10:00:00,2026-06-24,10:00:00,364,0,0,0,0,0,0,0.0,0.0,1,3,1,1,17,0,7,9,13,13,4,0,0,0,69.0,10,0,6,175,2,1
2026-06-24 10:10:00,2026-06-24,10:10:00,809,0,0,0,0,0,0,0.0,0.0,2,4,2,2,23,0,11,14,23,25,10,0,0,0,116.0,10,10,6,175,2,1
2026-06-24 10:30:00,2026-06-24,10:30:00,397,0,0,0,0,0,0,0.0,0.0,1,3,1,1,17,0,7,9,14,14,4,0,0,0,71.0,10,30,6,175,2,1
2026-06-24 10:40:00,2026-06-24,10:40:00,961,0,0,0,0,0,0,0.0,0.0,4,7,3,3,0,0,18,21,32,32,12,0,0,0,132.0,10,40,6,175,2,1
2026-06-24 10:50:00,2026-06-24,10:50:00,780,0,0,0,0,0,0,0.0,0.0,4,8,3,3,29,0,9,11,16,16,5,0,0,0,104.0,10,50,6,175,2,1
2026-06-24 11:00:00,2026-06-24,11:00:00,468,0,0,0,0,0,0,0.0,0.0,2,3,1,1,18,0,9,10,16,16,5,0,0,0,81.0,11,0,6,175,2,1
2026-06-24 11:00:59,2026-06-24,11:00:59,442,0,0,0,0,0,0,0.0,0.0,2,3,1,1,18,0,8,10,15,15,5,0,0,0,78.0,11,0,6,175,2,1
2026-06-24 11:10:00,2026-06-24,11:10:00,483,0,0,0,0,0,0,0.0,0.0,2,4,1,1,19,0,9,11,16,16,5,0,0,0,84.0,11,10,6,175,2,1
2026-06-24 11:20:00,2026-06-24,11:20:00,438,0,0,0,0,0,0,0.0,0.0,2,3,1,1,18,0,8,10,15,15,5,0,0,0,78.0,11,20,6,175,2,1
2026-06-24 11:30:00,2026-06-24,11:30:00,480,0,0,0,0,0,0,0.0,0.0,2,3,1,1,17,0,10,12,19,18,6,0,0,0,89.0,11,30,6,175,2,1
2026-06-24 11:40:00,2026-06-24,11:40:00,1156,0,0,0,0,0,0,0.0,0.0,4,9,2,2,0,0,21,24,0,0,14,0,0,0,76.0,11,40,6,175,2,1
2026-06-24 11:50:00,2026-06-24,11:50:00,680,0,0,0,0,0,0,0.0,0.0,3,6,2,2,30,0,13,15,23,23,8,0,0,0,125.0,11,50,6,175,2,1
2026-06-24 12:00:00,2026-06-24,12:00:00,840,0,0,0,0,0,0,0.0,0.0,4,6,1,1,0,0,16,18,23,29,11,0,0,0,109.0,12,0,6,175,2,1
2026-06-24 12:10:00,2026-06-24,12:10:00,929,0,0,0,0,0,0,0.0,0.0,4,7,1,1,0,0,17,20,24,31,12,0,0,0,117.0,12,10,6,175,2,1
2026-06-24 12:10:59,2026-06-24,12:10:59,968,0,0,0,0,0,0,0.0,0.0,4,7,1,1,0,0,17,20,24,31,11,0,0,0,116.0,12,10,6,175,2,1
2026-06-24 12:20:59,2026-06-24,12:20:59,929,0,0,0,0,0,0,0.0,0.0,4,7,1,1,31,0,17,20,23,30,11,0,0,0,145.0,12,20,6,175,2,1
2026-06-24 12:30:00,2026-06-24,12:30:00,1005,0,0,0,0,0,0,0.0,0.0,3,8,1,1,0,0,18,21,24,0,12,0,0,0,88.0,12,30,6,175,2,1
2026-06-24 12:40:00,2026-06-24,12:40:00,1008,0,0,0,0,0,0,0.0,0.0,4,7,1,1,0,0,17,21,23,32,11,0,0,0,117.0,12,40,6,175,2,1
2026-06-24 12:50:00,2026-06-24,12:50:00,839,0,0,0,0,0,0,0.0,0.0,0,6,1,1,0,0,13,16,23,26,9,0,0,0,95.0,12,50,6,175,2,1
2026-06-24 12:50:59,2026-06-24,12:50:59,899,0,0,0,0,0,0,0.0,0.0,4,8,1,1,0,0,13,16,21,24,8,0,0,0,96.0,12,50,6,175,2,1
2026-06-24 13:00:00,2026-06-24,13:00:00,953,0,0,0,0,0,0,0.0,0.0,3,6,1,1,28,0,17,20,24,30,11,0,0,0,141.0,13,0,6,175,2,1
2026-06-24 13:00:59,2026-06-24,13:00:59,548,0,0,0,0,0,0,0.0,0.0,2,4,1,1,26,0,11,13,19,20,7,0,0,0,104.0,13,0,6,175,2,1
2026-06-24 13:20:00,2026-06-24,13:20:00,942,0,0,0,0,0,0,0.0,0.0,3,7,1,1,0,0,17,19,25,29,10,0,0,0,112.0,13,20,6,175,2,1
2026-06-24 13:30:00,2026-06-24,13:30:00,943,0,0,0,0,0,0,0.0,0.0,4,7,1,1,0,0,16,19,21,29,11,0,0,0,109.0,13,30,6,175,2,1
2026-06-24 13:40:00,2026-06-24,13:40:00,875,0,0,0,0,0,0,0.0,0.0,3,6,1,1,32,0,15,18,21,28,10,0,0,0,135.0,13,40,6,175,2,1
2026-06-24 13:40:59,2026-06-24,13:40:59,867,0,0,0,0,0,0,0.0,0.0,0,0,0,0,0,0,0,0,0,0,0,0,0,0,0.0,13,40,6,175,2,1
2026-06-24 13:50:00,2026-06-24,13:50:00,851,0,0,0,0,0,0,0.0,0.0,0,0,0,0,0,0,0,0,0,0,0,0,0,0,0.0,13,50,6,175,2,1
2026-06-24 14:00:00,2026-06-24,14:00:00,825,0,0,0,0,0,0,0.0,0.0,3,0,0,0,32,0,14,16,27,26,0,0,0,0,118.0,14,0,6,175,2,1
2026-06-24 14:10:00,2026-06-24,14:10:00,814,0,0,0,0,0,0,0.0,0.0,3,0,2,2,32,0,14,16,20,26,0,0,0,0,115.0,14,10,6,175,2,1
2026-06-24 14:20:00,2026-06-24,14:20:00,798,0,0,0,0,0,0,0.0,0.0,3,0,2,2,32,0,14,16,19,25,0,0,0,0,113.0,14,20,6,175,2,1
2026-06-24 14:40:00,2026-06-24,14:40:00,775,0,0,0,0,0,0,0.0,0.0,3,0,2,2,31,0,13,15,20,23,8,0,0,0,117.0,14,40,6,175,2,1
2026-06-24 14:50:00,2026-06-24,14:50:00,717,0,0,0,0,0,0,0.0,0.0,3,5,2,2,30,0,12,14,20,22,8,0,0,0,118.0,14,50,6,175,2,1
2026-06-24 14:50:59,2026-06-24,14:50:59,721,0,0,0,0,0,0,0.0,0.0,3,5,2,2,30,0,12,14,20,22,8,0,0,0,118.0,14,50,6,175,2,1
2026-06-24 15:00:00,2026-06-24,15:00:00,692,0,0,0,0,0,0,0.0,0.0,2,5,2,2,30,0,12,14,19,21,7,0,0,0,114.0,15,0,6,175,2,1
2026-06-24 15:10:00,2026-06-24,15:10:00,669,0,0,0,0,0,0,0.0,0.0,2,5,2,2,30,0,11,13,19,20,7,0,0,0,111.0,15,10,6,175,2,1
2026-06-24 15:30:00,2026-06-24,15:30:00,589,0,0,0,0,0,0,0.0,0.0,2,4,2,2,28,0,10,11,18,18,6,0,0,0,101.0,15,30,6,175,2,1
2026-06-24 15:40:00,2026-06-24,15:40:00,560,0,0,0,0,0,0,0.0,0.0,2,4,2,2,28,0,9,11,18,17,6,0,0,0,99.0,15,40,6,175,2,1
2026-06-24 15:50:59,2026-06-24,15:50:59,518,0,0,0,0,0,0,0.0,0.0,2,3,2,2,26,0,9,10,16,16,5,0,0,0,91.0,15,50,6,175,2,1
2026-06-24 16:00:00,2026-06-24,16:00:00,491,0,0,0,0,0,0,0.0,0.0,1,3,2,2,27,0,8,10,16,15,5,0,0,0,89.0,16,0,6,175,2,1
2026-06-24 16:20:00,2026-06-24,16:20:00,439,0,0,0,0,0,0,0.0,0.0,1,3,2,2,25,0,7,9,14,13,4,0,0,0,80.0,16,20,6,175,2,1
2026-06-24 16:30:59,2026-06-24,16:30:59,418,0,0,0,0,0,0,0.0,0.0,0,3,2,2,23,0,7,8,12,12,3,0,0,0,72.0,16,30,6,175,2,1
2026-06-24 16:40:00,2026-06-24,16:40:00,377,0,0,0,0,0,0,0.0,0.0,1,2,2,2,23,0,6,7,11,11,3,0,0,0,68.0,16,40,6,175,2,1
2026-06-24 16:40:59,2026-06-24,16:40:59,373,0,0,0,0,0,0,0.0,0.0,1,2,2,2,23,0,6,7,10,11,3,0,0,0,67.0,16,40,6,175,2,1
2026-06-24 16:50:00,2026-06-24,16:50:00,339,0,0,0,0,0,0,0.0,0.0,1,2,2,2,22,0,5,6,9,10,3,0,0,0,62.0,16,50,6,175,2,1
2026-06-24 16:50:59,2026-06-24,16:50:59,335,0,0,0,0,0,0,0.0,0.0,1,2,2,2,22,0,5,6,9,10,2,0,0,0,61.0,16,50,6,175,2,1
2026-06-24 17:00:00,2026-06-24,17:00:00,309,0,0,0,0,0,0,0.0,0.0,0,2,2,2,21,0,4,6,8,8,2,0,0,0,55.0,17,0,6,175,2,1
2026-06-24 17:10:00,2026-06-24,17:10:00,271,0,0,0,0,0,0,0.0,0.0,0,1,2,2,19,0,4,5,7,7,2,0,0,0,49.0,17,10,6,175,2,1
2026-06-24 17:20:00,2026-06-24,17:20:00,236,0,0,0,0,0,0,0.0,0.0,0,1,2,2,17,0,3,4,6,6,1,0,0,0,42.0,17,20,6,175,2,1
2026-06-24 17:30:00,2026-06-24,17:30:00,200,3599,3659,0,0,0,0,0.0,0.0,0,1,2,2,14,0,2,3,5,5,1,0,0,0,7293.0,17,30,6,175,2,1
2026-06-24 17:40:59,2026-06-24,17:40:59,167,2805,2863,0,0,0,0,0.0,0.0,0,1,1,1,12,0,2,3,4,4,1,0,0,0,5697.0,17,40,6,175,2,1
2026-06-24 17:50:00,2026-06-24,17:50:00,144,2430,2362,0,0,0,0,0.0,0.0,0,0,0,0,10,0,1,2,3,3,0,0,0,0,4811.0,17,50,6,175,2,1
2026-06-24 17:50:59,2026-06-24,17:50:59,137,2264,2312,0,0,0,0,0.0,0.0,0,0,0,0,9,0,1,2,3,3,0,0,0,0,4594.0,17,50,6,175,2,1
2026-06-24 18:00:00,2026-06-24,18:00:00,101,1631,1669,0,0,0,0,0.0,0.0,0,0,0,0,6,0,1,1,2,2,0,0,0,0,3312.0,18,0,6,175,2,1
2026-06-24 18:10:59,2026-06-24,18:10:59,45,859,869,0,0,0,0,0.0,0.0,0,0,0,0,2,0,0,0,1,1,0,0,0,0,1732.0,18,10,6,175,2,1
2026-06-24 18:20:00,2026-06-24,18:20:00,27,549,541,0,0,0,0,0.0,0.0,0,0,0,0,1,0,0,0,0,0,0,0,0,0,1091.0,18,20,6,175,2,1
2026-06-24 18:30:00,2026-06-24,18:30:00,13,250,244,0,0,0,0,0.0,0.0,0,0,0,0,0,0,0,0,0,0,0,0,0,0,494.0,18,30,6,175,2,1
2026-06-24 18:40:00,2026-06-24,18:40:00,6,138,140,0,0,0,0,0.0,0.0,0,0,0,0,0,0,0,0,0,0,0,0,0,0,278.0,18,40,6,175,2,1
2026-06-24 18:50:00,2026-06-24,18:50:00,3,94,86,0,0,0,0,0.0,0.0,0,0,0,0,0,0,0,0,0,0,0,0,0,0,180.0,18,50,6,175,2,0
2026-06-24 19:00:00,2026-06-24,19:00:00,1,94,86,0,0,0,0,0.0,0.0,0,0,0,0,0,0,0,0,0,0,0,0,0,0,180.0,19,0,6,175,2,0
2026-06-24 19:10:00,2026-06-24,19:10:00,0,94,86,0,0,0,0,0.0,0.0,0,0,0,0,0,0,0,0,0,0,0,0,0,0,180.0,19,10,6,175,2,0
2026-06-24 19:30:00,2026-06-24,19:30:00,0,94,86,0,0,0,0,0.0,0.0,0,0,0,0,0,0,0,0,0,0,0,0,0,0,180.0,19,30,6,175,2,0
2026-06-24 19:30:59,2026-06-24,19:30:59,0,94,86,0,0,0,0,0.0,0.0,0,0,0,0,0,0,0,0,0,0,0,0,0,0,180.0,19,30,6,175,2,0
2026-06-24 19:40:00,2026-06-24,19:40:00,0,94,86,0,0,0,0,0.0,0.0,0,0,0,0,0,0,0,0,0,0,0,0,0,0,180.0,19,40,6,175,2,0
2026-06-24 19:50:00,2026-06-24,19:50:00,0,94,86,0,0,0,0,0.0,0.0,0,0,0,0,0,0,0,0,0,0,0,0,0,0,180.0,19,50,6,175,2,0
2026-06-24 20:00:00,2026-06-24,20:00:00,0,94,86,0,0,0,0,0.0,0.0,0,0,0,0,0,0,0,0,0,0,0,0,0,0,0.0,20,0,6,175,2,0
2026-06-24 20:10:00,2026-06-24,20:10:00,0,94,86,0,0,0,0,0.0,0.0,0,0,0,0,0,0,0,0,0,0,0,0,0,0,0.0,20,10,6,175,2,0
2026-06-24 20:20:00,2026-06-24,20:20:00,0,94,86,0,0,0,0,0.0,0.0,0,0,0,0,0,0,0,0,0,0,0,0,0,0,0.0,20,20,6,175,2,0
2026-06-24 20:30:00,2026-06-24,20:30:00,0,94,86,0,0,0,0,0.0,0.0,0,0,0,0,0,0,0,0,0,0,0,0,0,0,0.0,20,30,6,175,2,0
2026-06-24 20:40:00,2026-06-24,20:40:00,0,94,86,0,0,0,0,0.0,0.0,0,0,0,0,0,0,0,0,0,0,0,0,0,0,0.0,20,40,6,175,2,0
2026-06-24 20:50:00,2026-06-24,20:50:00,0,94,86,0,0,0,0,0.0,0.0,0,0,0,0,0,0,0,0,0,0,0,0,0,0,0.0,20,50,6,175,2,0
2026-06-24 21:00:00,2026-06-24,21:00:00,0,94,86,0,0,0,0,0.0,0.0,0,0,0,0,0,0,0,0,0,0,0,0,0,0,0.0,21,0,6,175,2,0
2026-06-24 21:10:00,2026-06-24,21:10:00,0,94,86,0,0,0,0,0.0,0.0,0,0,0,0,0,0,0,0,0,0,0,0,0,0,0.0,21,10,6,175,2,0
2026-06-24 21:20:00,2026-06-24,21:20:00,0,94,86,0,0,0,0,0.0,0.0,0,0,0,0,0,0,0,0,0,0,0,0,0,0,0.0,21,20,6,175,2,0
2026-06-24 21:40:00,2026-06-24,21:40:00,0,94,86,0,0,0,0,0.0,0.0,0,0,0,0,0,0,0,0,0,0,0,0,0,0,0.0,21,40,6,175,2,0
2026-06-24 22:00:00,2026-06-24,22:00:00,0,94,86,0,0,0,0,0.0,0.0,0,0,0,0,0,0,0,0,0,0,0,0,0,0,0.0,22,0,6,175,2,0
2026-06-24 22:10:00,2026-06-24,22:10:00,0,94,86,0,0,0,0,0.0,0.0,0,0,0,0,0,0,0,0,0,0,0,0,0,0,0.0,22,10,6,175,2,0
2026-06-24 22:20:00,2026-06-24,22:20:00,0,94,86,0,0,0,0,0.0,0.0,0,0,0,0,0,0,0,0,0,0,0,0,0,0,0.0,22,20,6,175,2,0
2026-06-24 22:30:00,2026-06-24,22:30:00,0,94,86,0,0,0,0,0.0,0.0,0,0,0,0,0,0,0,0,0,0,0,0,0,0,0.0,22,30,6,175,2,0
2026-06-24 22:40:00,2026-06-24,22:40:00,0,94,86,0,0,0,0,0.0,0.0,0,0,0,0,0,0,0,0,0,0,0,0,0,0,0.0,22,40,6,175,2,0
2026-06-24 22:50:00,2026-06-24,22:50:00,0,94,86,0,0,0,0,0.0,0.0,0,0,0,0,0,0,0,0,0,0,0,0,0,0,0.0,22,50,6,175,2,0
2026-06-24 23:00:00,2026-06-24,23:00:00,0,94,86,0,0,0,0,0.0,0.0,0,0,0,0,0,0,0,0,0,0,0,0,0,0,0.0,23,0,6,175,2,0
2026-06-24 23:00:59,2026-06-24,23:00:59,0,94,86,0,0,0,0,0.0,0.0,0,0,0,0,0,0,0,0,0,0,0,0,0,0,0.0,23,0,6,175,2,0
2026-06-24 23:10:00,2026-06-24,23:10:00,0,94,86,0,0,0,0,0.0,0.0,0,0,0,0,0,0,0,0,0,0,0,0,0,0,0.0,23,10,6,175,2,0
2026-06-24 23:30:00,2026-06-24,23:30:00,0,94,86,0,0,0,0,0.0,0.0,0,0,0,0,0,0,0,0,0,0,0,0,0,0,0.0,23,30,6,175,2,0
2026-06-24 23:40:00,2026-06-24,23:40:00,0,94,86,0,0,0,0,0.0,0.0,0,0,0,0,0,0,0,0,0,0,0,0,0,0,0.0,23,40,6,175,2,0
2026-06-24 23:40:59,2026-06-24,23:40:59,0,94,86,0,0,0,0,0.0,0.0,0,0,0,0,0,0,0,0,0,0,0,0,0,0,0.0,23,40,6,175,2,0
2026-06-24 23:50:00,2026-06-24,23:50:00,0,94,86,0,0,0,0,0.0,0.0,0,0,0,0,0,0,0,0,0,0,0,0,0,0,0.0,23,50,6,175,2,0
2026-06-24 23:50:59,2026-06-24,23:50:59,0,94,86,0,0,0,0,0.0,0.0,0,0,0,0,0,0,0,0,0,0,0,0,0,0,0.0,23,50,6,175,2,0
2026-06-25 00:00:00,2026-06-25,00:00:00,0,94,86,0,0,0,0,0.0,0.0,0,0,0,0,0,0,0,0,0,0,0,0,0,0,0.0,0,0,6,176,3,0
2026-06-25 00:10:00,2026-06-25,00:10:00,0,94,86,0,0,0,0,0.0,0.0,0,0,0,0,0,0,0,0,0,0,0,0,0,0,0.0,0,10,6,176,3,0
2026-06-25 00:20:00,2026-06-25,00:20:00,0,94,86,0,0,0,0,0.0,0.0,0,0,0,0,0,0,0,0,0,0,0,0,0,0,0.0,0,20,6,176,3,0
2026-06-25 00:30:00,2026-06-25,00:30:00,0,94,86,0,0,0,0,0.0,0.0,0,0,0,0,0,0,0,0,0,0,0,0,0,0,0.0,0,30,6,176,3,0
2026-06-25 00:40:00,2026-06-25,00:40:00,0,94,86,0,0,0,0,0.0,0.0,0,0,0,0,0,0,0,0,0,0,0,0,0,0,0.0,0,40,6,176,3,0
2026-06-25 00:50:00,2026-06-25,00:50:00,0,94,86,0,0,0,0,0.0,0.0,0,0,0,0,0,0,0,0,0,0,0,0,0,0,0.0,0,50,6,176,3,0
2026-06-25 00:50:59,2026-06-25,00:50:59,0,94,86,0,0,0,0,0.0,0.0,0,0,0,0,0,0,0,0,0,0,0,0,0,0,0.0,0,50,6,176,3,0
2026-06-25 01:00:00,2026-06-25,01:00:00,0,94,86,0,0,0,0,0.0,0.0,0,0,0,0,0,0,0,0,0,0,0,0,0,0,0.0,1,0,6,176,3,0
2026-06-25 01:10:00,2026-06-25,01:10:00,0,94,86,0,0,0,0,0.0,0.0,0,0,0,0,0,0,0,0,0,0,0,0,0,0,0.0,1,10,6,176,3,0
2026-06-25 01:20:00,2026-06-25,01:20:00,0,94,86,0,0,0,0,0.0,0.0,0,0,0,0,0,0,0,0,0,0,0,0,0,0,0.0,1,20,6,176,3,0
2026-06-25 01:30:00,2026-06-25,01:30:00,1,94,86,0,0,0,0,0.0,0.0,0,0,0,0,0,0,0,0,0,0,0,0,0,0,0.0,1,30,6,176,3,0
2026-06-25 01:40:00,2026-06-25,01:40:00,0,94,86,0,0,0,0,0.0,0.0,0,0,0,0,0,0,0,0,0,0,0,0,0,0,0.0,1,40,6,176,3,0
2026-06-25 01:50:00,2026-06-25,01:50:00,0,94,86,0,0,0,0,0.0,0.0,0,0,0,0,0,0,0,0,0,0,0,0,0,0,0.0,1,50,6,176,3,0
2026-06-25 02:00:00,2026-06-25,02:00:00,0,94,86,0,0,0,0,0.0,0.0,0,0,0,0,0,0,0,0,0,0,0,0,0,0,0.0,2,0,6,176,3,0
2026-06-25 02:10:00,2026-06-25,02:10:00,0,94,86,0,0,0,0,0.0,0.0,0,0,0,0,0,0,0,0,0,0,0,0,0,0,0.0,2,10,6,176,3,0
2026-06-25 02:20:00,2026-06-25,02:20:00,0,94,86,0,0,0,0,0.0,0.0,0,0,0,0,0,0,0,0,0,0,0,0,0,0,0.0,2,20,6,176,3,0
2026-06-25 02:30:00,2026-06-25,02:30:00,0,94,86,0,0,0,0,0.0,0.0,0,0,0,0,0,0,0,0,0,0,0,0,0,0,0.0,2,30,6,176,3,0
2026-06-25 02:40:00,2026-06-25,02:40:00,0,94,86,0,0,0,0,0.0,0.0,0,0,0,0,0,0,0,0,0,0,0,0,0,0,0.0,2,40,6,176,3,0
2026-06-25 02:50:00,2026-06-25,02:50:00,0,94,86,0,0,0,0,0.0,0.0,0,0,0,0,0,0,0,0,0,0,0,0,0,0,0.0,2,50,6,176,3,0
2026-06-25 03:00:00,2026-06-25,03:00:00,0,94,86,0,0,0,0,0.0,0.0,0,0,0,0,0,0,0,0,0,0,0,0,0,0,0.0,3,0,6,176,3,0
2026-06-25 03:10:00,2026-06-25,03:10:00,0,94,86,0,0,0,0,0.0,0.0,0,0,0,0,0,0,0,0,0,0,0,0,0,0,0.0,3,10,6,176,3,0
2026-06-25 03:10:59,2026-06-25,03:10:59,0,94,86,0,0,0,0,0.0,0.0,0,0,0,0,0,0,0,0,0,0,0,0,0,0,0.0,3,10,6,176,3,0
2026-06-25 03:20:00,2026-06-25,03:20:00,0,94,86,0,0,0,0,0.0,0.0,0,0,0,0,0,0,0,0,0,0,0,0,0,0,0.0,3,20,6,176,3,0
2026-06-25 03:30:00,2026-06-25,03:30:00,0,94,86,0,0,0,0,0.0,0.0,0,0,0,0,0,0,0,0,0,0,0,0,0,0,0.0,3,30,6,176,3,0
2026-06-25 03:30:59,2026-06-25,03:30:59,0,94,86,0,0,0,0,0.0,0.0,0,0,0,0,0,0,0,0,0,0,0,0,0,0,0.0,3,30,6,176,3,0
2026-06-25 03:40:00,2026-06-25,03:40:00,0,94,86,0,0,0,0,0.0,0.0,0,0,0,0,0,0,0,0,0,0,0,0,0,0,0.0,3,40,6,176,3,0
2026-06-25 03:50:00,2026-06-25,03:50:00,1,94,86,0,0,0,0,0.0,0.0,0,0,0,0,0,0,0,0,0,0,0,0,0,0,0.0,3,50,6,176,3,0
2026-06-25 04:00:00,2026-06-25,04:00:00,0,94,86,0,0,0,0,0.0,0.0,0,0,0,0,0,0,0,0,0,0,0,0,0,0,0.0,4,0,6,176,3,0
2026-06-25 04:10:00,2026-06-25,04:10:00,0,94,86,0,0,0,0,0.0,0.0,0,0,0,0,0,0,0,0,0,0,0,0,0,0,0.0,4,10,6,176,3,0
2026-06-25 04:20:00,2026-06-25,04:20:00,0,94,86,0,0,0,0,0.0,0.0,0,0,0,0,0,0,0,0,0,0,0,0,0,0,0.0,4,20,6,176,3,0
2026-06-25 04:30:00,2026-06-25,04:30:00,0,94,86,0,0,0,0,0.0,0.0,0,0,0,0,0,0,0,0,0,0,0,0,0,0,0.0,4,30,6,176,3,0
2026-06-25 04:30:59,2026-06-25,04:30:59,0,94,86,0,0,0,0,0.0,0.0,0,0,0,0,0,0,0,0,0,0,0,0,0,0,0.0,4,30,6,176,3,0
2026-06-25 04:50:00,2026-06-25,04:50:00,0,94,86,0,0,0,0,0.0,0.0,0,0,0,0,0,0,0,0,0,0,0,0,0,0,0.0,4,50,6,176,3,0
2026-06-25 05:00:00,2026-06-25,05:00:00,0,94,86,0,0,0,0,0.0,0.0,0,0,0,0,0,0,0,0,0,0,0,0,0,0,180.0,5,0,6,176,3,0
2026-06-25 05:10:00,2026-06-25,05:10:00,0,94,86,0,0,0,0,0.0,0.0,0,0,0,0,0,0,0,0,0,0,0,0,0,0,180.0,5,10,6,176,3,0
2026-06-25 05:20:00,2026-06-25,05:20:00,0,94,86,0,0,0,0,0.0,0.0,0,0,0,0,0,0,0,0,0,0,0,0,0,0,180.0,5,20,6,176,3,0
2026-06-25 05:30:00,2026-06-25,05:30:00,1,94,86,0,0,0,0,0.0,0.0,0,0,0,0,0,0,0,0,0,0,0,0,0,0,180.0,5,30,6,176,3,0
2026-06-25 05:40:00,2026-06-25,05:40:00,7,94,86,0,0,0,0,0.0,0.0,0,0,0,0,0,0,0,0,0,0,0,0,0,0,180.0,5,40,6,176,3,0
2026-06-25 05:50:00,2026-06-25,05:50:00,14,94,86,0,0,0,0,0.0,0.0,0,0,0,0,0,0,0,0,0,0,0,0,0,0,180.0,5,50,6,176,3,0
2026-06-25 06:00:00,2026-06-25,06:00:00,26,94,86,0,0,0,0,0.0,0.0,0,0,0,0,1,0,0,0,0,0,0,0,0,0,181.0,6,0,6,176,3,1
2026-06-25 06:00:59,2026-06-25,06:00:59,27,94,86,0,0,0,0,0.0,0.0,0,0,0,0,1,0,0,0,0,0,0,0,0,0,181.0,6,0,6,176,3,1
2026-06-25 06:10:00,2026-06-25,06:10:00,35,94,86,0,0,0,0,0.0,0.0,0,0,0,0,2,0,0,0,1,1,0,0,0,0,184.0,6,10,6,176,3,1
2026-06-25 06:20:00,2026-06-25,06:20:00,44,94,86,0,0,0,0,0.0,0.0,0,0,0,0,0,0,0,0,0,0,0,0,0,0,180.0,6,20,6,176,3,1
2026-06-25 06:40:00,2026-06-25,06:40:00,51,94,86,0,0,0,0,0.0,0.0,0,0,1,1,5,0,1,1,1,2,0,0,0,0,192.0,6,40,6,176,3,1
2026-06-25 06:50:00,2026-06-25,06:50:00,62,94,86,0,0,0,0,0.0,0.0,0,0,1,1,7,0,1,1,2,2,0,0,0,0,195.0,6,50,6,176,3,1
2026-06-25 06:50:59,2026-06-25,06:50:59,65,94,86,0,0,0,0,0.0,0.0,0,0,1,1,7,0,1,2,2,2,0,0,0,0,196.0,6,50,6,176,3,1
2026-06-25 07:00:00,2026-06-25,07:00:00,75,94,86,0,0,0,0,0.0,0.0,0,1,1,1,9,0,1,2,3,3,0,0,0,0,201.0,7,0,6,176,3,1
2026-06-25 07:10:00,2026-06-25,07:10:00,70,94,86,0,0,0,0,0.0,0.0,0,0,0,0,0,0,0,0,0,0,0,0,0,0,180.0,7,10,6,176,3,1
2026-06-25 07:10:59,2026-06-25,07:10:59,72,94,86,0,0,0,0,0.0,0.0,0,0,0,0,0,0,0,0,0,0,0,0,0,0,180.0,7,10,6,176,3,1
2026-06-25 07:20:00,2026-06-25,07:20:00,79,94,86,0,0,0,0,0.0,0.0,0,1,2,2,14,0,2,3,4,4,1,0,0,0,213.0,7,20,6,176,3,1
2026-06-25 07:20:59,2026-06-25,07:20:59,78,94,86,0,0,0,0,0.0,0.0,0,1,2,2,14,0,2,3,4,4,1,0,0,0,213.0,7,20,6,176,3,1
2026-06-25 07:30:00,2026-06-25,07:30:00,84,94,86,0,0,0,0,0.0,0.0,0,1,2,2,16,0,2,3,4,5,1,0,0,0,216.0,7,30,6,176,3,1
2026-06-25 07:40:00,2026-06-25,07:40:00,91,94,86,0,0,0,0,0.0,0.0,0,1,2,2,17,0,3,4,5,6,2,0,0,0,222.0,7,40,6,176,3,1
2026-06-25 08:00:00,2026-06-25,08:00:00,107,94,86,0,0,0,0,0.0,0.0,0,2,2,2,21,0,4,6,7,8,2,0,0,0,234.0,8,0,6,176,3,1
2026-06-25 08:10:00,2026-06-25,08:10:00,129,94,86,0,0,0,0,0.0,0.0,1,2,2,2,22,0,4,7,8,9,3,0,0,0,240.0,8,10,6,176,3,1
2026-06-25 08:10:59,2026-06-25,08:10:59,126,94,86,0,0,0,0,0.0,0.0,1,2,2,2,22,0,4,7,9,9,3,0,0,0,241.0,8,10,6,176,3,1
2026-06-25 08:20:00,2026-06-25,08:20:00,134,94,86,0,0,0,0,0.0,0.0,1,3,2,2,23,0,5,7,9,10,3,0,0,0,245.0,8,20,6,176,3,1
2026-06-25 08:20:59,2026-06-25,08:20:59,135,94,86,0,0,0,0,0.0,0.0,1,3,2,2,23,0,5,8,10,10,3,0,0,0,247.0,8,20,6,176,3,1
2026-06-25 08:30:00,2026-06-25,08:30:00,137,94,86,0,0,0,0,0.0,0.0,1,3,2,2,24,0,6,8,10,11,3,0,0,0,250.0,8,30,6,176,3,1
2026-06-25 08:40:00,2026-06-25,08:40:00,147,94,86,0,0,0,0,0.0,0.0,1,3,3,3,25,0,6,9,11,12,4,0,0,0,257.0,8,40,6,176,3,1
2026-06-25 08:50:00,2026-06-25,08:50:00,164,94,86,0,0,0,0,0.0,0.0,1,3,3,3,26,0,7,10,12,13,5,0,0,0,263.0,8,50,6,176,3,1
2026-06-25 09:00:00,2026-06-25,09:00:00,275,94,86,0,0,0,0,0.0,0.0,1,4,2,2,26,0,8,10,13,14,5,0,0,0,265.0,9,0,6,176,3,1
2026-06-25 09:10:00,2026-06-25,09:10:00,198,94,86,0,0,0,0,0.0,0.0,0,4,3,3,28,0,9,11,15,16,6,0,0,0,275.0,9,10,6,176,3,1
2026-06-25 09:20:00,2026-06-25,09:20:00,314,94,86,0,0,0,0,0.0,0.0,1,4,2,2,27,0,9,11,14,15,5,0,0,0,270.0,9,20,6,176,3,1
2026-06-25 09:30:00,2026-06-25,09:30:00,509,94,86,0,0,0,0,0.0,0.0,2,4,2,2,25,0,9,11,15,16,6,0,0,0,272.0,9,30,6,176,3,1
2026-06-25 09:40:00,2026-06-25,09:40:00,554,94,86,0,0,0,0,0.0,0.0,2,4,2,2,27,0,10,12,17,18,6,0,0,0,280.0,9,40,6,176,3,1
2026-06-25 09:50:00,2026-06-25,09:50:00,607,94,86,0,0,0,0,0.0,0.0,3,5,2,2,28,0,11,13,18,19,7,0,0,0,288.0,9,50,6,176,3,1
2026-06-25 10:00:00,2026-06-25,10:00:00,618,94,86,0,0,0,0,0.0,0.0,3,5,2,2,28,0,11,14,19,20,7,0,0,0,291.0,10,0,6,176,3,1
2026-06-25 10:00:59,2026-06-25,10:00:59,619,94,86,0,0,0,0,0.0,0.0,3,5,2,2,29,0,11,13,19,19,7,0,0,0,290.0,10,0,6,176,3,1
2026-06-25 10:10:00,2026-06-25,10:10:00,618,94,86,0,0,0,0,0.0,0.0,3,5,2,2,28,0,11,13,19,20,7,0,0,0,290.0,10,10,6,176,3,1
2026-06-25 10:20:00,2026-06-25,10:20:00,694,94,86,0,0,0,0,0.0,0.0,3,5,2,2,30,0,13,15,21,22,8,0,0,0,301.0,10,20,6,176,3,1
2026-06-25 10:30:00,2026-06-25,10:30:00,721,94,86,0,0,0,0,0.0,0.0,0,0,0,0,0,0,0,0,0,0,0,0,0,0,180.0,10,30,6,176,3,1
2026-06-25 10:40:00,2026-06-25,10:40:00,746,94,86,0,0,0,0,0.0,0.0,0,0,0,0,0,0,0,0,0,0,0,0,0,0,180.0,10,40,6,176,3,1
2026-06-25 10:50:00,2026-06-25,10:50:00,774,94,86,0,0,0,0,0.0,0.0,3,6,2,2,30,0,14,16,23,25,9,0,0,0,310.0,10,50,6,176,3,1
2026-06-25 11:00:00,2026-06-25,11:00:00,785,94,86,0,0,0,0,0.0,0.0,3,6,2,2,30,0,14,16,23,25,9,0,0,0,310.0,11,0,6,176,3,1
2026-06-25 11:10:00,2026-06-25,11:10:00,453,94,86,0,0,0,0,0.0,0.0,4,6,2,2,30,0,14,16,22,23,7,0,0,0,306.0,11,10,6,176,3,1
2026-06-25 11:20:00,2026-06-25,11:20:00,813,94,86,0,0,0,0,0.0,0.0,3,6,2,2,31,0,14,17,24,26,10,0,0,0,315.0,11,20,6,176,3,1
2026-06-25 11:20:59,2026-06-25,11:20:59,826,94,86,0,0,0,0,0.0,0.0,4,6,2,2,31,0,15,17,24,26,9,0,0,0,316.0,11,20,6,176,3,1
2026-06-25 11:40:00,2026-06-25,11:40:00,819,94,86,0,0,0,0,0.0,0.0,4,6,1,1,29,0,14,17,25,26,9,0,0,0,312.0,11,40,6,176,3,1
2026-06-25 11:50:00,2026-06-25,11:50:00,267,94,86,0,0,0,0,0.0,0.0,0,2,1,1,10,0,4,5,7,8,2,0,0,0,220.0,11,50,6,176,3,1
2026-06-25 12:00:00,2026-06-25,12:00:00,920,94,86,0,0,0,0,0.0,0.0,4,7,1,1,0,0,16,19,24,29,11,0,0,0,292.0,12,0,6,176,3,1
2026-06-25 12:10:00,2026-06-25,12:10:00,892,94,86,0,0,0,0,0.0,0.0,4,7,1,1,32,0,15,18,22,28,10,0,0,0,318.0,12,10,6,176,3,1
2026-06-25 12:20:00,2026-06-25,12:20:00,919,94,86,0,0,0,0,0.0,0.0,0,7,1,1,0,0,16,19,23,29,10,0,0,0,286.0,12,20,6,176,3,1
2026-06-25 12:30:00,2026-06-25,12:30:00,561,94,86,0,0,0,0,0.0,0.0,2,4,1,1,20,0,11,13,18,19,7,0,0,0,276.0,12,30,6,176,3,1
2026-06-25 12:40:00,2026-06-25,12:40:00,651,94,86,0,0,0,0,0.0,0.0,3,6,1,1,24,0,13,14,22,23,8,0,0,0,295.0,12,40,6,176,3,1
2026-06-25 12:50:00,2026-06-25,12:50:00,852,94,86,0,0,0,0,0.0,0.0,4,7,1,1,0,0,15,17,22,27,10,0,0,0,284.0,12,50,6,176,3,1
2026-06-25 13:00:00,2026-06-25,13:00:00,163,94,86,0,0,0,0,0.0,0.0,0,1,0,0,6,0,2,3,5,5,0,0,0,0,202.0,13,0,6,176,3,1
2026-06-25 13:10:00,2026-06-25,13:10:00,140,94,86,0,0,0,0,0.0,0.0,0,1,0,0,6,0,2,3,4,4,1,0,0,0,201.0,13,10,6,176,3,1
2026-06-25 13:20:00,2026-06-25,13:20:00,119,94,86,0,0,0,0,0.0,0.0,0,1,0,0,5,0,2,2,4,4,0,0,0,0,198.0,13,20,6,176,3,1
2026-06-25 13:30:00,2026-06-25,13:30:00,80,94,86,0,0,0,0,0.0,0.0,0,0,0,0,0,0,0,0,0,0,0,0,0,0,180.0,13,30,6,176,3,1
2026-06-25 13:40:00,2026-06-25,13:40:00,96,94,86,0,0,0,0,0.0,0.0,0,0,0,0,4,0,1,2,3,3,0,0,0,0,193.0,13,40,6,176,3,1
2026-06-25 13:40:59,2026-06-25,13:40:59,101,94,86,0,0,0,0,0.0,0.0,0,0,0,0,0,0,1,2,3,3,0,0,0,0,189.0,13,40,6,176,3,1
2026-06-25 13:50:00,2026-06-25,13:50:00,70,94,86,0,0,0,0,0.0,0.0,0,0,0,0,3,0,1,1,2,2,0,0,0,0,189.0,13,50,6,176,3,1
2026-06-25 14:00:00,2026-06-25,14:00:00,71,94,86,0,0,0,0,0.0,0.0,0,0,0,0,3,0,1,1,2,2,0,0,0,0,189.0,14,0,6,176,3,1
2026-06-25 14:10:00,2026-06-25,14:10:00,79,94,86,0,0,0,0,0.0,0.0,0,0,0,0,3,0,1,2,2,3,0,0,0,0,191.0,14,10,6,176,3,1
2026-06-25 14:10:59,2026-06-25,14:10:59,79,94,86,0,0,0,0,0.0,0.0,0,0,0,0,4,0,1,2,3,3,0,0,0,0,193.0,14,10,6,176,3,1
2026-06-25 14:40:00,2026-06-25,14:40:00,884,94,86,0,0,0,0,0.0,0.0,3,7,2,2,0,0,16,19,28,29,0,0,0,0,286.0,14,40,6,176,3,1
2026-06-25 14:50:00,2026-06-25,14:50:00,794,94,86,0,0,0,0,0.0,0.0,3,6,2,2,32,0,14,16,24,25,0,0,0,0,304.0,14,50,6,176,3,1
2026-06-25 14:50:59,2026-06-25,14:50:59,779,94,86,0,0,0,0,0.0,0.0,3,6,2,2,32,0,14,16,24,25,0,0,0,0,304.0,14,50,6,176,3,1
2026-06-25 15:00:00,2026-06-25,15:00:00,745,94,86,0,0,0,0,0.0,0.0,3,5,2,2,31,0,13,15,23,24,0,0,0,0,298.0,15,0,6,176,3,1
2026-06-25 15:10:00,2026-06-25,15:10:00,695,94,86,0,0,0,0,0.0,0.0,2,5,2,2,30,0,12,15,22,22,0,0,0,0,292.0,15,10,6,176,3,1
2026-06-25 15:10:59,2026-06-25,15:10:59,696,94,86,0,0,0,0,0.0,0.0,2,5,2,2,30,0,12,15,22,23,0,0,0,0,293.0,15,10,6,176,3,1
2026-06-25 15:20:00,2026-06-25,15:20:00,657,94,86,0,0,0,0,0.0,0.0,2,0,2,2,22,0,12,14,20,21,0,0,0,0,275.0,15,20,6,176,3,1
2026-06-25 15:30:00,2026-06-25,15:30:00,630,94,86,0,0,0,0,0.0,0.0,2,0,2,2,29,0,11,13,19,20,0,0,0,0,278.0,15,30,6,176,3,1
2026-06-25 15:40:00,2026-06-25,15:40:00,618,94,86,0,0,0,0,0.0,0.0,2,4,2,2,30,0,11,13,19,19,0,0,0,0,282.0,15,40,6,176,3,1
2026-06-25 15:50:00,2026-06-25,15:50:00,605,94,86,0,0,0,0,0.0,0.0,0,0,2,2,29,0,10,12,19,19,0,0,0,0,273.0,15,50,6,176,3,1
2026-06-25 16:00:00,2026-06-25,16:00:00,587,94,86,0,0,0,0,0.0,0.0,1,4,2,2,28,0,10,12,18,18,0,0,0,0,275.0,16,0,6,176,3,1
2026-06-25 16:10:00,2026-06-25,16:10:00,537,94,86,0,0,0,0,0.0,0.0,0,4,2,2,27,0,9,11,16,16,0,0,0,0,267.0,16,10,6,176,3,1
2026-06-25 16:20:00,2026-06-25,16:20:00,452,94,86,0,0,0,0,0.0,0.0,1,3,2,2,24,0,7,9,13,14,0,0,0,0,255.0,16,20,6,176,3,1
2026-06-25 16:30:00,2026-06-25,16:30:00,404,94,86,0,0,0,0,0.0,0.0,1,3,2,2,23,0,7,8,12,12,0,0,0,0,250.0,16,30,6,176,3,1
2026-06-25 16:40:00,2026-06-25,16:40:00,375,94,86,0,0,0,0,0.0,0.0,1,2,2,2,21,0,6,7,11,11,0,0,0,0,243.0,16,40,6,176,3,1
2026-06-25 16:50:00,2026-06-25,16:50:00,328,94,86,0,0,0,0,0.0,0.0,1,2,2,2,20,0,5,6,9,10,0,0,0,0,237.0,16,50,6,176,3,1
2026-06-25 17:00:00,2026-06-25,17:00:00,300,94,86,0,0,0,0,0.0,0.0,1,2,2,2,19,0,4,6,8,9,0,0,0,0,233.0,17,0,6,176,3,1
2026-06-25 17:20:00,2026-06-25,17:20:00,241,94,86,0,0,0,0,0.0,0.0,0,1,2,2,16,0,3,4,6,7,0,0,0,0,221.0,17,20,6,176,3,1
2026-06-25 17:30:00,2026-06-25,17:30:00,213,94,86,0,0,0,0,0.0,0.0,0,1,1,1,14,0,2,4,6,6,0,0,0,0,215.0,17,30,6,176,3,1
2026-06-25 17:40:00,2026-06-25,17:40:00,172,94,86,0,0,0,0,0.0,0.0,0,0,1,1,0,0,0,1,3,2,0,0,0,0,188.0,17,40,6,176,3,1
2026-06-25 17:40:59,2026-06-25,17:40:59,170,94,86,0,0,0,0,0.0,0.0,0,1,1,1,10,0,2,3,4,4,0,0,0,0,206.0,17,40,6,176,3,1
2026-06-25 17:50:00,2026-06-25,17:50:00,147,94,86,0,0,0,0,0.0,0.0,0,0,0,0,9,0,2,2,4,4,0,0,0,0,201.0,17,50,6,176,3,1
2026-06-25 18:00:00,2026-06-25,18:00:00,125,94,86,0,0,0,0,0.0,0.0,0,0,0,0,7,0,1,2,3,3,0,0,0,0,196.0,18,0,6,176,3,1
2026-06-25 18:10:00,2026-06-25,18:10:00,91,94,86,0,0,0,0,0.0,0.0,0,0,0,0,4,0,1,1,2,2,0,0,0,0,190.0,18,10,6,176,3,1
2026-06-25 18:20:00,2026-06-25,18:20:00,44,94,86,0,0,0,0,0.0,0.0,0,0,0,0,2,0,0,0,1,1,0,0,0,0,184.0,18,20,6,176,3,1
2026-06-25 18:30:00,2026-06-25,18:30:00,22,94,86,0,0,0,0,0.0,0.0,0,0,0,0,0,0,0,0,0,0,0,0,0,0,180.0,18,30,6,176,3,1
2026-06-25 18:40:00,2026-06-25,18:40:00,15,94,86,0,0,0,0,0.0,0.0,0,0,0,0,0,0,0,0,0,0,0,0,0,0,180.0,18,40,6,176,3,1
2026-06-25 18:50:00,2026-06-25,18:50:00,11,94,86,0,0,0,0,0.0,0.0,0,0,0,0,0,0,0,0,0,0,0,0,0,0,180.0,18,50,6,176,3,1
2026-06-25 19:00:00,2026-06-25,19:00:00,7,94,86,0,0,0,0,0.0,0.0,0,0,0,0,0,0,0,0,0,0,0,0,0,0,180.0,19,0,6,176,3,0
2026-06-25 19:00:59,2026-06-25,19:00:59,7,94,86,0,0,0,0,0.0,0.0,0,0,0,0,0,0,0,0,0,0,0,0,0,0,180.0,19,0,6,176,3,0
2026-06-25 19:10:00,2026-06-25,19:10:00,4,94,86,0,0,0,0,0.0,0.0,0,0,0,0,0,0,0,0,0,0,0,0,0,0,180.0,19,10,6,176,3,0
2026-06-25 19:20:00,2026-06-25,19:20:00,0,94,86,0,0,0,0,0.0,0.0,0,0,0,0,0,0,0,0,0,0,0,0,0,0,180.0,19,20,6,176,3,0
2026-06-25 19:30:00,2026-06-25,19:30:00,0,94,86,0,0,0,0,0.0,0.0,0,0,0,0,0,0,0,0,0,0,0,0,0,0,180.0,19,30,6,176,3,0
2026-06-25 19:40:00,2026-06-25,19:40:00,0,94,86,0,0,0,0,0.0,0.0,0,0,0,0,0,0,0,0,0,0,0,0,0,0,180.0,19,40,6,176,3,0
2026-06-25 19:50:00,2026-06-25,19:50:00,0,94,86,0,0,0,0,0.0,0.0,0,0,0,0,0,0,0,0,0,0,0,0,0,0,180.0,19,50,6,176,3,0
2026-06-25 19:50:59,2026-06-25,19:50:59,0,94,86,0,0,0,0,0.0,0.0,0,0,0,0,0,0,0,0,0,0,0,0,0,0,180.0,19,50,6,176,3,0
2026-06-25 20:10:00,2026-06-25,20:10:00,0,94,86,0,0,0,0,0.0,0.0,0,0,0,0,0,0,0,0,0,0,0,0,0,0,0.0,20,10,6,176,3,0
2026-06-25 20:10:59,2026-06-25,20:10:59,0,94,86,0,0,0,0,0.0,0.0,0,0,0,0,0,0,0,0,0,0,0,0,0,0,0.0,20,10,6,176,3,0
2026-06-25 20:20:00,2026-06-25,20:20:00,0,94,86,0,0,0,0,0.0,0.0,0,0,0,0,0,0,0,0,0,0,0,0,0,0,0.0,20,20,6,176,3,0
2026-06-25 20:30:00,2026-06-25,20:30:00,0,94,86,0,0,0,0,0.0,0.0,0,0,0,0,0,0,0,0,0,0,0,0,0,0,0.0,20,30,6,176,3,0
2026-06-25 20:40:00,2026-06-25,20:40:00,0,94,86,0,0,0,0,0.0,0.0,0,0,0,0,0,0,0,0,0,0,0,0,0,0,0.0,20,40,6,176,3,0
2026-06-25 20:50:00,2026-06-25,20:50:00,0,94,86,0,0,0,0,0.0,0.0,0,0,0,0,0,0,0,0,0,0,0,0,0,0,0.0,20,50,6,176,3,0
2026-06-25 21:00:00,2026-06-25,21:00:00,0,94,86,0,0,0,0,0.0,0.0,0,0,0,0,0,0,0,0,0,0,0,0,0,0,0.0,21,0,6,176,3,0
2026-06-25 21:20:00,2026-06-25,21:20:00,0,94,86,0,0,0,0,0.0,0.0,0,0,0,0,0,0,0,0,0,0,0,0,0,0,0.0,21,20,6,176,3,0
2026-06-25 21:40:00,2026-06-25,21:40:00,0,94,86,0,0,0,0,0.0,0.0,0,0,0,0,0,0,0,0,0,0,0,0,0,0,0.0,21,40,6,176,3,0
2026-06-25 21:50:00,2026-06-25,21:50:00,0,94,86,0,0,0,0,0.0,0.0,0,0,0,0,0,0,0,0,0,0,0,0,0,0,0.0,21,50,6,176,3,0
2026-06-25 21:50:59,2026-06-25,21:50:59,0,94,86,0,0,0,0,0.0,0.0,0,0,0,0,0,0,0,0,0,0,0,0,0,0,0.0,21,50,6,176,3,0
2026-06-25 22:00:00,2026-06-25,22:00:00,0,94,86,0,0,0,0,0.0,0.0,0,0,0,0,0,0,0,0,0,0,0,0,0,0,0.0,22,0,6,176,3,0
2026-06-25 22:00:59,2026-06-25,22:00:59,0,94,86,0,0,0,0,0.0,0.0,0,0,0,0,0,0,0,0,0,0,0,0,0,0,0.0,22,0,6,176,3,0
2026-06-25 22:10:00,2026-06-25,22:10:00,0,94,86,0,0,0,0,0.0,0.0,0,0,0,0,0,0,0,0,0,0,0,0,0,0,0.0,22,10,6,176,3,0
2026-06-25 22:20:00,2026-06-25,22:20:00,0,94,86,0,0,0,0,0.0,0.0,0,0,0,0,0,0,0,0,0,0,0,0,0,0,0.0,22,20,6,176,3,0
2026-06-25 22:30:00,2026-06-25,22:30:00,0,94,86,0,0,0,0,0.0,0.0,0,0,0,0,0,0,0,0,0,0,0,0,0,0,0.0,22,30,6,176,3,0
2026-06-25 22:40:00,2026-06-25,22:40:00,0,94,86,0,0,0,0,0.0,0.0,0,0,0,0,0,0,0,0,0,0,0,0,0,0,0.0,22,40,6,176,3,0
2026-06-25 22:50:00,2026-06-25,22:50:00,0,94,86,0,0,0,0,0.0,0.0,0,0,0,0,0,0,0,0,0,0,0,0,0,0,0.0,22,50,6,176,3,0
2026-06-25 23:00:00,2026-06-25,23:00:00,0,94,86,0,0,0,0,0.0,0.0,0,0,0,0,0,0,0,0,0,0,0,0,0,0,0.0,23,0,6,176,3,0
2026-06-25 23:00:59,2026-06-25,23:00:59,0,94,86,0,0,0,0,0.0,0.0,0,0,0,0,0,0,0,0,0,0,0,0,0,0,0.0,23,0,6,176,3,0
2026-06-25 23:10:00,2026-06-25,23:10:00,0,94,86,0,0,0,0,0.0,0.0,0,0,0,0,0,0,0,0,0,0,0,0,0,0,0.0,23,10,6,176,3,0
2026-06-25 23:20:00,2026-06-25,23:20:00,0,94,86,0,0,0,0,0.0,0.0,0,0,0,0,0,0,0,0,0,0,0,0,0,0,0.0,23,20,6,176,3,0
2026-06-25 23:40:00,2026-06-25,23:40:00,0,94,86,0,0,0,0,0.0,0.0,0,0,0,0,0,0,0,0,0,0,0,0,0,0,0.0,23,40,6,176,3,0
2026-06-25 23:50:00,2026-06-25,23:50:00,0,94,86,0,0,0,0,0.0,0.0,0,0,0,0,0,0,0,0,0,0,0,0,0,0,0.0,23,50,6,176,3,0
2026-06-26 00:00:00,2026-06-26,00:00:00,0,94,86,0,0,0,0,0.0,0.0,0,0,0,0,0,0,0,0,0,0,0,0,0,0,0.0,0,0,6,177,4,0
2026-06-26 00:10:00,2026-06-26,00:10:00,0,94,86,0,0,0,0,0.0,0.0,0,0,0,0,0,0,0,0,0,0,0,0,0,0,0.0,0,10,6,177,4,0
2026-06-26 00:20:00,2026-06-26,00:20:00,0,94,86,0,0,0,0,0.0,0.0,0,0,0,0,0,0,0,0,0,0,0,0,0,0,0.0,0,20,6,177,4,0
2026-06-26 00:30:59,2026-06-26,00:30:59,0,94,86,0,0,0,0,0.0,0.0,0,0,0,0,0,0,0,0,0,0,0,0,0,0,0.0,0,30,6,177,4,0
2026-06-26 00:40:00,2026-06-26,00:40:00,0,94,86,0,0,0,0,0.0,0.0,0,0,0,0,0,0,0,0,0,0,0,0,0,0,0.0,0,40,6,177,4,0
2026-06-26 00:50:00,2026-06-26,00:50:00,0,94,86,0,0,0,0,0.0,0.0,0,0,0,0,0,0,0,0,0,0,0,0,0,0,0.0,0,50,6,177,4,0
2026-06-26 01:10:00,2026-06-26,01:10:00,0,94,86,0,0,0,0,0.0,0.0,0,0,0,0,0,0,0,0,0,0,0,0,0,0,0.0,1,10,6,177,4,0
2026-06-26 01:10:59,2026-06-26,01:10:59,0,94,86,0,0,0,0,0.0,0.0,0,0,0,0,0,0,0,0,0,0,0,0,0,0,0.0,1,10,6,177,4,0
2026-06-26 01:20:00,2026-06-26,01:20:00,0,94,86,0,0,0,0,0.0,0.0,0,0,0,0,0,0,0,0,0,0,0,0,0,0,0.0,1,20,6,177,4,0
2026-06-26 01:30:00,2026-06-26,01:30:00,0,94,86,0,0,0,0,0.0,0.0,0,0,0,0,0,0,0,0,0,0,0,0,0,0,0.0,1,30,6,177,4,0
2026-06-26 01:40:00,2026-06-26,01:40:00,0,94,86,0,0,0,0,0.0,0.0,0,0,0,0,0,0,0,0,0,0,0,0,0,0,0.0,1,40,6,177,4,0
2026-06-26 01:50:00,2026-06-26,01:50:00,0,94,86,0,0,0,0,0.0,0.0,0,0,0,0,0,0,0,0,0,0,0,0,0,0,0.0,1,50,6,177,4,0
2026-06-26 02:00:00,2026-06-26,02:00:00,0,94,86,0,0,0,0,0.0,0.0,0,0,0,0,0,0,0,0,0,0,0,0,0,0,0.0,2,0,6,177,4,0
2026-06-26 02:10:00,2026-06-26,02:10:00,0,94,86,0,0,0,0,0.0,0.0,0,0,0,0,0,0,0,0,0,0,0,0,0,0,0.0,2,10,6,177,4,0
2026-06-26 02:20:00,2026-06-26,02:20:00,0,94,86,0,0,0,0,0.0,0.0,0,0,0,0,0,0,0,0,0,0,0,0,0,0,0.0,2,20,6,177,4,0
2026-06-26 02:30:00,2026-06-26,02:30:00,0,94,86,0,0,0,0,0.0,0.0,0,0,0,0,0,0,0,0,0,0,0,0,0,0,0.0,2,30,6,177,4,0
2026-06-26 02:30:59,2026-06-26,02:30:59,0,94,86,0,0,0,0,0.0,0.0,0,0,0,0,0,0,0,0,0,0,0,0,0,0,0.0,2,30,6,177,4,0
2026-06-26 02:40:00,2026-06-26,02:40:00,0,94,86,0,0,0,0,0.0,0.0,0,0,0,0,0,0,0,0,0,0,0,0,0,0,0.0,2,40,6,177,4,0
2026-06-26 02:50:00,2026-06-26,02:50:00,0,94,86,0,0,0,0,0.0,0.0,0,0,0,0,0,0,0,0,0,0,0,0,0,0,0.0,2,50,6,177,4,0
2026-06-26 03:20:00,2026-06-26,03:20:00,0,94,86,0,0,0,0,0.0,0.0,0,0,0,0,0,0,0,0,0,0,0,0,0,0,0.0,3,20,6,177,4,0
2026-06-26 03:30:00,2026-06-26,03:30:00,0,94,86,0,0,0,0,0.0,0.0,0,0,0,0,0,0,0,0,0,0,0,0,0,0,0.0,3,30,6,177,4,0
2026-06-26 03:40:00,2026-06-26,03:40:00,0,94,86,0,0,0,0,0.0,0.0,0,0,0,0,0,0,0,0,0,0,0,0,0,0,0.0,3,40,6,177,4,0
2026-06-26 03:50:00,2026-06-26,03:50:00,0,94,86,0,0,0,0,0.0,0.0,0,0,0,0,0,0,0,0,0,0,0,0,0,0,0.0,3,50,6,177,4,0
2026-06-26 03:50:59,2026-06-26,03:50:59,0,94,86,0,0,0,0,0.0,0.0,0,0,0,0,0,0,0,0,0,0,0,0,0,0,0.0,3,50,6,177,4,0
2026-06-26 04:00:00,2026-06-26,04:00:00,0,94,86,0,0,0,0,0.0,0.0,0,0,0,0,0,0,0,0,0,0,0,0,0,0,0.0,4,0,6,177,4,0
2026-06-26 04:10:00,2026-06-26,04:10:00,0,94,86,0,0,0,0,0.0,0.0,0,0,0,0,0,0,0,0,0,0,0,0,0,0,0.0,4,10,6,177,4,0
2026-06-26 04:20:00,2026-06-26,04:20:00,0,94,86,0,0,0,0,0.0,0.0,0,0,0,0,0,0,0,0,0,0,0,0,0,0,0.0,4,20,6,177,4,0
2026-06-26 04:30:00,2026-06-26,04:30:00,0,94,86,0,0,0,0,0.0,0.0,0,0,0,0,0,0,0,0,0,0,0,0,0,0,0.0,4,30,6,177,4,0
2026-06-26 04:40:00,2026-06-26,04:40:00,0,94,86,0,0,0,0,0.0,0.0,0,0,0,0,0,0,0,0,0,0,0,0,0,0,0.0,4,40,6,177,4,0
2026-06-26 05:00:00,2026-06-26,05:00:00,0,94,86,0,0,0,0,0.0,0.0,0,0,0,0,0,0,0,0,0,0,0,0,0,0,180.0,5,0,6,177,4,0
2026-06-26 05:10:00,2026-06-26,05:10:00,0,94,86,0,0,0,0,0.0,0.0,0,0,0,0,0,0,0,0,0,0,0,0,0,0,180.0,5,10,6,177,4,0
2026-06-26 05:20:00,2026-06-26,05:20:00,0,94,86,0,0,0,0,0.0,0.0,0,0,0,0,0,0,0,0,0,0,0,0,0,0,180.0,5,20,6,177,4,0
2026-06-26 05:20:59,2026-06-26,05:20:59,0,94,86,0,0,0,0,0.0,0.0,0,0,0,0,0,0,0,0,0,0,0,0,0,0,180.0,5,20,6,177,4,0
2026-06-26 05:30:00,2026-06-26,05:30:00,3,94,86,0,0,0,0,0.0,0.0,0,0,0,0,0,0,0,0,0,0,0,0,0,0,180.0,5,30,6,177,4,0
2026-06-26 05:40:00,2026-06-26,05:40:00,7,94,86,0,0,0,0,0.0,0.0,0,0,0,0,0,0,0,0,0,0,0,0,0,0,180.0,5,40,6,177,4,0
2026-06-26 05:40:59,2026-06-26,05:40:59,8,94,86,0,0,0,0,0.0,0.0,0,0,0,0,0,0,0,0,0,0,0,0,0,0,180.0,5,40,6,177,4,0
2026-06-26 05:50:00,2026-06-26,05:50:00,13,94,86,0,0,0,0,0.0,0.0,0,0,0,0,0,0,0,0,0,0,0,0,0,0,180.0,5,50,6,177,4,0
2026-06-26 06:00:00,2026-06-26,06:00:00,19,94,86,0,0,0,0,0.0,0.0,0,0,0,0,0,0,0,0,0,0,0,0,0,0,180.0,6,0,6,177,4,1
2026-06-26 06:10:00,2026-06-26,06:10:00,27,94,86,0,0,0,0,0.0,0.0,0,0,0,0,0,0,0,0,0,0,0,0,0,0,180.0,6,10,6,177,4,1
2026-06-26 06:20:00,2026-06-26,06:20:00,35,94,86,0,0,0,0,0.0,0.0,0,0,0,0,0,0,0,0,1,1,0,0,0,0,182.0,6,20,6,177,4,1
2026-06-26 06:30:00,2026-06-26,06:30:00,43,94,86,0,0,0,0,0.0,0.0,0,0,0,0,4,0,0,1,1,1,0,0,0,0,187.0,6,30,6,177,4,1
2026-06-26 06:50:00,2026-06-26,06:50:00,63,94,86,0,0,0,0,0.0,0.0,0,0,1,1,7,0,1,1,2,2,0,0,0,0,195.0,6,50,6,177,4,1
2026-06-26 07:00:00,2026-06-26,07:00:00,67,94,86,0,0,0,0,0.0,0.0,0,0,1,1,9,0,1,2,2,3,0,0,0,0,199.0,7,0,6,177,4,1
2026-06-26 07:10:00,2026-06-26,07:10:00,73,94,86,0,0,0,0,0.0,0.0,0,1,2,2,12,0,1,2,3,4,0,0,0,0,207.0,7,10,6,177,4,1
2026-06-26 07:30:00,2026-06-26,07:30:00,84,94,86,0,0,0,0,0.0,0.0,0,1,2,2,17,0,2,4,5,5,0,0,0,0,218.0,7,30,6,177,4,1
2026-06-26 07:50:00,2026-06-26,07:50:00,65,94,86,0,0,0,0,0.0,0.0,0,0,0,0,0,0,0,0,0,0,0,0,0,0,180.0,7,50,6,177,4,1
2026-06-26 08:00:00,2026-06-26,08:00:00,105,94,86,0,0,0,0,0.0,0.0,0,2,2,2,21,0,4,6,8,8,0,0,0,0,233.0,8,0,6,177,4,1
2026-06-26 08:10:00,2026-06-26,08:10:00,121,94,86,0,0,0,0,0.0,0.0,1,2,2,2,22,0,4,7,9,10,0,0,0,0,239.0,8,10,6,177,4,1
2026-06-26 08:20:00,2026-06-26,08:20:00,67,94,86,0,0,0,0,0.0,0.0,1,3,2,2,23,0,5,8,10,11,0,0,0,0,245.0,8,20,6,177,4,1
2026-06-26 08:30:00,2026-06-26,08:30:00,131,94,86,0,0,0,0,0.0,0.0,0,3,2,2,24,0,6,9,11,12,0,0,0,0,249.0,8,30,6,177,4,1
2026-06-26 08:50:00,2026-06-26,08:50:00,158,94,86,0,0,0,0,0.0,0.0,1,3,3,3,26,0,7,10,13,14,0,0,0,0,260.0,8,50,6,177,4,1
2026-06-26 09:10:00,2026-06-26,09:10:00,204,94,86,0,0,0,0,0.0,0.0,1,4,3,3,27,0,9,11,15,16,0,0,0,0,269.0,9,10,6,177,4,1
2026-06-26 09:20:00,2026-06-26,09:20:00,336,94,86,0,0,0,0,0.0,0.0,1,4,3,3,28,0,10,12,16,18,0,0,0,0,275.0,9,20,6,177,4,1
2026-06-26 09:30:00,2026-06-26,09:30:00,310,94,86,0,0,0,0,0.0,0.0,0,4,2,2,28,0,5,7,13,12,5,0,0,0,258.0,9,30,6,177,4,1
2026-06-26 09:40:00,2026-06-26,09:40:00,576,94,86,0,0,0,0,0.0,0.0,3,5,2,2,29,0,11,13,18,19,7,0,0,0,289.0,9,40,6,177,4,1
2026-06-26 09:50:59,2026-06-26,09:50:59,635,94,86,0,0,0,0,0.0,0.0,3,5,2,2,30,0,12,14,19,20,7,0,0,0,294.0,9,50,6,177,4,1
2026-06-26 10:00:00,2026-06-26,10:00:00,660,94,86,0,0,0,0,0.0,0.0,3,5,2,2,30,0,12,15,21,21,8,0,0,0,299.0,10,0,6,177,4,1
2026-06-26 10:10:00,2026-06-26,10:10:00,698,94,86,0,0,0,0,0.0,0.0,3,5,2,2,30,0,13,15,21,22,8,0,0,0,301.0,10,10,6,177,4,1
2026-06-26 10:30:00,2026-06-26,10:30:00,738,94,86,0,0,0,0,0.0,0.0,0,6,2,2,30,0,13,16,22,24,9,0,0,0,304.0,10,30,6,177,4,1
2026-06-26 10:50:00,2026-06-26,10:50:00,764,94,86,0,0,0,0,0.0,0.0,3,6,2,2,30,0,14,16,23,25,9,0,0,0,310.0,10,50,6,177,4,1
2026-06-26 11:00:00,2026-06-26,11:00:00,798,94,86,0,0,0,0,0.0,0.0,3,6,2,2,31,0,14,17,24,26,9,0,0,0,314.0,11,0,6,177,4,1
2026-06-26 11:00:59,2026-06-26,11:00:59,800,94,86,0,0,0,0,0.0,0.0,3,6,2,2,31,0,14,17,24,26,9,0,0,0,314.0,11,0,6,177,4,1
2026-06-26 11:10:00,2026-06-26,11:10:00,819,94,86,0,0,0,0,0.0,0.0,3,6,2,2,31,0,15,17,22,27,9,0,0,0,314.0,11,10,6,177,4,1
2026-06-26 11:20:00,2026-06-26,11:20:00,818,94,86,0,0,0,0,0.0,0.0,3,6,1,1,30,0,15,17,21,27,10,0,0,0,311.0,11,20,6,177,4,1
2026-06-26 11:30:00,2026-06-26,11:30:00,842,94,86,0,0,0,0,0.0,0.0,3,6,1,1,30,0,15,18,22,27,10,0,0,0,313.0,11,30,6,177,4,1
2026-06-26 11:40:00,2026-06-26,11:40:00,841,94,86,0,0,0,0,0.0,0.0,4,6,1,1,31,0,15,18,21,27,10,0,0,0,314.0,11,40,6,177,4,1
2026-06-26 11:50:00,2026-06-26,11:50:00,849,94,86,0,0,0,0,0.0,0.0,4,6,1,1,31,0,15,17,20,27,9,0,0,0,311.0,11,50,6,177,4,1
2026-06-26 11:50:59,2026-06-26,11:50:59,853,94,86,0,0,0,0,0.0,0.0,4,6,1,1,30,0,15,18,21,27,10,0,0,0,313.0,11,50,6,177,4,1
2026-06-26 12:00:00,2026-06-26,12:00:00,859,94,86,0,0,0,0,0.0,0.0,4,6,1,1,31,0,15,17,21,27,10,0,0,0,313.0,12,0,6,177,4,1
2026-06-26 12:10:00,2026-06-26,12:10:00,856,94,86,0,0,0,0,0.0,0.0,4,6,1,1,30,0,15,18,22,27,9,0,0,0,313.0,12,10,6,177,4,1
2026-06-26 12:20:00,2026-06-26,12:20:00,890,94,86,0,0,0,0,0.0,0.0,4,7,1,1,31,0,16,18,21,29,10,0,0,0,318.0,12,20,6,177,4,1
2026-06-26 12:30:00,2026-06-26,12:30:00,894,94,86,0,0,0,0,0.0,0.0,4,6,1,1,31,0,15,18,20,28,10,0,0,0,314.0,12,30,6,177,4,1
2026-06-26 12:40:00,2026-06-26,12:40:00,909,94,86,0,0,0,0,0.0,0.0,0,6,1,1,30,0,16,18,22,29,10,0,0,0,313.0,12,40,6,177,4,1
2026-06-26 12:50:00,2026-06-26,12:50:00,829,94,86,0,0,0,0,0.0,0.0,4,7,1,1,30,0,12,15,18,24,9,0,0,0,301.0,12,50,6,177,4,1
2026-06-26 13:00:00,2026-06-26,13:00:00,895,94,86,0,0,0,0,0.0,0.0,4,7,1,1,31,0,15,18,23,28,10,0,0,0,318.0,13,0,6,177,4,1
2026-06-26 13:10:00,2026-06-26,13:10:00,921,94,86,0,0,0,0,0.0,0.0,4,7,1,1,0,0,16,18,21,29,10,0,0,0,287.0,13,10,6,177,4,1
2026-06-26 13:30:00,2026-06-26,13:30:00,933,94,86,0,0,0,0,0.0,0.0,1,7,1,1,31,0,16,19,23,29,11,0,0,0,319.0,13,30,6,177,4,1
2026-06-26 13:40:00,2026-06-26,13:40:00,879,94,86,0,0,0,0,0.0,0.0,3,6,2,2,31,0,15,18,22,28,10,0,0,0,317.0,13,40,6,177,4,1
2026-06-26 13:50:00,2026-06-26,13:50:00,795,94,86,0,0,0,0,0.0,0.0,1,5,1,1,15,0,15,18,21,28,10,0,0,0,295.0,13,50,6,177,4,1
2026-06-26 14:00:00,2026-06-26,14:00:00,857,94,86,0,0,0,0,0.0,0.0,3,6,2,2,32,0,15,18,22,27,10,0,0,0,317.0,14,0,6,177,4,1
2026-06-26 14:10:00,2026-06-26,14:10:00,841,94,86,0,0,0,0,0.0,0.0,1,6,2,2,32,0,15,17,21,27,9,0,0,0,312.0,14,10,6,177,4,1
2026-06-26 14:20:00,2026-06-26,14:20:00,816,94,86,0,0,0,0,0.0,0.0,3,6,2,2,30,0,14,17,21,26,9,0,0,0,310.0,14,20,6,177,4,1
2026-06-26 14:30:59,2026-06-26,14:30:59,821,94,86,0,0,0,0,0.0,0.0,3,6,2,2,32,0,15,17,25,26,8,0,0,0,316.0,14,30,6,177,4,1
2026-06-26 14:40:00,2026-06-26,14:40:00,695,94,86,0,0,0,0,0.0,0.0,3,6,2,2,18,0,14,16,22,25,8,0,0,0,296.0,14,40,6,177,4,1
2026-06-26 14:50:00,2026-06-26,14:50:00,801,94,86,0,0,0,0,0.0,0.0,1,5,2,2,30,0,14,16,22,25,9,0,0,0,306.0,14,50,6,177,4,1
2026-06-26 15:00:00,2026-06-26,15:00:00,724,94,86,0,0,0,0,0.0,0.0,3,5,2,2,29,0,12,15,20,23,8,0,0,0,299.0,15,0,6,177,4,1
2026-06-26 15:10:00,2026-06-26,15:10:00,707,94,86,0,0,0,0,0.0,0.0,3,5,2,2,29,0,12,15,19,22,8,0,0,0,297.0,15,10,6,177,4,1
2026-06-26 15:20:00,2026-06-26,15:20:00,583,94,86,0,0,0,0,0.0,0.0,2,4,2,2,11,0,11,13,20,21,7,0,0,0,273.0,15,20,6,177,4,1
2026-06-26 15:30:00,2026-06-26,15:30:00,382,94,86,0,0,0,0,0.0,0.0,2,1,1,1,8,0,4,5,7,7,2,0,0,0,218.0,15,30,6,177,4,1
2026-06-26 15:40:00,2026-06-26,15:40:00,252,94,86,0,0,0,0,0.0,0.0,1,1,0,0,8,0,6,7,10,11,2,0,0,0,226.0,15,40,6,177,4,1
2026-06-26 15:50:00,2026-06-26,15:50:00,126,94,86,0,0,0,0,0.0,0.0,0,1,0,0,5,0,2,3,4,4,0,0,0,0,199.0,15,50,6,177,4,1
2026-06-26 16:00:00,2026-06-26,16:00:00,128,94,86,0,0,0,0,0.0,0.0,0,1,0,0,4,0,2,3,4,4,0,0,0,0,198.0,16,0,6,177,4,1
2026-06-26 16:10:00,2026-06-26,16:10:00,122,94,86,0,0,0,0,0.0,0.0,0,1,0,0,4,0,2,2,4,4,0,0,0,0,197.0,16,10,6,177,4,1
2026-06-26 16:20:00,2026-06-26,16:20:00,187,94,86,0,0,0,0,0.0,0.0,0,2,1,1,9,0,3,4,5,6,1,0,0,0,212.0,16,20,6,177,4,1
2026-06-26 16:40:00,2026-06-26,16:40:00,78,94,86,0,0,0,0,0.0,0.0,0,0,0,0,2,0,1,1,2,2,0,0,0,0,188.0,16,40,6,177,4,1
2026-06-26 16:50:00,2026-06-26,16:50:00,57,94,86,0,0,0,0,0.0,0.0,0,0,0,0,2,0,0,1,1,1,0,0,0,0,185.0,16,50,6,177,4,1
2026-06-26 17:00:00,2026-06-26,17:00:00,82,94,86,0,0,0,0,0.0,0.0,0,0,0,0,4,0,1,1,2,2,0,0,0,0,190.0,17,0,6,177,4,1
2026-06-26 17:20:00,2026-06-26,17:20:00,270,94,86,0,0,0,0,0.0,0.0,1,1,1,1,16,0,4,5,8,8,2,0,0,0,227.0,17,20,6,177,4,1
2026-06-26 17:30:00,2026-06-26,17:30:00,220,94,86,0,0,0,0,0.0,0.0,0,1,1,1,14,0,3,4,6,6,1,0,0,0,217.0,17,30,6,177,4,1
2026-06-26 17:30:59,2026-06-26,17:30:59,226,94,86,0,0,0,0,0.0,0.0,0,1,1,1,14,0,3,4,6,7,1,0,0,0,218.0,17,30,6,177,4,1
2026-06-26 17:40:00,2026-06-26,17:40:00,194,94,86,0,0,0,0,0.0,0.0,0,1,1,1,11,0,3,4,5,6,1,0,0,0,213.0,17,40,6,177,4,1
2026-06-26 18:00:00,2026-06-26,18:00:00,112,94,86,0,0,0,0,0.0,0.0,0,0,0,0,6,0,1,2,3,3,0,0,0,0,195.0,18,0,6,177,4,1
2026-06-26 18:10:00,2026-06-26,18:10:00,91,94,86,0,0,0,0,0.0,0.0,0,0,0,0,4,0,1,1,2,2,0,0,0,0,190.0,18,10,6,177,4,1
2026-06-26 18:20:00,2026-06-26,18:20:00,67,94,86,0,0,0,0,0.0,0.0,0,0,0,0,3,0,1,1,2,2,0,0,0,0,189.0,18,20,6,177,4,1
2026-06-26 18:40:00,2026-06-26,18:40:00,32,94,86,0,0,0,0,0.0,0.0,0,0,0,0,1,0,0,0,0,1,0,0,0,0,182.0,18,40,6,177,4,1
2026-06-26 18:50:00,2026-06-26,18:50:00,15,94,86,0,0,0,0,0.0,0.0,0,0,0,0,0,0,0,0,0,0,0,0,0,0,180.0,18,50,6,177,4,1
2026-06-26 19:00:00,2026-06-26,19:00:00,2,94,86,0,0,0,0,0.0,0.0,0,0,0,0,0,0,0,0,0,0,0,0,0,0,180.0,19,0,6,177,4,0
2026-06-26 19:10:00,2026-06-26,19:10:00,0,94,86,0,0,0,0,0.0,0.0,0,0,0,0,0,0,0,0,0,0,0,0,0,0,180.0,19,10,6,177,4,0
2026-06-26 19:20:00,2026-06-26,19:20:00,0,94,86,0,0,0,0,0.0,0.0,0,0,0,0,0,0,0,0,0,0,0,0,0,0,180.0,19,20,6,177,4,0
2026-06-26 19:30:00,2026-06-26,19:30:00,0,94,86,0,0,0,0,0.0,0.0,0,0,0,0,0,0,0,0,0,0,0,0,0,0,180.0,19,30,6,177,4,0
2026-06-26 19:50:00,2026-06-26,19:50:00,0,94,86,0,0,0,0,0.0,0.0,0,0,0,0,0,0,0,0,0,0,0,0,0,0,180.0,19,50,6,177,4,0
2026-06-26 20:00:00,2026-06-26,20:00:00,0,94,86,0,0,0,0,0.0,0.0,0,0,0,0,0,0,0,0,0,0,0,0,0,0,0.0,20,0,6,177,4,0
2026-06-26 20:20:00,2026-06-26,20:20:00,0,94,86,0,0,0,0,0.0,0.0,0,0,0,0,0,0,0,0,0,0,0,0,0,0,0.0,20,20,6,177,4,0
2026-06-26 20:30:00,2026-06-26,20:30:00,0,94,86,0,0,0,0,0.0,0.0,0,0,0,0,0,0,0,0,0,0,0,0,0,0,0.0,20,30,6,177,4,0
2026-06-26 20:40:00,2026-06-26,20:40:00,0,94,86,0,0,0,0,0.0,0.0,0,0,0,0,0,0,0,0,0,0,0,0,0,0,0.0,20,40,6,177,4,0
2026-06-26 21:00:00,2026-06-26,21:00:00,0,94,86,0,0,0,0,0.0,0.0,0,0,0,0,0,0,0,0,0,0,0,0,0,0,0.0,21,0,6,177,4,0
2026-06-26 21:10:00,2026-06-26,21:10:00,0,94,86,0,0,0,0,0.0,0.0,0,0,0,0,0,0,0,0,0,0,0,0,0,0,0.0,21,10,6,177,4,0
2026-06-26 21:20:00,2026-06-26,21:20:00,0,94,86,0,0,0,0,0.0,0.0,0,0,0,0,0,0,0,0,0,0,0,0,0,0,0.0,21,20,6,177,4,0
2026-06-26 21:30:00,2026-06-26,21:30:00,0,94,86,0,0,0,0,0.0,0.0,0,0,0,0,0,0,0,0,0,0,0,0,0,0,0.0,21,30,6,177,4,0
2026-06-26 21:40:00,2026-06-26,21:40:00,0,94,86,0,0,0,0,0.0,0.0,0,0,0,0,0,0,0,0,0,0,0,0,0,0,0.0,21,40,6,177,4,0
2026-06-26 21:50:00,2026-06-26,21:50:00,0,94,86,0,0,0,0,0.0,0.0,0,0,0,0,0,0,0,0,0,0,0,0,0,0,0.0,21,50,6,177,4,0
2026-06-26 22:00:00,2026-06-26,22:00:00,0,94,86,0,0,0,0,0.0,0.0,0,0,0,0,0,0,0,0,0,0,0,0,0,0,0.0,22,0,6,177,4,0
2026-06-26 22:10:00,2026-06-26,22:10:00,0,94,86,0,0,0,0,0.0,0.0,0,0,0,0,0,0,0,0,0,0,0,0,0,0,0.0,22,10,6,177,4,0
2026-06-26 22:20:00,2026-06-26,22:20:00,0,94,86,0,0,0,0,0.0,0.0,0,0,0,0,0,0,0,0,0,0,0,0,0,0,0.0,22,20,6,177,4,0
2026-06-26 22:20:59,2026-06-26,22:20:59,0,94,86,0,0,0,0,0.0,0.0,0,0,0,0,0,0,0,0,0,0,0,0,0,0,0.0,22,20,6,177,4,0
2026-06-26 22:30:00,2026-06-26,22:30:00,2,94,86,0,0,0,0,0.0,0.0,0,0,0,0,0,0,0,0,0,0,0,0,0,0,180.0,22,30,6,177,4,0
2026-06-26 22:40:00,2026-06-26,22:40:00,0,94,86,0,0,0,0,0.0,0.0,0,0,0,0,0,0,0,0,0,0,0,0,0,0,0.0,22,40,6,177,4,0
2026-06-26 22:50:00,2026-06-26,22:50:00,0,94,86,0,0,0,0,0.0,0.0,0,0,0,0,0,0,0,0,0,0,0,0,0,0,0.0,22,50,6,177,4,0
2026-06-26 23:00:00,2026-06-26,23:00:00,0,94,86,0,0,0,0,0.0,0.0,0,0,0,0,0,0,0,0,0,0,0,0,0,0,0.0,23,0,6,177,4,0
2026-06-26 23:10:00,2026-06-26,23:10:00,0,94,86,0,0,0,0,0.0,0.0,0,0,0,0,0,0,0,0,0,0,0,0,0,0,0.0,23,10,6,177,4,0
2026-06-26 23:20:00,2026-06-26,23:20:00,0,94,86,0,0,0,0,0.0,0.0,0,0,0,0,0,0,0,0,0,0,0,0,0,0,0.0,23,20,6,177,4,0
2026-06-26 23:30:00,2026-06-26,23:30:00,0,94,86,0,0,0,0,0.0,0.0,0,0,0,0,0,0,0,0,0,0,0,0,0,0,0.0,23,30,6,177,4,0
2026-06-26 23:30:59,2026-06-26,23:30:59,0,94,86,0,0,0,0,0.0,0.0,0,0,0,0,0,0,0,0,0,0,0,0,0,0,0.0,23,30,6,177,4,0
2026-06-26 23:40:00,2026-06-26,23:40:00,0,94,86,0,0,0,0,0.0,0.0,0,0,0,0,0,0,0,0,0,0,0,0,0,0,0.0,23,40,6,177,4,0
2026-06-26 23:50:00,2026-06-26,23:50:00,0,94,86,0,0,0,0,0.0,0.0,0,0,0,0,0,0,0,0,0,0,0,0,0,0,0.0,23,50,6,177,4,0
2026-06-27 00:00:00,2026-06-27,00:00:00,0,94,86,0,0,0,0,0.0,0.0,0,0,0,0,0,0,0,0,0,0,0,0,0,0,0.0,0,0,6,178,5,0
2026-06-27 00:10:00,2026-06-27,00:10:00,0,94,86,0,0,0,0,0.0,0.0,0,0,0,0,0,0,0,0,0,0,0,0,0,0,0.0,0,10,6,178,5,0
2026-06-27 00:20:00,2026-06-27,00:20:00,0,94,86,0,0,0,0,0.0,0.0,0,0,0,0,0,0,0,0,0,0,0,0,0,0,0.0,0,20,6,178,5,0
2026-06-27 00:30:00,2026-06-27,00:30:00,0,94,86,0,0,0,0,0.0,0.0,0,0,0,0,0,0,0,0,0,0,0,0,0,0,0.0,0,30,6,178,5,0
2026-06-27 00:30:59,2026-06-27,00:30:59,0,94,86,0,0,0,0,0.0,0.0,0,0,0,0,0,0,0,0,0,0,0,0,0,0,0.0,0,30,6,178,5,0
2026-06-27 00:40:00,2026-06-27,00:40:00,0,94,86,0,0,0,0,0.0,0.0,0,0,0,0,0,0,0,0,0,0,0,0,0,0,0.0,0,40,6,178,5,0
2026-06-27 00:50:00,2026-06-27,00:50:00,0,94,86,0,0,0,0,0.0,0.0,0,0,0,0,0,0,0,0,0,0,0,0,0,0,0.0,0,50,6,178,5,0
2026-06-27 01:00:00,2026-06-27,01:00:00,0,94,86,0,0,0,0,0.0,0.0,0,0,0,0,0,0,0,0,0,0,0,0,0,0,0.0,1,0,6,178,5,0
2026-06-27 01:10:00,2026-06-27,01:10:00,0,94,86,0,0,0,0,0.0,0.0,0,0,0,0,0,0,0,0,0,0,0,0,0,0,0.0,1,10,6,178,5,0
2026-06-27 01:30:00,2026-06-27,01:30:00,0,94,86,0,0,0,0,0.0,0.0,0,0,0,0,0,0,0,0,0,0,0,0,0,0,0.0,1,30,6,178,5,0
2026-06-27 01:40:00,2026-06-27,01:40:00,1,94,86,0,0,0,0,0.0,0.0,0,0,0,0,0,0,0,0,0,0,0,0,0,0,0.0,1,40,6,178,5,0
2026-06-27 01:40:59,2026-06-27,01:40:59,0,94,86,0,0,0,0,0.0,0.0,0,0,0,0,0,0,0,0,0,0,0,0,0,0,0.0,1,40,6,178,5,0
2026-06-27 01:50:00,2026-06-27,01:50:00,0,94,86,0,0,0,0,0.0,0.0,0,0,0,0,0,0,0,0,0,0,0,0,0,0,0.0,1,50,6,178,5,0
2026-06-27 02:00:00,2026-06-27,02:00:00,0,94,86,0,0,0,0,0.0,0.0,0,0,0,0,0,0,0,0,0,0,0,0,0,0,0.0,2,0,6,178,5,0
2026-06-27 02:20:00,2026-06-27,02:20:00,0,94,86,0,0,0,0,0.0,0.0,0,0,0,0,0,0,0,0,0,0,0,0,0,0,0.0,2,20,6,178,5,0
2026-06-27 02:30:00,2026-06-27,02:30:00,2,94,86,0,0,0,0,0.0,0.0,0,0,0,0,0,0,0,0,0,0,0,0,0,0,180.0,2,30,6,178,5,0
2026-06-27 02:30:59,2026-06-27,02:30:59,0,94,86,0,0,0,0,0.0,0.0,0,0,0,0,0,0,0,0,0,0,0,0,0,0,0.0,2,30,6,178,5,0
2026-06-27 02:40:00,2026-06-27,02:40:00,0,94,86,0,0,0,0,0.0,0.0,0,0,0,0,0,0,0,0,0,0,0,0,0,0,0.0,2,40,6,178,5,0
2026-06-27 02:40:59,2026-06-27,02:40:59,0,94,86,0,0,0,0,0.0,0.0,0,0,0,0,0,0,0,0,0,0,0,0,0,0,0.0,2,40,6,178,5,0
2026-06-27 02:50:00,2026-06-27,02:50:00,0,94,86,0,0,0,0,0.0,0.0,0,0,0,0,0,0,0,0,0,0,0,0,0,0,0.0,2,50,6,178,5,0
2026-06-27 03:00:00,2026-06-27,03:00:00,0,94,86,0,0,0,0,0.0,0.0,0,0,0,0,0,0,0,0,0,0,0,0,0,0,0.0,3,0,6,178,5,0
2026-06-27 03:10:00,2026-06-27,03:10:00,0,94,86,0,0,0,0,0.0,0.0,0,0,0,0,0,0,0,0,0,0,0,0,0,0,0.0,3,10,6,178,5,0
2026-06-27 03:20:00,2026-06-27,03:20:00,0,94,86,0,0,0,0,0.0,0.0,0,0,0,0,0,0,0,0,0,0,0,0,0,0,0.0,3,20,6,178,5,0
2026-06-27 03:30:00,2026-06-27,03:30:00,0,94,86,0,0,0,0,0.0,0.0,0,0,0,0,0,0,0,0,0,0,0,0,0,0,0.0,3,30,6,178,5,0
2026-06-27 03:30:59,2026-06-27,03:30:59,0,94,86,0,0,0,0,0.0,0.0,0,0,0,0,0,0,0,0,0,0,0,0,0,0,0.0,3,30,6,178,5,0
2026-06-27 03:40:00,2026-06-27,03:40:00,0,94,86,0,0,0,0,0.0,0.0,0,0,0,0,0,0,0,0,0,0,0,0,0,0,0.0,3,40,6,178,5,0
2026-06-27 03:50:00,2026-06-27,03:50:00,0,94,86,0,0,0,0,0.0,0.0,0,0,0,0,0,0,0,0,0,0,0,0,0,0,0.0,3,50,6,178,5,0
2026-06-27 04:00:00,2026-06-27,04:00:00,0,94,86,0,0,0,0,0.0,0.0,0,0,0,0,0,0,0,0,0,0,0,0,0,0,0.0,4,0,6,178,5,0
2026-06-27 04:00:59,2026-06-27,04:00:59,0,94,86,0,0,0,0,0.0,0.0,0,0,0,0,0,0,0,0,0,0,0,0,0,0,0.0,4,0,6,178,5,0
2026-06-27 04:10:00,2026-06-27,04:10:00,0,94,86,0,0,0,0,0.0,0.0,0,0,0,0,0,0,0,0,0,0,0,0,0,0,0.0,4,10,6,178,5,0
2026-06-27 04:20:59,2026-06-27,04:20:59,0,94,86,0,0,0,0,0.0,0.0,0,0,0,0,0,0,0,0,0,0,0,0,0,0,0.0,4,20,6,178,5,0
2026-06-27 04:30:00,2026-06-27,04:30:00,0,94,86,0,0,0,0,0.0,0.0,0,0,0,0,0,0,0,0,0,0,0,0,0,0,0.0,4,30,6,178,5,0
2026-06-27 04:40:00,2026-06-27,04:40:00,0,94,86,0,0,0,0,0.0,0.0,0,0,0,0,0,0,0,0,0,0,0,0,0,0,0.0,4,40,6,178,5,0
2026-06-27 04:50:00,2026-06-27,04:50:00,0,94,86,0,0,0,0,0.0,0.0,0,0,0,0,0,0,0,0,0,0,0,0,0,0,0.0,4,50,6,178,5,0
2026-06-27 04:50:59,2026-06-27,04:50:59,0,94,86,0,0,0,0,0.0,0.0,0,0,0,0,0,0,0,0,0,0,0,0,0,0,0.0,4,50,6,178,5,0
2026-06-27 05:00:00,2026-06-27,05:00:00,0,94,86,0,0,0,0,0.0,0.0,0,0,0,0,0,0,0,0,0,0,0,0,0,0,180.0,5,0,6,178,5,0
2026-06-27 05:10:00,2026-06-27,05:10:00,0,94,86,0,0,0,0,0.0,0.0,0,0,0,0,0,0,0,0,0,0,0,0,0,0,180.0,5,10,6,178,5,0
2026-06-27 05:20:00,2026-06-27,05:20:00,0,94,86,0,0,0,0,0.0,0.0,0,0,0,0,0,0,0,0,0,0,0,0,0,0,180.0,5,20,6,178,5,0
2026-06-27 05:30:00,2026-06-27,05:30:00,0,94,86,0,0,0,0,0.0,0.0,0,0,0,0,0,0,0,0,0,0,0,0,0,0,180.0,5,30,6,178,5,0
2026-06-27 05:40:00,2026-06-27,05:40:00,3,94,86,0,0,0,0,0.0,0.0,0,0,0,0,0,0,0,0,0,0,0,0,0,0,180.0,5,40,6,178,5,0
2026-06-27 05:50:00,2026-06-27,05:50:00,7,94,86,0,0,0,0,0.0,0.0,0,0,0,0,0,0,0,0,0,0,0,0,0,0,180.0,5,50,6,178,5,0
2026-06-27 06:00:00,2026-06-27,06:00:00,15,94,86,0,0,0,0,0.0,0.0,0,0,0,0,0,0,0,0,0,0,0,0,0,0,180.0,6,0,6,178,5,1
2026-06-27 06:10:00,2026-06-27,06:10:00,25,94,86,0,0,0,0,0.0,0.0,0,0,0,0,0,0,0,0,0,0,0,0,0,0,180.0,6,10,6,178,5,1
2026-06-27 06:30:59,2026-06-27,06:30:59,48,94,86,0,0,0,0,0.0,0.0,0,0,0,0,2,0,0,1,1,1,0,0,0,0,185.0,6,30,6,178,5,1
2026-06-27 06:40:00,2026-06-27,06:40:00,50,94,86,0,0,0,0,0.0,0.0,0,0,0,0,3,0,0,1,1,1,0,0,0,0,186.0,6,40,6,178,5,1
2026-06-27 06:50:00,2026-06-27,06:50:00,68,94,86,0,0,0,0,0.0,0.0,0,0,0,0,5,0,1,1,2,2,0,0,0,0,191.0,6,50,6,178,5,1
2026-06-27 07:00:00,2026-06-27,07:00:00,78,94,86,0,0,0,0,0.0,0.0,0,0,1,1,7,0,1,2,3,3,0,0,0,0,198.0,7,0,6,178,5,1
2026-06-27 07:10:00,2026-06-27,07:10:00,90,94,86,0,0,0,0,0.0,0.0,0,0,0,0,0,0,0,0,0,0,0,0,0,0,180.0,7,10,6,178,5,1
2026-06-27 07:20:00,2026-06-27,07:20:00,93,94,86,0,0,0,0,0.0,0.0,0,1,1,1,10,0,2,3,4,4,0,0,0,0,206.0,7,20,6,178,5,1
2026-06-27 07:30:00,2026-06-27,07:30:00,56,94,86,0,0,0,0,0.0,0.0,0,1,1,1,11,0,2,3,4,5,1,0,0,0,209.0,7,30,6,178,5,1
2026-06-27 07:40:00,2026-06-27,07:40:00,118,94,86,0,0,0,0,0.0,0.0,0,0,0,0,0,0,0,0,0,0,0,0,0,0,180.0,7,40,6,178,5,1
2026-06-27 07:50:00,2026-06-27,07:50:00,126,94,86,0,0,0,0,0.0,0.0,0,1,1,1,14,0,3,4,6,6,1,0,0,0,217.0,7,50,6,178,5,1
2026-06-27 08:00:00,2026-06-27,08:00:00,137,94,86,0,0,0,0,0.0,0.0,0,0,2,2,15,0,3,0,0,0,1,0,0,0,203.0,8,0,6,178,5,1
2026-06-27 08:10:00,2026-06-27,08:10:00,150,94,86,0,0,0,0,0.0,0.0,1,2,2,2,18,0,4,6,8,9,3,0,0,0,235.0,8,10,6,178,5,1
2026-06-27 08:20:00,2026-06-27,08:20:00,157,94,86,0,0,0,0,0.0,0.0,1,2,2,2,19,0,5,7,9,9,2,0,0,0,238.0,8,20,6,178,5,1
2026-06-27 08:30:00,2026-06-27,08:30:00,171,94,86,0,0,0,0,0.0,0.0,0,3,2,2,20,0,5,7,10,11,0,0,0,0,240.0,8,30,6,178,5,1
2026-06-27 08:30:59,2026-06-27,08:30:59,172,94,86,0,0,0,0,0.0,0.0,1,3,2,2,21,0,5,8,10,11,3,0,0,0,246.0,8,30,6,178,5,1
2026-06-27 08:50:00,2026-06-27,08:50:00,197,94,86,0,0,0,0,0.0,0.0,1,3,2,2,22,0,6,9,12,13,4,0,0,0,254.0,8,50,6,178,5,1
2026-06-27 09:00:00,2026-06-27,09:00:00,212,94,86,0,0,0,0,0.0,0.0,1,3,2,2,24,0,7,10,13,14,5,0,0,0,261.0,9,0,6,178,5,1
2026-06-27 09:00:59,2026-06-27,09:00:59,216,94,86,0,0,0,0,0.0,0.0,1,3,2,2,24,0,7,10,13,14,5,0,0,0,261.0,9,0,6,178,5,1
2026-06-27 09:20:00,2026-06-27,09:20:00,319,94,86,0,0,0,0,0.0,0.0,1,4,2,2,25,0,9,11,15,16,6,0,0,0,271.0,9,20,6,178,5,1
2026-06-27 09:30:00,2026-06-27,09:30:00,497,94,86,0,0,0,0,0.0,0.0,0,0,0,0,0,0,0,0,0,0,0,0,0,0,180.0,9,30,6,178,5,1
2026-06-27 09:40:00,2026-06-27,09:40:00,522,94,86,0,0,0,0,0.0,0.0,0,0,0,0,0,0,0,0,0,0,0,0,0,0,180.0,9,40,6,178,5,1
2026-06-27 09:50:00,2026-06-27,09:50:00,582,94,86,0,0,0,0,0.0,0.0,0,0,0,0,0,0,0,0,0,0,0,0,0,0,180.0,9,50,6,178,5,1
2026-06-27 10:00:00,2026-06-27,10:00:00,615,94,86,0,0,0,0,0.0,0.0,0,0,0,0,0,0,0,0,0,0,0,0,0,0,180.0,10,0,6,178,5,1
2026-06-27 10:10:00,2026-06-27,10:10:00,639,94,86,0,0,0,0,0.0,0.0,0,0,0,0,0,0,0,0,0,0,0,0,0,0,180.0,10,10,6,178,5,1
2026-06-27 10:10:59,2026-06-27,10:10:59,646,94,86,0,0,0,0,0.0,0.0,0,0,0,0,0,0,0,0,0,0,0,0,0,0,180.0,10,10,6,178,5,1
2026-06-27 10:20:00,2026-06-27,10:20:00,664,94,86,0,0,0,0,0.0,0.0,3,0,2,2,0,0,12,0,0,0,6,0,0,0,205.0,10,20,6,178,5,1
2026-06-27 10:30:00,2026-06-27,10:30:00,682,94,86,0,0,0,0,0.0,0.0,3,5,2,2,28,0,12,15,21,22,8,0,0,0,298.0,10,30,6,178,5,1
2026-06-27 10:40:00,2026-06-27,10:40:00,706,94,86,0,0,0,0,0.0,0.0,0,5,2,2,28,0,13,15,22,23,8,0,0,0,298.0,10,40,6,178,5,1
2026-06-27 10:40:59,2026-06-27,10:40:59,709,94,86,0,0,0,0,0.0,0.0,3,5,2,2,28,0,13,15,22,23,8,0,0,0,301.0,10,40,6,178,5,1
2026-06-27 10:50:00,2026-06-27,10:50:00,736,94,86,0,0,0,0,0.0,0.0,3,5,2,2,28,0,13,16,22,24,8,0,0,0,303.0,10,50,6,178,5,1
2026-06-27 11:00:00,2026-06-27,11:00:00,741,94,86,0,0,0,0,0.0,0.0,3,6,2,2,28,0,13,15,22,24,8,0,0,0,303.0,11,0,6,178,5,1
2026-06-27 11:10:00,2026-06-27,11:10:00,780,94,86,0,0,0,0,0.0,0.0,3,6,2,2,29,0,14,16,24,25,9,0,0,0,310.0,11,10,6,178,5,1
2026-06-27 11:20:00,2026-06-27,11:20:00,808,94,86,0,0,0,0,0.0,0.0,3,6,2,2,29,0,14,17,24,26,9,0,0,0,312.0,11,20,6,178,5,1
2026-06-27 11:30:00,2026-06-27,11:30:00,833,94,86,0,0,0,0,0.0,0.0,3,6,1,1,30,0,14,17,24,26,9,0,0,0,311.0,11,30,6,178,5,1
2026-06-27 11:40:00,2026-06-27,11:40:00,837,94,86,0,0,0,0,0.0,0.0,3,6,1,1,30,0,14,17,23,27,9,0,0,0,311.0,11,40,6,178,5,1
2026-06-27 11:50:00,2026-06-27,11:50:00,832,94,86,0,0,0,0,0.0,0.0,3,6,1,1,29,0,14,17,23,26,9,0,0,0,309.0,11,50,6,178,5,1
2026-06-27 12:00:00,2026-06-27,12:00:00,833,94,86,0,0,0,0,0.0,0.0,3,6,1,1,29,0,14,17,22,26,9,0,0,0,308.0,12,0,6,178,5,1
2026-06-27 12:10:00,2026-06-27,12:10:00,836,94,86,0,0,0,0,0.0,0.0,3,6,1,1,29,0,14,17,22,26,9,0,0,0,308.0,12,10,6,178,5,1
2026-06-27 12:20:00,2026-06-27,12:20:00,821,94,86,0,0,0,0,0.0,0.0,3,6,1,1,28,0,14,17,21,26,9,0,0,0,306.0,12,20,6,178,5,1
2026-06-27 12:30:00,2026-06-27,12:30:00,855,94,86,0,0,0,0,0.0,0.0,3,6,1,1,30,0,15,17,21,27,9,0,0,0,310.0,12,30,6,178,5,1
2026-06-27 12:40:00,2026-06-27,12:40:00,841,94,86,0,0,0,0,0.0,0.0,3,6,1,1,29,0,14,17,21,26,9,0,0,0,307.0,12,40,6,178,5,1
2026-06-27 13:00:00,2026-06-27,13:00:00,870,94,86,0,0,0,0,0.0,0.0,3,6,1,1,30,0,15,18,21,28,10,0,0,0,313.0,13,0,6,178,5,1
2026-06-27 13:00:59,2026-06-27,13:00:59,876,94,86,0,0,0,0,0.0,0.0,3,6,1,1,30,0,14,17,21,27,10,0,0,0,310.0,13,0,6,178,5,1
2026-06-27 13:10:00,2026-06-27,13:10:00,791,94,86,0,0,0,0,0.0,0.0,3,5,1,1,23,0,14,17,21,26,9,0,0,0,300.0,13,10,6,178,5,1
2026-06-27 13:30:00,2026-06-27,13:30:00,784,94,86,0,0,0,0,0.0,0.0,0,6,2,2,31,0,13,16,24,25,9,0,0,0,308.0,13,30,6,178,5,1
2026-06-27 13:40:00,2026-06-27,13:40:00,857,94,86,0,0,0,0,0.0,0.0,4,6,2,2,31,0,15,17,22,27,9,0,0,0,315.0,13,40,6,178,5,1
2026-06-27 13:50:00,2026-06-27,13:50:00,199,94,86,0,0,0,0,0.0,0.0,1,1,0,0,8,0,3,4,6,6,0,0,0,0,209.0,13,50,6,178,5,1
2026-06-27 14:00:00,2026-06-27,14:00:00,321,94,86,0,0,0,0,0.0,0.0,2,3,1,1,12,0,6,7,10,10,2,0,0,0,234.0,14,0,6,178,5,1
2026-06-27 14:10:00,2026-06-27,14:10:00,269,94,86,0,0,0,0,0.0,0.0,1,2,1,1,10,0,4,6,8,8,0,0,0,0,221.0,14,10,6,178,5,1
2026-06-27 14:20:00,2026-06-27,14:20:00,775,94,86,0,0,0,0,0.0,0.0,3,6,2,2,29,0,14,16,24,25,9,0,0,0,310.0,14,20,6,178,5,1
2026-06-27 14:30:00,2026-06-27,14:30:00,739,94,86,0,0,0,0,0.0,0.0,0,6,2,2,29,0,13,16,23,24,8,0,0,0,303.0,14,30,6,178,5,1
2026-06-27 14:40:00,2026-06-27,14:40:00,731,94,86,0,0,0,0,0.0,0.0,3,5,2,2,30,0,13,15,23,23,8,0,0,0,304.0,14,40,6,178,5,1
2026-06-27 14:50:00,2026-06-27,14:50:00,664,94,86,0,0,0,0,0.0,0.0,2,5,2,2,27,0,12,14,21,22,7,0,0,0,294.0,14,50,6,178,5,1
2026-06-27 15:00:00,2026-06-27,15:00:00,535,94,86,0,0,0,0,0.0,0.0,2,4,2,2,24,0,11,13,19,20,5,0,0,0,282.0,15,0,6,178,5,1
2026-06-27 15:10:00,2026-06-27,15:10:00,233,94,86,0,0,0,0,0.0,0.0,1,2,1,1,9,0,4,5,7,7,2,0,0,0,219.0,15,10,6,178,5,1
2026-06-27 15:20:00,2026-06-27,15:20:00,567,94,86,0,0,0,0,0.0,0.0,2,5,2,2,27,0,9,12,17,18,6,0,0,0,280.0,15,20,6,178,5,1
2026-06-27 15:30:00,2026-06-27,15:30:00,627,94,86,0,0,0,0,0.0,0.0,2,4,2,2,27,0,11,13,19,20,7,0,0,0,287.0,15,30,6,178,5,1
2026-06-27 15:40:00,2026-06-27,15:40:00,596,94,86,0,0,0,0,0.0,0.0,0,4,2,2,25,0,10,12,18,19,6,0,0,0,278.0,15,40,6,178,5,1
2026-06-27 15:50:00,2026-06-27,15:50:00,282,94,86,0,0,0,0,0.0,0.0,2,2,1,1,14,0,5,6,8,9,2,0,0,0,230.0,15,50,6,178,5,1
2026-06-27 16:10:00,2026-06-27,16:10:00,476,94,86,0,0,0,0,0.0,0.0,2,3,2,2,23,0,8,10,15,15,5,0,0,0,265.0,16,10,6,178,5,1
2026-06-27 16:20:00,2026-06-27,16:20:00,408,94,86,0,0,0,0,0.0,0.0,1,3,2,2,20,0,7,9,13,13,4,0,0,0,254.0,16,20,6,178,5,1
2026-06-27 16:30:00,2026-06-27,16:30:00,161,94,86,0,0,0,0,0.0,0.0,0,1,0,0,6,0,2,3,4,4,0,0,0,0,200.0,16,30,6,178,5,1
2026-06-27 17:00:00,2026-06-27,17:00:00,277,94,86,0,0,0,0,0.0,0.0,1,1,1,1,14,0,4,5,8,8,2,0,0,0,225.0,17,0,6,178,5,1
2026-06-27 17:10:59,2026-06-27,17:10:59,262,94,86,0,0,0,0,0.0,0.0,0,1,1,1,15,0,4,5,7,7,2,0,0,0,223.0,17,10,6,178,5,1
2026-06-27 17:20:00,2026-06-27,17:20:00,228,94,86,0,0,0,0,0.0,0.0,0,1,1,1,13,0,3,4,6,6,1,0,0,0,216.0,17,20,6,178,5,1
2026-06-27 17:20:59,2026-06-27,17:20:59,221,94,86,0,0,0,0,0.0,0.0,0,1,1,1,13,0,3,4,6,6,1,0,0,0,216.0,17,20,6,178,5,1
2026-06-27 17:30:00,2026-06-27,17:30:00,198,94,86,0,0,0,0,0.0,0.0,0,1,1,1,12,0,3,3,5,5,1,0,0,0,212.0,17,30,6,178,5,1
2026-06-27 17:40:00,2026-06-27,17:40:00,175,94,86,0,0,0,0,0.0,0.0,0,1,1,1,10,0,2,3,4,5,1,0,0,0,208.0,17,40,6,178,5,1
2026-06-27 17:50:00,2026-06-27,17:50:00,133,94,86,0,0,0,0,0.0,0.0,0,0,0,0,8,0,1,2,3,3,0,0,0,0,197.0,17,50,6,178,5,1
2026-06-27 18:00:00,2026-06-27,18:00:00,107,94,86,0,0,0,0,0.0,0.0,0,0,0,0,6,0,1,2,3,3,0,0,0,0,195.0,18,0,6,178,5,1
2026-06-27 18:10:00,2026-06-27,18:10:00,90,94,86,0,0,0,0,0.0,0.0,0,0,0,0,4,0,1,1,2,2,0,0,0,0,190.0,18,10,6,178,5,1
2026-06-27 18:40:00,2026-06-27,18:40:00,23,94,86,0,0,0,0,0.0,0.0,0,0,0,0,0,0,0,0,0,0,0,0,0,0,180.0,18,40,6,178,5,1
2026-06-27 18:40:59,2026-06-27,18:40:59,23,94,86,0,0,0,0,0.0,0.0,0,0,0,0,0,0,0,0,0,0,0,0,0,0,180.0,18,40,6,178,5,1
2026-06-27 18:50:00,2026-06-27,18:50:00,18,94,86,0,0,0,0,0.0,0.0,0,0,0,0,0,0,0,0,0,0,0,0,0,0,180.0,18,50,6,178,5,1
2026-06-27 19:00:00,2026-06-27,19:00:00,12,94,86,0,0,0,0,0.0,0.0,0,0,0,0,0,0,0,0,0,0,0,0,0,0,180.0,19,0,6,178,5,0
2026-06-27 19:10:00,2026-06-27,19:10:00,3,94,86,0,0,0,0,0.0,0.0,0,0,0,0,0,0,0,0,0,0,0,0,0,0,180.0,19,10,6,178,5,0
2026-06-27 19:20:00,2026-06-27,19:20:00,0,94,86,0,0,0,0,0.0,0.0,0,0,0,0,0,0,0,0,0,0,0,0,0,0,180.0,19,20,6,178,5,0
2026-06-27 19:30:00,2026-06-27,19:30:00,0,94,86,0,0,0,0,0.0,0.0,0,0,0,0,0,0,0,0,0,0,0,0,0,0,180.0,19,30,6,178,5,0
2026-06-27 19:40:00,2026-06-27,19:40:00,0,94,86,0,0,0,0,0.0,0.0,0,0,0,0,0,0,0,0,0,0,0,0,0,0,180.0,19,40,6,178,5,0
2026-06-27 19:50:00,2026-06-27,19:50:00,0,94,86,0,0,0,0,0.0,0.0,0,0,0,0,0,0,0,0,0,0,0,0,0,0,180.0,19,50,6,178,5,0
2026-06-27 20:00:00,2026-06-27,20:00:00,0,94,86,0,0,0,0,0.0,0.0,0,0,0,0,0,0,0,0,0,0,0,0,0,0,0.0,20,0,6,178,5,0
2026-06-27 20:10:00,2026-06-27,20:10:00,0,94,86,0,0,0,0,0.0,0.0,0,0,0,0,0,0,0,0,0,0,0,0,0,0,0.0,20,10,6,178,5,0
2026-06-27 20:20:00,2026-06-27,20:20:00,0,94,86,0,0,0,0,0.0,0.0,0,0,0,0,0,0,0,0,0,0,0,0,0,0,0.0,20,20,6,178,5,0
2026-06-27 20:30:00,2026-06-27,20:30:00,0,94,86,0,0,0,0,0.0,0.0,0,0,0,0,0,0,0,0,0,0,0,0,0,0,0.0,20,30,6,178,5,0
2026-06-27 20:40:00,2026-06-27,20:40:00,0,94,86,0,0,0,0,0.0,0.0,0,0,0,0,0,0,0,0,0,0,0,0,0,0,0.0,20,40,6,178,5,0
2026-06-27 20:50:00,2026-06-27,20:50:00,0,94,86,0,0,0,0,0.0,0.0,0,0,0,0,0,0,0,0,0,0,0,0,0,0,0.0,20,50,6,178,5,0
2026-06-27 21:00:00,2026-06-27,21:00:00,0,94,86,0,0,0,0,0.0,0.0,0,0,0,0,0,0,0,0,0,0,0,0,0,0,0.0,21,0,6,178,5,0
2026-06-27 21:10:00,2026-06-27,21:10:00,0,94,86,0,0,0,0,0.0,0.0,0,0,0,0,0,0,0,0,0,0,0,0,0,0,0.0,21,10,6,178,5,0
2026-06-27 21:20:00,2026-06-27,21:20:00,0,94,86,0,0,0,0,0.0,0.0,0,0,0,0,0,0,0,0,0,0,0,0,0,0,0.0,21,20,6,178,5,0
2026-06-27 21:30:00,2026-06-27,21:30:00,0,94,86,0,0,0,0,0.0,0.0,0,0,0,0,0,0,0,0,0,0,0,0,0,0,0.0,21,30,6,178,5,0
2026-06-27 21:50:00,2026-06-27,21:50:00,0,94,86,0,0,0,0,0.0,0.0,0,0,0,0,0,0,0,0,0,0,0,0,0,0,0.0,21,50,6,178,5,0
2026-06-27 22:00:00,2026-06-27,22:00:00,0,94,86,0,0,0,0,0.0,0.0,0,0,0,0,0,0,0,0,0,0,0,0,0,0,0.0,22,0,6,178,5,0
2026-06-27 22:10:00,2026-06-27,22:10:00,0,94,86,0,0,0,0,0.0,0.0,0,0,0,0,0,0,0,0,0,0,0,0,0,0,0.0,22,10,6,178,5,0
2026-06-27 22:10:59,2026-06-27,22:10:59,0,94,86,0,0,0,0,0.0,0.0,0,0,0,0,0,0,0,0,0,0,0,0,0,0,0.0,22,10,6,178,5,0
2026-06-27 22:20:00,2026-06-27,22:20:00,0,94,86,0,0,0,0,0.0,0.0,0,0,0,0,0,0,0,0,0,0,0,0,0,0,0.0,22,20,6,178,5,0
2026-06-27 22:30:00,2026-06-27,22:30:00,0,94,86,0,0,0,0,0.0,0.0,0,0,0,0,0,0,0,0,0,0,0,0,0,0,0.0,22,30,6,178,5,0
2026-06-27 22:40:00,2026-06-27,22:40:00,0,94,86,0,0,0,0,0.0,0.0,0,0,0,0,0,0,0,0,0,0,0,0,0,0,0.0,22,40,6,178,5,0
2026-06-27 22:50:00,2026-06-27,22:50:00,0,94,86,0,0,0,0,0.0,0.0,0,0,0,0,0,0,0,0,0,0,0,0,0,0,0.0,22,50,6,178,5,0
2026-06-27 23:00:00,2026-06-27,23:00:00,0,94,86,0,0,0,0,0.0,0.0,0,0,0,0,0,0,0,0,0,0,0,0,0,0,0.0,23,0,6,178,5,0
2026-06-27 23:10:00,2026-06-27,23:10:00,0,94,86,0,0,0,0,0.0,0.0,0,0,0,0,0,0,0,0,0,0,0,0,0,0,0.0,23,10,6,178,5,0
2026-06-27 23:20:00,2026-06-27,23:20:00,0,94,86,0,0,0,0,0.0,0.0,0,0,0,0,0,0,0,0,0,0,0,0,0,0,0.0,23,20,6,178,5,0
2026-06-27 23:30:00,2026-06-27,23:30:00,0,94,86,0,0,0,0,0.0,0.0,0,0,0,0,0,0,0,0,0,0,0,0,0,0,0.0,23,30,6,178,5,0
2026-06-27 23:40:00,2026-06-27,23:40:00,0,94,86,0,0,0,0,0.0,0.0,0,0,0,0,0,0,0,0,0,0,0,0,0,0,0.0,23,40,6,178,5,0
2026-06-27 23:50:00,2026-06-27,23:50:00,0,94,86,0,0,0,0,0.0,0.0,0,0,0,0,0,0,0,0,0,0,0,0,0,0,0.0,23,50,6,178,5,0
