timestamp,date,time,irradiance,SMA-1 ACTIVE POWER,SMA-2 ACTIVE POWER,SMA-3 ACTIVE POWER,SMA-4 ACTIVE POWER,SMA-5 ACTIVE POWER,SMA-6 ACTIVE POWER,DELTA-1 ACTIVE POWER,ACTIVE POWER,DELTA-1 ACTIVE POWER .1,SUNGROW-1 ACTIVE POWER,SOLIS-2 ACTIVE POWER,SOLIS-3 ACTIVE POWER,DELTA-1  ACTIVE POWER,DELTA-2   ACTIVE POWER,DELTA-1 ACTIVE POWER_1,DELTA-2 ACTIVE POWER,DELTA-3 ACTIVE POWER,DELTA-4 ACTIVE POWER,HELIOS-1 ACTIVE POWER,HELIOS-2  ACTIVE POWER,BAT-1  ACTIVE POWER,BAT-2  ACTIVE POWER,total_ac_power_kw,hour,minute,month,day_of_year,day_of_week,is_daytime,expected_power_kw,residual_kw,deviation_pct,raw_anomaly,persistent_anomaly,power_loss_kw,energy_loss_kwh,financial_loss_inr
2026-06-21 00:00:00,2026-06-21,00:00:00,0,0,0,0,0,0,0,0.0,0.0,0,0,0,0,0,0,0,0,0,0,0,0,0,0,0.0,0,0,6,172,6,0,43.51784,-43.51784133911133,100.0,False,False,0.0,0.0,0.0
2026-06-21 00:10:00,2026-06-21,00:10:00,0,0,0,0,0,0,0,0.0,0.0,0,0,0,0,0,0,0,0,0,0,0,0,0,0,0.0,0,10,6,172,6,0,42.77102,-42.771018981933594,100.0,False,False,0.0,0.0,0.0
2026-06-21 00:10:59,2026-06-21,00:10:59,0,0,0,0,0,0,0,0.0,0.0,0,0,0,0,0,0,0,0,0,0,0,0,0,0,0.0,0,10,6,172,6,0,42.77102,-42.771018981933594,100.0,False,False,0.0,0.0,0.0
2026-06-21 00:20:00,2026-06-21,00:20:00,0,0,0,0,0,0,0,0.0,0.0,0,0,0,0,0,0,0,0,0,0,0,0,0,0,0.0,0,20,6,172,6,0,43.94047,-43.94047164916992,100.0,False,False,0.0,0.0,0.0
2026-06-21 00:30:00,2026-06-21,00:30:00,0,0,0,0,0,0,0,0.0,0.0,0,0,0,0,0,0,0,0,0,0,0,0,0,0,0.0,0,30,6,172,6,0,43.824284,-43.824283599853516,100.0,False,False,0.0,0.0,0.0
2026-06-21 00:30:59,2026-06-21,00:30:59,0,0,0,0,0,0,0,0.0,0.0,0,0,0,0,0,0,0,0,0,0,0,0,0,0,0.0,0,30,6,172,6,0,43.824284,-43.824283599853516,100.0,False,False,0.0,0.0,0.0
2026-06-21 00:40:00,2026-06-21,00:40:00,0,0,0,0,0,0,0,0.0,0.0,0,0,0,0,0,0,0,0,0,0,0,0,0,0,0.0,0,40,6,172,6,0,43.73611,-43.73611068725586,100.0,False,False,0.0,0.0,0.0
2026-06-21 00:50:00,2026-06-21,00:50:00,0,0,0,0,0,0,0,0.0,0.0,0,0,0,0,0,0,0,0,0,0,0,0,0,0,0.0,0,50,6,172,6,0,43.376705,-43.376705169677734,100.0,False,False,0.0,0.0,0.0
2026-06-21 01:00:00,2026-06-21,01:00:00,0,0,0,0,0,0,0,0.0,0.0,0,0,0,0,0,0,0,0,0,0,0,0,0,0,0.0,1,0,6,172,6,0,43.51784,-43.51784133911133,100.0,False,False,0.0,0.0,0.0
2026-06-21 01:10:00,2026-06-21,01:10:00,0,0,0,0,0,0,0,0.0,0.0,0,0,0,0,0,0,0,0,0,0,0,0,0,0,0.0,1,10,6,172,6,0,42.77102,-42.771018981933594,100.0,False,False,0.0,0.0,0.0
2026-06-21 01:20:00,2026-06-21,01:20:00,0,0,0,0,0,0,0,0.0,0.0,0,0,0,0,0,0,0,0,0,0,0,0,0,0,0.0,1,20,6,172,6,0,43.965633,-43.965633392333984,100.0,False,False,0.0,0.0,0.0
2026-06-21 01:30:00,2026-06-21,01:30:00,0,0,0,0,0,0,0,0.0,0.0,0,0,0,0,0,0,0,0,0,0,0,0,0,0,0.0,1,30,6,172,6,0,43.789333,-43.78933334350586,100.0,False,False,0.0,0.0,0.0
2026-06-21 01:30:59,2026-06-21,01:30:59,0,0,0,0,0,0,0,0.0,0.0,0,0,0,0,0,0,0,0,0,0,0,0,0,0,0.0,1,30,6,172,6,0,43.789333,-43.78933334350586,100.0,False,False,0.0,0.0,0.0
2026-06-21 01:40:00,2026-06-21,01:40:00,0,0,0,0,0,0,0,0.0,0.0,0,0,0,0,0,0,0,0,0,0,0,0,0,0,0.0,1,40,6,172,6,0,43.22288,-43.22288131713867,100.0,False,False,0.0,0.0,0.0
2026-06-21 01:50:00,2026-06-21,01:50:00,0,0,0,0,0,0,0,0.0,0.0,0,0,0,0,0,0,0,0,0,0,0,0,0,0,0.0,1,50,6,172,6,0,42.863476,-42.86347579956055,100.0,False,False,0.0,0.0,0.0
2026-06-21 02:00:00,2026-06-21,02:00:00,0,0,0,0,0,0,0,0.0,0.0,0,0,0,0,0,0,0,0,0,0,0,0,0,0,0.0,2,0,6,172,6,0,43.004612,-43.00461196899414,100.0,False,False,0.0,0.0,0.0
2026-06-21 02:20:00,2026-06-21,02:20:00,0,0,0,0,0,0,0,0.0,0.0,0,0,0,0,0,0,0,0,0,0,0,0,0,0,0.0,2,20,6,172,6,0,43.451725,-43.451725006103516,100.0,False,False,0.0,0.0,0.0
2026-06-21 02:30:00,2026-06-21,02:30:00,0,0,0,0,0,0,0,0.0,0.0,0,0,0,0,0,0,0,0,0,0,0,0,0,0,0.0,2,30,6,172,6,0,44.352787,-44.352787017822266,100.0,False,False,0.0,0.0,0.0
2026-06-21 02:50:00,2026-06-21,02:50:00,0,0,0,0,0,0,0,0.0,0.0,0,0,0,0,0,0,0,0,0,0,0,0,0,0,0.0,2,50,6,172,6,0,44.109745,-44.109745025634766,100.0,False,False,0.0,0.0,0.0
2026-06-21 03:00:00,2026-06-21,03:00:00,0,0,0,0,0,0,0,0.0,0.0,0,0,0,0,0,0,0,0,0,0,0,0,0,0,0.0,3,0,6,172,6,0,43.973316,-43.97331619262695,100.0,False,False,0.0,0.0,0.0
2026-06-21 03:10:00,2026-06-21,03:10:00,0,0,0,0,0,0,0,0.0,0.0,0,0,0,0,0,0,0,0,0,0,0,0,0,0,0.0,3,10,6,172,6,0,43.194168,-43.19416809082031,100.0,False,False,0.0,0.0,0.0
2026-06-21 03:20:00,2026-06-21,03:20:00,0,0,0,0,0,0,0,0.0,0.0,0,0,0,0,0,0,0,0,0,0,0,0,0,0,0.0,3,20,6,172,6,0,44.36362,-44.36362075805664,100.0,False,False,0.0,0.0,0.0
2026-06-21 03:30:00,2026-06-21,03:30:00,0,0,0,0,0,0,0,0.0,0.0,0,0,0,0,0,0,0,0,0,0,0,0,0,0,0.0,3,30,6,172,6,0,44.454136,-44.45413589477539,100.0,False,False,0.0,0.0,0.0
2026-06-21 03:40:00,2026-06-21,03:40:00,0,0,0,0,0,0,0,0.0,0.0,0,0,0,0,0,0,0,0,0,0,0,0,0,0,0.0,3,40,6,172,6,0,44.297268,-44.29726791381836,100.0,False,False,0.0,0.0,0.0
2026-06-21 03:50:00,2026-06-21,03:50:00,0,0,0,0,0,0,0,0.0,0.0,0,0,0,0,0,0,0,0,0,0,0,0,0,0,0.0,3,50,6,172,6,0,43.979427,-43.979427337646484,100.0,False,False,0.0,0.0,0.0
2026-06-21 04:00:00,2026-06-21,04:00:00,0,0,0,0,0,0,0,0.0,0.0,0,0,0,0,0,0,0,0,0,0,0,0,0,0,0.0,4,0,6,172,6,0,44.043568,-44.0435676574707,100.0,False,False,0.0,0.0,0.0
2026-06-21 04:10:00,2026-06-21,04:10:00,0,0,0,0,0,0,0,0.0,0.0,0,0,0,0,0,0,0,0,0,0,0,0,0,0,0.0,4,10,6,172,6,0,43.296745,-43.29674530029297,100.0,False,False,0.0,0.0,0.0
2026-06-21 04:20:00,2026-06-21,04:20:00,0,0,0,0,0,0,0,0.0,0.0,0,0,0,0,0,0,0,0,0,0,0,0,0,0,0.0,4,20,6,172,6,0,44.466198,-44.4661979675293,100.0,False,False,0.0,0.0,0.0
2026-06-21 04:30:00,2026-06-21,04:30:00,0,0,0,0,0,0,0,0.0,0.0,0,0,0,0,0,0,0,0,0,0,0,0,0,0,0.0,4,30,6,172,6,0,42.631954,-42.631954193115234,100.0,False,False,0.0,0.0,0.0
2026-06-21 04:40:00,2026-06-21,04:40:00,0,0,0,0,0,0,0,0.0,0.0,0,0,0,0,0,0,0,0,0,0,0,0,0,0,0.0,4,40,6,172,6,0,42.54378,-42.54378128051758,100.0,False,False,0.0,0.0,0.0
2026-06-21 04:50:00,2026-06-21,04:50:00,0,0,0,0,0,0,0,0.0,0.0,0,0,0,0,0,0,0,0,0,0,0,0,0,0,0.0,4,50,6,172,6,0,42.65201,-42.65201187133789,100.0,False,False,0.0,0.0,0.0
2026-06-21 05:00:00,2026-06-21,05:00:00,0,0,0,0,0,0,0,0.0,0.0,0,0,0,0,0,0,0,0,0,0,0,0,0,0,0.0,5,0,6,172,6,0,0.0,0.0,0.0,False,False,0.0,0.0,0.0
2026-06-21 05:00:59,2026-06-21,05:00:59,0,0,0,0,0,0,0,0.0,0.0,0,0,0,0,0,0,0,0,0,0,0,0,0,0,0.0,5,0,6,172,6,0,0.0,0.0,0.0,False,False,0.0,0.0,0.0
2026-06-21 05:10:00,2026-06-21,05:10:00,0,0,0,0,0,0,0,0.0,0.0,0,0,0,0,0,0,0,0,0,0,0,0,0,0,0.0,5,10,6,172,6,0,0.0,0.0,0.0,False,False,0.0,0.0,0.0
2026-06-21 05:10:59,2026-06-21,05:10:59,0,0,0,0,0,0,0,0.0,0.0,0,0,0,0,0,0,0,0,0,0,0,0,0,0,0.0,5,10,6,172,6,0,0.0,0.0,0.0,False,False,0.0,0.0,0.0
2026-06-21 05:20:00,2026-06-21,05:20:00,0,0,0,0,0,0,0,0.0,0.0,0,0,0,0,0,0,0,0,0,0,0,0,0,0,0.0,5,20,6,172,6,0,0.0,0.0,0.0,False,False,0.0,0.0,0.0
2026-06-21 05:30:00,2026-06-21,05:30:00,4,0,0,0,0,0,0,0.0,0.0,0,0,0,0,0,0,0,0,0,0,0,0,0,0,0.0,5,30,6,172,6,0,0.0,0.0,0.0,False,False,0.0,0.0,0.0
2026-06-21 05:40:00,2026-06-21,05:40:00,10,0,0,0,0,0,0,0.0,0.0,0,0,0,0,0,0,0,0,0,0,0,0,0,0,0.0,5,40,6,172,6,0,0.0,0.0,0.0,False,False,0.0,0.0,0.0
2026-06-21 05:50:00,2026-06-21,05:50:00,14,0,0,0,0,0,0,0.0,0.0,0,0,0,0,0,0,0,0,0,0,0,0,0,0,0.0,5,50,6,172,6,0,0.0,0.0,0.0,False,False,0.0,0.0,0.0
2026-06-21 06:00:00,2026-06-21,06:00:00,20,0,0,0,0,0,0,0.0,0.0,0,0,0,0,0,0,0,0,0,0,0,0,0,0,0.0,6,0,6,172,6,1,0.0,0.0,0.0,False,False,0.0,0.0,0.0
2026-06-21 06:00:59,2026-06-21,06:00:59,18,0,0,0,0,0,0,0.0,0.0,0,0,0,0,0,0,0,0,0,0,0,0,0,0,0.0,6,0,6,172,6,1,0.0,0.0,0.0,False,False,0.0,0.0,0.0
2026-06-21 06:10:00,2026-06-21,06:10:00,19,0,0,0,0,0,0,0.0,0.0,0,0,0,0,0,0,0,0,0,0,0,0,0,0,0.0,6,10,6,172,6,1,0.0,0.0,0.0,False,False,0.0,0.0,0.0
2026-06-21 06:20:00,2026-06-21,06:20:00,24,0,0,0,0,0,0,0.0,0.0,0,0,0,0,0,0,0,0,0,0,0,0,0,0,0.0,6,20,6,172,6,1,0.0,0.0,0.0,False,False,0.0,0.0,0.0
2026-06-21 06:30:00,2026-06-21,06:30:00,23,0,0,0,0,0,0,0.0,0.0,0,0,0,0,0,0,0,0,0,0,0,0,0,0,0.0,6,30,6,172,6,1,0.0,0.0,0.0,False,False,0.0,0.0,0.0
2026-06-21 06:40:00,2026-06-21,06:40:00,31,0,0,0,0,0,0,0.0,0.0,0,0,0,0,1,0,0,0,1,0,0,0,0,0,2.0,6,40,6,172,6,1,2.4635894,-0.4635894298553467,9.271788597106934,False,False,0.0,0.0,0.0
2026-06-21 06:50:00,2026-06-21,06:50:00,45,0,0,0,0,0,0,0.0,0.0,0,0,0,0,1,0,0,0,1,1,0,0,0,0,3.0,6,50,6,172,6,1,3.559119,-0.5591189861297607,11.182379722595215,False,False,0.0,0.0,0.0
2026-06-21 06:50:59,2026-06-21,06:50:59,46,0,0,0,0,0,0,0.0,0.0,0,0,0,0,1,0,0,0,1,1,0,0,0,0,3.0,6,50,6,172,6,1,3.1816404,-0.1816403865814209,3.632807731628418,False,False,0.0,0.0,0.0
2026-06-21 07:00:00,2026-06-21,07:00:00,61,0,0,0,0,0,0,0.0,0.0,0,0,0,0,2,0,1,1,2,1,0,0,0,0,7.0,7,0,6,172,6,1,7.031373,-0.031373023986816406,0.4461863121155785,False,False,0.0,0.0,0.0
2026-06-21 07:20:00,2026-06-21,07:20:00,71,0,0,0,0,0,0,0.0,0.0,0,0,0,0,2,0,1,1,2,2,0,0,0,0,8.0,7,20,6,172,6,1,9.32368,-1.3236799240112305,14.196968737658652,False,False,0.0,0.0,0.0
2026-06-21 07:30:00,2026-06-21,07:30:00,89,0,0,0,0,0,0,0.0,0.0,0,0,0,0,2,0,1,2,3,3,0,0,0,0,11.0,7,30,6,172,6,1,12.084565,-1.0845651626586914,8.97479675983707,False,False,0.0,0.0,0.0
2026-06-21 07:50:00,2026-06-21,07:50:00,136,0,0,0,0,0,0,0.0,0.0,0,1,0,0,4,0,2,3,5,4,0,0,0,0,19.0,7,50,6,172,6,1,21.053333,-2.053333282470703,9.753008015031694,False,False,0.0,0.0,0.0
2026-06-21 08:00:00,2026-06-21,08:00:00,172,0,0,0,0,0,0,0.0,0.0,0,1,0,0,7,0,3,4,6,6,1,0,0,0,28.0,8,0,6,172,6,1,27.761984,0.23801612854003906,0.857345532805117,False,False,0.0,0.0,0.0
2026-06-21 08:00:59,2026-06-21,08:00:59,171,0,0,0,0,0,0,0.0,0.0,0,1,0,0,7,0,3,4,6,6,1,0,0,0,28.0,8,0,6,172,6,1,25.752478,2.2475223541259766,8.727402407768198,False,False,0.0,0.0,0.0
2026-06-21 08:10:00,2026-06-21,08:10:00,139,0,0,0,0,0,0,0.0,0.0,0,1,0,0,5,0,2,3,5,5,1,0,0,0,22.0,8,10,6,172,6,1,22.300268,-0.30026817321777344,1.346477857958633,False,False,0.0,0.0,0.0
2026-06-21 08:20:00,2026-06-21,08:20:00,155,0,0,0,0,0,0,0.0,0.0,0,1,0,0,5,0,3,3,5,5,1,0,0,0,23.0,8,20,6,172,6,1,22.477375,0.5226249694824219,2.3251156719717176,False,False,0.0,0.0,0.0
2026-06-21 08:30:00,2026-06-21,08:30:00,196,0,0,0,0,0,0,0.0,0.0,1,1,0,0,7,0,3,4,7,7,1,0,0,0,31.0,8,30,6,172,6,1,33.008934,-2.0089340209960938,6.086031193004491,False,False,0.0,0.0,0.0
2026-06-21 08:40:00,2026-06-21,08:40:00,210,0,0,0,0,0,0,0.0,0.0,1,1,0,0,8,0,4,5,7,7,2,0,0,0,35.0,8,40,6,172,6,1,34.333485,0.6665153503417969,1.9412982898269027,False,False,0.0,0.0,0.0
2026-06-21 08:50:00,2026-06-21,08:50:00,174,0,0,0,0,0,0,0.0,0.0,0,1,0,0,6,0,3,4,6,6,1,0,0,0,27.0,8,50,6,172,6,1,26.842266,0.15773391723632812,0.5876326415585844,False,False,0.0,0.0,0.0
2026-06-21 09:00:00,2026-06-21,09:00:00,220,0,0,0,0,0,0,0.0,0.0,1,1,0,0,7,0,4,5,8,7,1,0,0,0,34.0,9,0,6,172,6,1,36.606922,-2.606922149658203,7.121391246716828,False,False,0.0,0.0,0.0
2026-06-21 09:10:00,2026-06-21,09:10:00,248,0,0,0,0,0,0,0.0,0.0,1,2,1,1,9,0,5,6,9,9,2,0,0,0,45.0,9,10,6,172,6,1,44.83498,0.16501998901367188,0.36806080648019807,False,False,0.0,0.0,0.0
2026-06-21 09:20:59,2026-06-21,09:20:59,239,0,0,0,0,0,0,0.0,0.0,0,2,1,1,8,0,4,5,9,8,2,0,0,0,40.0,9,20,6,172,6,1,40.672947,-0.6729469299316406,1.6545320187665382,False,False,0.0,0.0,0.0
2026-06-21 09:40:00,2026-06-21,09:40:00,222,0,0,0,0,0,0,0.0,0.0,1,2,0,0,8,0,4,5,8,8,2,0,0,0,38.0,9,40,6,172,6,1,36.238503,1.7614974975585938,4.860845167208332,False,False,0.0,0.0,0.0
2026-06-21 09:50:00,2026-06-21,09:50:00,152,0,0,0,0,0,0,0.0,0.0,0,1,0,0,6,0,3,3,5,5,1,0,0,0,24.0,9,50,6,172,6,1,23.985825,0.0141754150390625,0.05909913577851501,False,False,0.0,0.0,0.0
2026-06-21 10:00:00,2026-06-21,10:00:00,150,0,0,0,0,0,0,0.0,0.0,0,1,0,0,5,0,3,3,5,5,1,0,0,0,23.0,10,0,6,172,6,1,23.846287,-0.8462867736816406,3.5489247517381175,False,False,0.0,0.0,0.0
2026-06-21 10:10:00,2026-06-21,10:10:00,160,0,0,0,0,0,0,0.0,0.0,0,1,0,0,6,0,3,3,5,5,1,0,0,0,24.0,10,10,6,172,6,1,22.132915,1.8670845031738281,8.435782007307466,False,False,0.0,0.0,0.0
2026-06-21 10:20:00,2026-06-21,10:20:00,127,0,0,0,0,0,0,0.0,0.0,0,1,0,0,5,0,2,3,4,4,0,0,0,0,19.0,10,20,6,172,6,1,19.986118,-0.9861183166503906,4.934016205782479,False,False,0.0,0.0,0.0
2026-06-21 10:30:00,2026-06-21,10:30:00,136,0,0,0,0,0,0,0.0,0.0,0,1,0,0,5,0,2,3,5,5,0,0,0,0,21.0,10,30,6,172,6,1,21.551817,-0.5518169403076172,2.5604195777831293,False,False,0.0,0.0,0.0
2026-06-21 10:40:00,2026-06-21,10:40:00,163,0,0,0,0,0,0,0.0,0.0,0,1,0,0,6,0,3,4,6,6,1,0,0,0,27.0,10,40,6,172,6,1,26.364197,0.63580322265625,2.4116161323853866,False,False,0.0,0.0,0.0
2026-06-21 10:50:00,2026-06-21,10:50:00,192,0,0,0,0,0,0,0.0,0.0,1,1,0,0,7,0,4,4,7,7,2,0,0,0,33.0,10,50,6,172,6,1,33.047295,-0.04729461669921875,0.1431119165661451,False,False,0.0,0.0,0.0
2026-06-21 11:00:00,2026-06-21,11:00:00,225,0,0,0,0,0,0,0.0,0.0,1,2,0,0,9,0,4,5,8,8,2,0,0,0,39.0,11,0,6,172,6,1,39.856308,-0.8563079833984375,2.148487972732246,False,False,0.0,0.0,0.0
2026-06-21 11:00:59,2026-06-21,11:00:59,233,0,0,0,0,0,0,0.0,0.0,0,2,1,1,9,0,4,5,8,8,2,0,0,0,40.0,11,0,6,172,6,1,39.86465,0.13534927368164062,0.33952203572746714,False,False,0.0,0.0,0.0
2026-06-21 11:10:00,2026-06-21,11:10:00,258,0,0,0,0,0,0,0.0,0.0,1,2,1,1,10,0,5,6,9,9,2,0,0,0,46.0,11,10,6,172,6,1,46.075363,-0.0753631591796875,0.1635649813965118,False,False,0.0,0.0,0.0
2026-06-21 11:30:00,2026-06-21,11:30:00,297,0,0,0,0,0,0,0.0,0.0,1,2,1,1,12,0,6,7,11,10,2,0,0,0,53.0,11,30,6,172,6,1,51.83343,1.1665687561035156,2.2506107122531698,False,False,0.0,0.0,0.0
2026-06-21 11:40:00,2026-06-21,11:40:00,360,0,0,0,0,0,0,0.0,0.0,1,3,1,1,15,0,7,8,13,13,4,0,0,0,66.0,11,40,6,172,6,1,65.337364,0.6626358032226562,1.0141759028218338,False,False,0.0,0.0,0.0
2026-06-21 11:50:00,2026-06-21,11:50:00,405,0,0,0,0,0,0,0.0,0.0,2,3,1,1,16,0,8,9,14,14,4,0,0,0,72.0,11,50,6,172,6,1,72.89296,-0.8929595947265625,1.225028589443038,False,False,0.0,0.0,0.0
2026-06-21 12:00:00,2026-06-21,12:00:00,463,0,0,0,0,0,0,0.0,0.0,2,4,1,1,19,0,9,11,16,16,5,0,0,0,84.0,12,0,6,172,6,1,82.97305,1.026947021484375,1.2376873992454929,False,False,0.0,0.0,0.0
2026-06-21 12:20:00,2026-06-21,12:20:00,262,0,0,0,0,0,0,0.0,0.0,1,2,1,1,11,0,5,6,10,9,2,0,0,0,48.0,12,20,6,172,6,1,49.887474,-1.8874740600585938,3.7834628744407848,False,False,0.0,0.0,0.0
2026-06-21 12:30:00,2026-06-21,12:30:00,318,0,0,0,0,0,0,0.0,0.0,0,2,1,1,13,0,6,7,11,11,3,0,0,0,55.0,12,30,6,172,6,1,54.539764,0.460235595703125,0.8438532889351199,False,False,0.0,0.0,0.0
2026-06-21 12:40:00,2026-06-21,12:40:00,355,0,0,0,0,0,0,0.0,0.0,1,3,1,1,15,0,7,8,13,12,4,0,0,0,65.0,12,40,6,172,6,1,64.73001,0.269989013671875,0.4171002129582527,False,False,0.0,0.0,0.0
2026-06-21 12:50:00,2026-06-21,12:50:00,446,0,0,0,0,0,0,0.0,0.0,2,3,1,1,18,0,9,10,16,16,5,0,0,0,81.0,12,50,6,172,6,1,79.89415,1.1058502197265625,1.384144174220384,False,False,0.0,0.0,0.0
2026-06-21 12:50:59,2026-06-21,12:50:59,460,0,0,0,0,0,0,0.0,0.0,2,4,1,1,18,0,9,10,16,16,5,0,0,0,82.0,12,50,6,172,6,1,82.144684,-0.144683837890625,0.1761329292789695,False,False,0.0,0.0,0.0
2026-06-21 13:00:00,2026-06-21,13:00:00,540,0,0,0,0,0,0,0.0,0.0,2,4,1,1,20,0,10,12,19,18,6,0,0,0,93.0,13,0,6,172,6,1,92.27949,0.7205123901367188,0.7807936615154187,False,False,0.0,0.0,0.0
2026-06-21 13:10:00,2026-06-21,13:10:00,988,0,0,0,0,0,0,0.0,0.0,0,5,2,2,22,0,15,18,0,0,8,0,0,0,72.0,13,10,6,172,6,1,72.98151,-0.98150634765625,1.3448699496290546,False,False,0.0,0.0,0.0
2026-06-21 13:10:59,2026-06-21,13:10:59,541,0,0,0,0,0,0,0.0,0.0,2,4,1,1,19,0,9,11,17,17,6,0,0,0,87.0,13,10,6,172,6,1,86.98514,0.014862060546875,0.01708574694359844,False,False,0.0,0.0,0.0
2026-06-21 13:30:00,2026-06-21,13:30:00,574,0,0,0,0,0,0,0.0,0.0,2,4,1,1,20,0,12,13,21,21,7,0,0,0,102.0,13,30,6,172,6,1,102.251854,-0.25185394287109375,0.24630745865185633,False,False,0.0,0.0,0.0
2026-06-21 13:40:00,2026-06-21,13:40:00,1161,0,0,0,0,0,0,0.0,0.0,3,9,2,2,0,0,18,21,30,29,12,0,0,0,126.0,13,40,6,172,6,1,126.14268,-0.14267730712890625,0.11310787924813047,False,False,0.0,0.0,0.0
2026-06-21 13:50:00,2026-06-21,13:50:00,517,0,0,0,0,0,0,0.0,0.0,4,5,1,1,23,0,14,17,27,27,8,0,0,0,127.0,13,50,6,172,6,1,126.24347,0.75653076171875,0.5992632856839651,False,False,0.0,0.0,0.0
2026-06-21 14:00:00,2026-06-21,14:00:00,568,0,0,0,0,0,0,0.0,0.0,3,6,2,2,26,0,10,12,18,18,6,0,0,0,103.0,14,0,6,172,6,1,103.375084,-0.37508392333984375,0.36283784167759014,False,False,0.0,0.0,0.0
2026-06-21 14:10:00,2026-06-21,14:10:00,1021,0,0,0,0,0,0,0.0,0.0,2,3,1,1,21,0,17,20,0,31,12,0,0,0,108.0,14,10,6,172,6,1,108.22643,-0.22643280029296875,0.2092213467950094,False,False,0.0,0.0,0.0
2026-06-21 14:20:00,2026-06-21,14:20:00,835,0,0,0,0,0,0,0.0,0.0,3,6,2,2,0,0,15,17,27,26,9,0,0,0,107.0,14,20,6,172,6,1,108.266464,-1.2664642333984375,1.1697659495633126,False,False,0.0,0.0,0.0
2026-06-21 14:30:00,2026-06-21,14:30:00,804,0,0,0,0,0,0,0.0,0.0,3,6,2,2,32,0,14,17,25,25,9,0,0,0,135.0,14,30,6,172,6,1,135.03497,-0.03497314453125,0.02589932349882233,False,False,0.0,0.0,0.0
2026-06-21 14:40:00,2026-06-21,14:40:00,725,0,0,0,0,0,0,0.0,0.0,3,6,2,2,32,0,14,16,25,25,9,0,0,0,134.0,14,40,6,172,6,1,133.34834,0.6516571044921875,0.48868781594296085,False,False,0.0,0.0,0.0
2026-06-21 14:50:00,2026-06-21,14:50:00,782,0,0,0,0,0,0,0.0,0.0,3,3,1,1,18,0,13,13,19,18,4,0,0,0,93.0,14,50,6,172,6,1,93.21147,-0.2114715576171875,0.22687288815783765,False,False,0.0,0.0,0.0
2026-06-21 15:00:00,2026-06-21,15:00:00,733,0,0,0,0,0,0,0.0,0.0,3,5,2,2,31,0,13,15,24,23,8,0,0,0,126.0,15,0,6,172,6,1,126.003365,-0.00336456298828125,0.0026702167834568627,False,False,0.0,0.0,0.0
2026-06-21 15:10:00,2026-06-21,15:10:00,688,0,0,0,0,0,0,0.0,0.0,2,5,2,2,31,0,12,14,22,21,7,0,0,0,118.0,15,10,6,172,6,1,118.23646,-0.23645782470703125,0.19998723664201346,False,False,0.0,0.0,0.0
2026-06-21 15:20:00,2026-06-21,15:20:00,680,0,0,0,0,0,0,0.0,0.0,2,5,2,2,31,0,12,14,22,21,7,0,0,0,118.0,15,20,6,172,6,1,116.95269,1.0473098754882812,0.8954987477186548,False,False,0.0,0.0,0.0
2026-06-21 15:30:00,2026-06-21,15:30:00,632,0,0,0,0,0,0,0.0,0.0,2,4,2,2,29,0,11,13,20,19,7,0,0,0,109.0,15,30,6,172,6,1,107.83542,1.164581298828125,1.0799617721662995,False,False,0.0,0.0,0.0
2026-06-21 15:40:00,2026-06-21,15:40:00,581,0,0,0,0,0,0,0.0,0.0,2,4,2,2,28,0,10,12,19,18,6,0,0,0,103.0,15,40,6,172,6,1,104.6789,-1.6789016723632812,1.6038587007896885,False,False,0.0,0.0,0.0
2026-06-21 15:50:00,2026-06-21,15:50:00,560,0,0,0,0,0,0,0.0,0.0,2,4,2,2,29,0,10,11,18,17,6,0,0,0,101.0,15,50,6,172,6,1,101.45609,-0.45609283447265625,0.4495470126341052,False,False,0.0,0.0,0.0
2026-06-21 16:00:00,2026-06-21,16:00:00,301,0,0,0,0,0,0,0.0,0.0,2,4,3,3,30,0,8,9,15,15,5,0,0,0,94.0,16,0,6,172,6,1,91.81532,2.1846771240234375,2.3794254113493483,False,False,0.0,0.0,0.0
2026-06-21 16:10:00,2026-06-21,16:10:00,257,0,0,0,0,0,0,0.0,0.0,0,2,2,2,22,0,7,9,13,12,4,0,0,0,73.0,16,10,6,172,6,1,71.00559,1.9944076538085938,2.8088036278674458,False,False,0.0,0.0,0.0
2026-06-21 16:20:00,2026-06-21,16:20:00,480,0,0,0,0,0,0,0.0,0.0,0,0,0,0,0,0,0,0,0,0,0,0,0,0,0.0,16,20,6,172,6,1,2.6066232,-2.6066231727600098,52.132463455200195,True,False,0.0,0.0,0.0
2026-06-21 16:30:00,2026-06-21,16:30:00,434,0,0,0,0,0,0,0.0,0.0,1,3,2,2,24,0,7,0,0,0,0,0,0,0,39.0,16,30,6,172,6,1,39.721397,-0.7213973999023438,1.8161430541819692,False,False,0.0,0.0,0.0
2026-06-21 16:40:00,2026-06-21,16:40:00,393,0,0,0,0,0,0,0.0,0.0,1,2,2,2,24,0,6,8,12,12,3,0,0,0,72.0,16,40,6,172,6,1,71.68052,0.31948089599609375,0.4457011472427357,False,False,0.0,0.0,0.0
2026-06-21 17:00:00,2026-06-21,17:00:00,307,0,0,0,0,0,0,0.0,0.0,1,2,2,2,21,0,5,6,9,9,2,0,0,0,59.0,17,0,6,172,6,1,60.636635,-1.6366348266601562,2.6990858436302534,False,False,0.0,0.0,0.0
2026-06-21 17:10:00,2026-06-21,17:10:00,264,0,0,0,0,0,0,0.0,0.0,0,1,2,2,19,0,4,5,8,7,2,0,0,0,50.0,17,10,6,172,6,1,50.805286,-0.8052864074707031,1.585044518816627,False,False,0.0,0.0,0.0
2026-06-21 17:30:00,2026-06-21,17:30:00,166,0,0,0,0,0,0,0.0,0.0,0,1,1,1,11,0,2,3,5,4,0,0,0,0,28.0,17,30,6,172,6,1,26.742977,1.2570228576660156,4.7003848934835135,False,False,0.0,0.0,0.0
2026-06-21 17:40:00,2026-06-21,17:40:00,150,0,0,0,0,0,0,0.0,0.0,0,1,1,1,9,0,2,3,4,4,0,0,0,0,25.0,17,40,6,172,6,1,25.972584,-0.9725837707519531,3.744655438736872,False,False,0.0,0.0,0.0
2026-06-21 17:40:59,2026-06-21,17:40:59,152,0,0,0,0,0,0,0.0,0.0,0,1,1,1,8,0,2,2,4,4,0,0,0,0,23.0,17,40,6,172,6,1,20.918278,2.0817222595214844,9.951690504104874,False,False,0.0,0.0,0.0
2026-06-21 17:50:00,2026-06-21,17:50:00,57,0,0,0,0,0,0,0.0,0.0,0,0,0,0,2,0,0,1,1,1,0,0,0,0,5.0,17,50,6,172,6,1,4.3612123,0.6387877464294434,12.775754928588867,False,False,0.0,0.0,0.0
2026-06-21 17:50:59,2026-06-21,17:50:59,55,0,0,0,0,0,0,0.0,0.0,0,0,0,0,2,0,0,1,1,1,0,0,0,0,5.0,17,50,6,172,6,1,5.1757045,-0.1757044792175293,3.394793499571919,False,False,0.0,0.0,0.0
2026-06-21 18:00:00,2026-06-21,18:00:00,56,0,0,0,0,0,0,0.0,0.0,0,0,0,0,2,0,0,1,1,1,0,0,0,0,5.0,18,0,6,172,6,1,5.4160943,-0.4160943031311035,7.682552774063679,False,False,0.0,0.0,0.0
2026-06-21 18:00:59,2026-06-21,18:00:59,59,0,0,0,0,0,0,0.0,0.0,0,0,0,0,2,0,1,1,2,1,0,0,0,0,7.0,18,0,6,172,6,1,7.654739,-0.6547389030456543,8.553379956371183,False,False,0.0,0.0,0.0
2026-06-21 18:10:59,2026-06-21,18:10:59,48,0,0,0,0,0,0,0.0,0.0,0,0,0,0,1,0,0,0,1,1,0,0,0,0,3.0,18,10,6,172,6,1,2.5493684,0.45063161849975586,9.012632369995117,False,False,0.0,0.0,0.0
2026-06-21 18:20:00,2026-06-21,18:20:00,28,0,0,0,0,0,0,0.0,0.0,0,0,0,0,0,0,0,0,0,0,0,0,0,0,0.0,18,20,6,172,6,1,0.0,0.0,0.0,False,False,0.0,0.0,0.0
2026-06-21 18:30:00,2026-06-21,18:30:00,17,0,0,0,0,0,0,0.0,0.0,0,0,0,0,0,0,0,0,0,0,0,0,0,0,0.0,18,30,6,172,6,1,0.0,0.0,0.0,False,False,0.0,0.0,0.0
2026-06-21 18:40:00,2026-06-21,18:40:00,11,0,0,0,0,0,0,0.0,0.0,0,0,0,0,0,0,0,0,0,0,0,0,0,0,0.0,18,40,6,172,6,1,0.0,0.0,0.0,False,False,0.0,0.0,0.0
2026-06-21 18:50:00,2026-06-21,18:50:00,7,0,0,0,0,0,0,0.0,0.0,0,0,0,0,0,0,0,0,0,0,0,0,0,0,0.0,18,50,6,172,6,1,2.254024,-2.254024028778076,45.08048057556152,False,False,0.0,0.0,0.0
2026-06-21 18:50:59,2026-06-21,18:50:59,6,0,0,0,0,0,0,0.0,0.0,0,0,0,0,0,0,0,0,0,0,0,0,0,0,0.0,18,50,6,172,6,1,0.0,0.0,0.0,False,False,0.0,0.0,0.0
2026-06-21 19:00:00,2026-06-21,19:00:00,2,0,0,0,0,0,0,0.0,0.0,0,0,0,0,0,0,0,0,0,0,0,0,0,0,0.0,19,0,6,172,6,0,0.0,0.0,0.0,False,False,0.0,0.0,0.0
2026-06-21 19:10:00,2026-06-21,19:10:00,0,0,0,0,0,0,0,0.0,0.0,0,0,0,0,0,0,0,0,0,0,0,0,0,0,0.0,19,10,6,172,6,0,41.92692,-41.92692184448242,100.0,False,False,0.0,0.0,0.0
2026-06-21 19:20:00,2026-06-21,19:20:00,0,0,0,0,0,0,0,0.0,0.0,0,0,0,0,0,0,0,0,0,0,0,0,0,0,0.0,19,20,6,172,6,0,41.758373,-41.75837326049805,100.0,False,False,0.0,0.0,0.0
2026-06-21 19:20:59,2026-06-21,19:20:59,0,0,0,0,0,0,0,0.0,0.0,0,0,0,0,0,0,0,0,0,0,0,0,0,0,0.0,19,20,6,172,6,0,41.758373,-41.75837326049805,100.0,False,False,0.0,0.0,0.0
2026-06-21 19:40:00,2026-06-21,19:40:00,0,0,0,0,0,0,0,0.0,0.0,0,0,0,0,0,0,0,0,0,0,0,0,0,0,0.0,19,40,6,172,6,0,45.088917,-45.08891677856445,100.0,False,False,0.0,0.0,0.0
2026-06-21 20:00:00,2026-06-21,20:00:00,0,0,0,0,0,0,0,0.0,0.0,0,0,0,0,0,0,0,0,0,0,0,0,0,0,0.0,20,0,6,172,6,0,41.87208,-41.8720817565918,100.0,False,False,0.0,0.0,0.0
2026-06-21 20:00:59,2026-06-21,20:00:59,0,0,0,0,0,0,0,0.0,0.0,0,0,0,0,0,0,0,0,0,0,0,0,0,0,0.0,20,0,6,172,6,0,41.87208,-41.8720817565918,100.0,False,False,0.0,0.0,0.0
2026-06-21 20:20:00,2026-06-21,20:20:00,0,0,0,0,0,0,0,0.0,0.0,0,0,0,0,0,0,0,0,0,0,0,0,0,0,0.0,20,20,6,172,6,0,41.959835,-41.959835052490234,100.0,False,False,0.0,0.0,0.0
2026-06-21 20:30:00,2026-06-21,20:30:00,0,0,0,0,0,0,0,0.0,0.0,0,0,0,0,0,0,0,0,0,0,0,0,0,0,0.0,20,30,6,172,6,0,42.87901,-42.87900924682617,100.0,False,False,0.0,0.0,0.0
2026-06-21 20:40:00,2026-06-21,20:40:00,0,0,0,0,0,0,0,0.0,0.0,0,0,0,0,0,0,0,0,0,0,0,0,0,0,0.0,20,40,6,172,6,0,45.14098,-45.1409797668457,100.0,False,False,0.0,0.0,0.0
2026-06-21 20:50:00,2026-06-21,20:50:00,0,0,0,0,0,0,0,0.0,0.0,0,0,0,0,0,0,0,0,0,0,0,0,0,0,0.0,20,50,6,172,6,0,44.831745,-44.83174514770508,100.0,False,False,0.0,0.0,0.0
2026-06-21 21:00:00,2026-06-21,21:00:00,0,0,0,0,0,0,0,0.0,0.0,0,0,0,0,0,0,0,0,0,0,0,0,0,0,0.0,21,0,6,172,6,0,43.573715,-43.57371520996094,100.0,False,False,0.0,0.0,0.0
2026-06-21 21:10:00,2026-06-21,21:10:00,0,0,0,0,0,0,0,0.0,0.0,0,0,0,0,0,0,0,0,0,0,0,0,0,0,0.0,21,10,6,172,6,0,42.858242,-42.85824203491211,100.0,False,False,0.0,0.0,0.0
2026-06-21 21:20:00,2026-06-21,21:20:00,0,0,0,0,0,0,0,0.0,0.0,0,0,0,0,0,0,0,0,0,0,0,0,0,0,0.0,21,20,6,172,6,0,43.63388,-43.633880615234375,100.0,False,False,0.0,0.0,0.0
2026-06-21 21:30:00,2026-06-21,21:30:00,0,0,0,0,0,0,0,0.0,0.0,0,0,0,0,0,0,0,0,0,0,0,0,0,0,0.0,21,30,6,172,6,0,44.11492,-44.11492156982422,100.0,False,False,0.0,0.0,0.0
2026-06-21 21:40:00,2026-06-21,21:40:00,0,0,0,0,0,0,0,0.0,0.0,0,0,0,0,0,0,0,0,0,0,0,0,0,0,0.0,21,40,6,172,6,0,45.81475,-45.81475067138672,100.0,False,False,0.0,0.0,0.0
2026-06-21 21:50:00,2026-06-21,21:50:00,0,0,0,0,0,0,0,0.0,0.0,0,0,0,0,0,0,0,0,0,0,0,0,0,0,0.0,21,50,6,172,6,0,45.505516,-45.505516052246094,100.0,False,False,0.0,0.0,0.0
2026-06-21 22:00:00,2026-06-21,22:00:00,0,0,0,0,0,0,0,0.0,0.0,0,0,0,0,0,0,0,0,0,0,0,0,0,0,0.0,22,0,6,172,6,0,43.16095,-43.16094970703125,100.0,False,False,0.0,0.0,0.0
2026-06-21 22:10:00,2026-06-21,22:10:00,0,0,0,0,0,0,0,0.0,0.0,0,0,0,0,0,0,0,0,0,0,0,0,0,0,0.0,22,10,6,172,6,0,42.8576,-42.857601165771484,100.0,False,False,0.0,0.0,0.0
2026-06-21 22:20:00,2026-06-21,22:20:00,0,0,0,0,0,0,0,0.0,0.0,0,0,0,0,0,0,0,0,0,0,0,0,0,0,0.0,22,20,6,172,6,0,43.78293,-43.782928466796875,100.0,False,False,0.0,0.0,0.0
2026-06-21 22:30:00,2026-06-21,22:30:00,0,0,0,0,0,0,0,0.0,0.0,0,0,0,0,0,0,0,0,0,0,0,0,0,0,0.0,22,30,6,172,6,0,44.074486,-44.074485778808594,100.0,False,False,0.0,0.0,0.0
2026-06-21 22:40:00,2026-06-21,22:40:00,0,0,0,0,0,0,0,0.0,0.0,0,0,0,0,0,0,0,0,0,0,0,0,0,0,0.0,22,40,6,172,6,0,45.602962,-45.602962493896484,100.0,False,False,0.0,0.0,0.0
2026-06-21 22:50:00,2026-06-21,22:50:00,0,0,0,0,0,0,0,0.0,0.0,0,0,0,0,0,0,0,0,0,0,0,0,0,0,0.0,22,50,6,172,6,0,45.340466,-45.3404655456543,100.0,False,False,0.0,0.0,0.0
2026-06-21 23:00:00,2026-06-21,23:00:00,0,0,0,0,0,0,0,0.0,0.0,0,0,0,0,0,0,0,0,0,0,0,0,0,0,0.0,23,0,6,172,6,0,43.381214,-43.3812141418457,100.0,False,False,0.0,0.0,0.0
2026-06-21 23:10:00,2026-06-21,23:10:00,0,0,0,0,0,0,0,0.0,0.0,0,0,0,0,0,0,0,0,0,0,0,0,0,0,0.0,23,10,6,172,6,0,42.7444,-42.74440002441406,100.0,False,False,0.0,0.0,0.0
2026-06-21 23:20:00,2026-06-21,23:20:00,0,0,0,0,0,0,0,0.0,0.0,0,0,0,0,0,0,0,0,0,0,0,0,0,0,0.0,23,20,6,172,6,0,43.59363,-43.593631744384766,100.0,False,False,0.0,0.0,0.0
2026-06-21 23:20:59,2026-06-21,23:20:59,0,0,0,0,0,0,0,0.0,0.0,0,0,0,0,0,0,0,0,0,0,0,0,0,0,0.0,23,20,6,172,6,0,43.59363,-43.593631744384766,100.0,False,False,0.0,0.0,0.0
2026-06-21 23:30:00,2026-06-21,23:30:00,0,0,0,0,0,0,0,0.0,0.0,0,0,0,0,0,0,0,0,0,0,0,0,0,0,0.0,23,30,6,172,6,0,44.074665,-44.07466506958008,100.0,False,False,0.0,0.0,0.0
2026-06-21 23:30:59,2026-06-21,23:30:59,0,0,0,0,0,0,0,0.0,0.0,0,0,0,0,0,0,0,0,0,0,0,0,0,0,0.0,23,30,6,172,6,0,44.074665,-44.07466506958008,100.0,False,False,0.0,0.0,0.0
2026-06-21 23:40:00,2026-06-21,23:40:00,0,0,0,0,0,0,0,0.0,0.0,0,0,0,0,0,0,0,0,0,0,0,0,0,0,0.0,23,40,6,172,6,0,45.6497,-45.64970016479492,100.0,False,False,0.0,0.0,0.0
2026-06-22 00:00:00,2026-06-22,00:00:00,0,0,0,0,0,0,0,0.0,0.0,0,0,0,0,0,0,0,0,0,0,0,0,0,0,0.0,0,0,6,173,0,0,46.025604,-46.025604248046875,100.0,False,False,0.0,0.0,0.0
2026-06-22 00:00:59,2026-06-22,00:00:59,0,0,0,0,0,0,0,0.0,0.0,0,0,0,0,0,0,0,0,0,0,0,0,0,0,0.0,0,0,6,173,0,0,46.025604,-46.025604248046875,100.0,False,False,0.0,0.0,0.0
2026-06-22 00:30:00,2026-06-22,00:30:00,0,0,0,0,0,0,0,0.0,0.0,0,0,0,0,0,0,0,0,0,0,0,0,0,0,0.0,0,30,6,173,0,0,44.072678,-44.07267761230469,100.0,False,False,0.0,0.0,0.0
2026-06-22 00:30:59,2026-06-22,00:30:59,0,0,0,0,0,0,0,0.0,0.0,0,0,0,0,0,0,0,0,0,0,0,0,0,0,0.0,0,30,6,173,0,0,44.072678,-44.07267761230469,100.0,False,False,0.0,0.0,0.0
2026-06-22 00:40:59,2026-06-22,00:40:59,0,0,0,0,0,0,0,0.0,0.0,0,0,0,0,0,0,0,0,0,0,0,0,0,0,0.0,0,40,6,173,0,0,43.124138,-43.12413787841797,100.0,False,False,0.0,0.0,0.0
2026-06-22 00:50:00,2026-06-22,00:50:00,0,0,0,0,0,0,0,0.0,0.0,0,0,0,0,0,0,0,0,0,0,0,0,0,0,0.0,0,50,6,173,0,0,42.801544,-42.801544189453125,100.0,False,False,0.0,0.0,0.0
2026-06-22 01:00:00,2026-06-22,01:00:00,0,0,0,0,0,0,0,0.0,0.0,0,0,0,0,0,0,0,0,0,0,0,0,0,0,0.0,1,0,6,173,0,0,46.025604,-46.025604248046875,100.0,False,False,0.0,0.0,0.0
2026-06-22 01:10:00,2026-06-22,01:10:00,0,0,0,0,0,0,0,0.0,0.0,0,0,0,0,0,0,0,0,0,0,0,0,0,0,0.0,1,10,6,173,0,0,44.139988,-44.13998794555664,100.0,False,False,0.0,0.0,0.0
2026-06-22 01:30:00,2026-06-22,01:30:00,0,0,0,0,0,0,0,0.0,0.0,0,0,0,0,0,0,0,0,0,0,0,0,0,0,0.0,1,30,6,173,0,0,44.03888,-44.03887939453125,100.0,False,False,0.0,0.0,0.0
2026-06-22 01:40:00,2026-06-22,01:40:00,0,0,0,0,0,0,0,0.0,0.0,0,0,0,0,0,0,0,0,0,0,0,0,0,0,0.0,1,40,6,173,0,0,43.44915,-43.44915008544922,100.0,False,False,0.0,0.0,0.0
2026-06-22 02:10:59,2026-06-22,02:10:59,0,0,0,0,0,0,0,0.0,0.0,0,0,0,0,0,0,0,0,0,0,0,0,0,0,0.0,2,10,6,173,0,0,44.465,-44.46500015258789,100.0,False,False,0.0,0.0,0.0
2026-06-22 02:20:00,2026-06-22,02:20:00,0,0,0,0,0,0,0,0.0,0.0,0,0,0,0,0,0,0,0,0,0,0,0,0,0,0.0,2,20,6,173,0,0,44.68508,-44.685081481933594,100.0,False,False,0.0,0.0,0.0
2026-06-22 02:20:59,2026-06-22,02:20:59,0,0,0,0,0,0,0,0.0,0.0,0,0,0,0,0,0,0,0,0,0,0,0,0,0,0.0,2,20,6,173,0,0,44.68508,-44.685081481933594,100.0,False,False,0.0,0.0,0.0
2026-06-22 02:30:00,2026-06-22,02:30:00,0,0,0,0,0,0,0,0.0,0.0,0,0,0,0,0,0,0,0,0,0,0,0,0,0,0.0,2,30,6,173,0,0,45.010612,-45.01061248779297,100.0,False,False,0.0,0.0,0.0
2026-06-22 02:40:00,2026-06-22,02:40:00,0,0,0,0,0,0,0,0.0,0.0,0,0,0,0,0,0,0,0,0,0,0,0,0,0,0.0,2,40,6,173,0,0,44.103065,-44.103065490722656,100.0,False,False,0.0,0.0,0.0
2026-06-22 02:50:00,2026-06-22,02:50:00,0,0,0,0,0,0,0,0.0,0.0,0,0,0,0,0,0,0,0,0,0,0,0,0,0,0.0,2,50,6,173,0,0,43.83274,-43.832740783691406,100.0,False,False,0.0,0.0,0.0
2026-06-22 02:50:59,2026-06-22,02:50:59,0,0,0,0,0,0,0,0.0,0.0,0,0,0,0,0,0,0,0,0,0,0,0,0,0,0.0,2,50,6,173,0,0,43.83274,-43.832740783691406,100.0,False,False,0.0,0.0,0.0
2026-06-22 03:00:00,2026-06-22,03:00:00,0,0,0,0,0,0,0,0.0,0.0,0,0,0,0,0,0,0,0,0,0,0,0,0,0,0.0,3,0,6,173,0,0,46.803955,-46.803955078125,100.0,False,False,0.0,0.0,0.0
2026-06-22 03:00:59,2026-06-22,03:00:59,0,0,0,0,0,0,0,0.0,0.0,0,0,0,0,0,0,0,0,0,0,0,0,0,0,0.0,3,0,6,173,0,0,46.803955,-46.803955078125,100.0,False,False,0.0,0.0,0.0
2026-06-22 03:10:00,2026-06-22,03:10:00,0,0,0,0,0,0,0,0.0,0.0,0,0,0,0,0,0,0,0,0,0,0,0,0,0,0.0,3,10,6,173,0,0,44.886013,-44.88601303100586,100.0,False,False,0.0,0.0,0.0
2026-06-22 03:20:00,2026-06-22,03:20:00,0,0,0,0,0,0,0,0.0,0.0,0,0,0,0,0,0,0,0,0,0,0,0,0,0,0.0,3,20,6,173,0,0,45.650665,-45.650665283203125,100.0,False,False,0.0,0.0,0.0
2026-06-22 03:30:00,2026-06-22,03:30:00,0,0,0,0,0,0,0,0.0,0.0,0,0,0,0,0,0,0,0,0,0,0,0,0,0,0.0,3,30,6,173,0,0,45.317375,-45.31737518310547,100.0,False,False,0.0,0.0,0.0
2026-06-22 03:40:00,2026-06-22,03:40:00,0,0,0,0,0,0,0,0.0,0.0,0,0,0,0,0,0,0,0,0,0,0,0,0,0,0.0,3,40,6,173,0,0,44.259705,-44.25970458984375,100.0,False,False,0.0,0.0,0.0
2026-06-22 03:50:59,2026-06-22,03:50:59,0,0,0,0,0,0,0,0.0,0.0,0,0,0,0,0,0,0,0,0,0,0,0,0,0,0.0,3,50,6,173,0,0,43.95395,-43.953948974609375,100.0,False,False,0.0,0.0,0.0
2026-06-22 04:00:00,2026-06-22,04:00:00,0,0,0,0,0,0,0,0.0,0.0,0,0,0,0,0,0,0,0,0,0,0,0,0,0,0.0,4,0,6,173,0,0,45.94574,-45.94573974609375,100.0,False,False,0.0,0.0,0.0
2026-06-22 04:10:00,2026-06-22,04:10:00,0,0,0,0,0,0,0,0.0,0.0,0,0,0,0,0,0,0,0,0,0,0,0,0,0,0.0,4,10,6,173,0,0,43.758923,-43.7589225769043,100.0,False,False,0.0,0.0,0.0
2026-06-22 04:20:00,2026-06-22,04:20:00,0,0,0,0,0,0,0,0.0,0.0,0,0,0,0,0,0,0,0,0,0,0,0,0,0,0.0,4,20,6,173,0,0,44.10263,-44.102630615234375,100.0,False,False,0.0,0.0,0.0
2026-06-22 04:20:59,2026-06-22,04:20:59,0,0,0,0,0,0,0,0.0,0.0,0,0,0,0,0,0,0,0,0,0,0,0,0,0,0.0,4,20,6,173,0,0,44.10263,-44.102630615234375,100.0,False,False,0.0,0.0,0.0
2026-06-22 04:30:00,2026-06-22,04:30:00,0,0,0,0,0,0,0,0.0,0.0,0,0,0,0,0,0,0,0,0,0,0,0,0,0,0.0,4,30,6,173,0,0,42.62239,-42.62239074707031,100.0,False,False,0.0,0.0,0.0
2026-06-22 04:40:00,2026-06-22,04:40:00,0,0,0,0,0,0,0,0.0,0.0,0,0,0,0,0,0,0,0,0,0,0,0,0,0,0.0,4,40,6,173,0,0,41.67385,-41.673851013183594,100.0,False,False,0.0,0.0,0.0
2026-06-22 04:50:00,2026-06-22,04:50:00,0,0,0,0,0,0,0,0.0,0.0,0,0,0,0,0,0,0,0,0,0,0,0,0,0,0.0,4,50,6,173,0,0,41.587753,-41.58775329589844,100.0,False,False,0.0,0.0,0.0
2026-06-22 05:00:00,2026-06-22,05:00:00,1,0,0,0,0,0,0,0.0,0.0,0,0,0,0,0,0,0,0,0,0,0,0,0,0,0.0,5,0,6,173,0,0,0.0,0.0,0.0,False,False,0.0,0.0,0.0
2026-06-22 05:10:00,2026-06-22,05:10:00,0,0,0,0,0,0,0,0.0,0.0,0,0,0,0,0,0,0,0,0,0,0,0,0,0,0.0,5,10,6,173,0,0,0.0,0.0,0.0,False,False,0.0,0.0,0.0
2026-06-22 05:20:00,2026-06-22,05:20:00,0,0,0,0,0,0,0,0.0,0.0,0,0,0,0,0,0,0,0,0,0,0,0,0,0,0.0,5,20,6,173,0,0,0.0,0.0,0.0,False,False,0.0,0.0,0.0
2026-06-22 05:30:00,2026-06-22,05:30:00,3,0,0,0,0,0,0,0.0,0.0,0,0,0,0,0,0,0,0,0,0,0,0,0,0,0.0,5,30,6,173,0,0,0.0,0.0,0.0,False,False,0.0,0.0,0.0
2026-06-22 05:40:00,2026-06-22,05:40:00,8,0,0,0,0,0,0,0.0,0.0,0,0,0,0,0,0,0,0,0,0,0,0,0,0,0.0,5,40,6,173,0,0,0.0,0.0,0.0,False,False,0.0,0.0,0.0
2026-06-22 05:50:00,2026-06-22,05:50:00,14,0,0,0,0,0,0,0.0,0.0,0,0,0,0,0,0,0,0,0,0,0,0,0,0,0.0,5,50,6,173,0,0,0.0,0.0,0.0,False,False,0.0,0.0,0.0
2026-06-22 06:00:00,2026-06-22,06:00:00,22,0,0,0,0,0,0,0.0,0.0,0,0,0,0,0,0,0,0,0,0,0,0,0,0,0.0,6,0,6,173,0,1,0.05845978,-0.05845978111028671,1.1691956222057343,False,False,0.0,0.0,0.0
2026-06-22 06:00:59,2026-06-22,06:00:59,24,0,0,0,0,0,0,0.0,0.0,0,0,0,0,0,0,0,0,0,0,0,0,0,0,0.0,6,0,6,173,0,1,0.008021783,-0.008021783083677292,0.16043566167354584,False,False,0.0,0.0,0.0
2026-06-22 06:10:00,2026-06-22,06:10:00,35,0,0,0,0,0,0,0.0,0.0,0,0,0,0,0,0,0,0,1,1,0,0,0,0,2.0,6,10,6,173,0,1,1.7669615,0.2330385446548462,4.660770893096924,False,False,0.0,0.0,0.0
2026-06-22 06:20:00,2026-06-22,06:20:00,50,0,0,0,0,0,0,0.0,0.0,0,0,0,0,3,0,0,1,1,1,0,0,0,0,6.0,6,20,6,173,0,1,5.576098,0.4239020347595215,7.602126745297237,False,False,0.0,0.0,0.0
2026-06-22 06:30:00,2026-06-22,06:30:00,72,0,0,0,0,0,0,0.0,0.0,0,0,1,1,5,0,1,1,2,2,0,0,0,0,13.0,6,30,6,173,0,1,12.264089,0.7359113693237305,6.000538576368317,False,False,0.0,0.0,0.0
2026-06-22 06:40:00,2026-06-22,06:40:00,95,0,0,0,0,0,0,0.0,0.0,0,1,2,2,9,0,1,2,3,4,0,0,0,0,24.0,6,40,6,173,0,1,24.864077,-0.8640766143798828,3.475200900403247,False,False,0.0,0.0,0.0
2026-06-22 07:00:00,2026-06-22,07:00:00,139,0,0,0,0,0,0,0.0,0.0,0,1,2,2,14,0,3,4,6,6,1,0,0,0,39.0,7,0,6,173,0,1,38.002277,0.9977226257324219,2.6254285128922517,False,False,0.0,0.0,0.0
2026-06-22 07:10:00,2026-06-22,07:10:00,137,0,0,0,0,0,0,0.0,0.0,0,1,2,2,18,0,3,4,6,7,2,0,0,0,45.0,7,10,6,173,0,1,44.44115,0.5588493347167969,1.2575041967879605,False,False,0.0,0.0,0.0
2026-06-22 07:20:00,2026-06-22,07:20:00,73,0,0,0,0,0,0,0.0,0.0,0,0,0,0,4,0,1,2,3,3,0,0,0,0,13.0,7,20,6,173,0,1,13.626511,-0.6265106201171875,4.597733327211831,False,False,0.0,0.0,0.0
2026-06-22 07:30:00,2026-06-22,07:30:00,58,0,0,0,0,0,0,0.0,0.0,0,1,0,0,4,0,2,2,4,3,0,0,0,0,16.0,7,30,6,173,0,1,15.143061,0.8569393157958984,5.658957153158487,False,False,0.0,0.0,0.0
2026-06-22 07:40:00,2026-06-22,07:40:00,165,0,0,0,0,0,0,0.0,0.0,0,1,1,1,11,0,3,5,7,7,2,0,0,0,38.0,7,40,6,173,0,1,39.367985,-1.3679847717285156,3.4748661371940783,False,False,0.0,0.0,0.0
2026-06-22 07:50:00,2026-06-22,07:50:00,147,0,0,0,0,0,0,0.0,0.0,0,2,2,2,20,0,4,5,8,8,2,0,0,0,53.0,7,50,6,173,0,1,52.4435,0.5564994812011719,1.0611409911542609,False,False,0.0,0.0,0.0
2026-06-22 07:50:59,2026-06-22,07:50:59,139,0,0,0,0,0,0,0.0,0.0,0,1,1,1,11,0,3,4,6,6,1,0,0,0,34.0,7,50,6,173,0,1,33.61992,0.3800811767578125,1.130523778942185,False,False,0.0,0.0,0.0
2026-06-22 08:00:00,2026-06-22,08:00:00,174,0,0,0,0,0,0,0.0,0.0,1,1,1,1,8,0,3,4,6,6,1,0,0,0,32.0,8,0,6,173,0,1,36.09891,-4.098911285400391,11.354667327759902,False,False,0.0,0.0,0.0
2026-06-22 08:20:00,2026-06-22,08:20:00,198,0,0,0,0,0,0,0.0,0.0,1,3,2,2,19,0,5,7,9,9,3,0,0,0,60.0,8,20,6,173,0,1,59.25515,0.7448501586914062,1.2570218127642776,False,False,0.0,0.0,0.0
2026-06-22 08:30:00,2026-06-22,08:30:00,308,0,0,0,0,0,0,0.0,0.0,2,5,4,4,0,0,10,13,18,18,6,0,0,0,80.0,8,30,6,173,0,1,79.33338,0.6666183471679688,0.8402747157371073,False,False,0.0,0.0,0.0
2026-06-22 08:40:00,2026-06-22,08:40:00,275,0,0,0,0,0,0,0.0,0.0,1,4,3,3,0,0,7,10,13,12,5,0,0,0,58.0,8,40,6,173,0,1,58.752342,-0.7523422241210938,1.2805314573692272,False,False,0.0,0.0,0.0
2026-06-22 08:50:00,2026-06-22,08:50:00,212,0,0,0,0,0,0,0.0,0.0,1,2,1,1,9,0,4,5,8,8,2,0,0,0,41.0,8,50,6,173,0,1,40.74166,0.25833892822265625,0.6340903179365296,False,False,0.0,0.0,0.0
2026-06-22 09:00:00,2026-06-22,09:00:00,267,0,0,0,0,0,0,0.0,0.0,1,2,1,1,12,0,5,7,10,10,2,0,0,0,51.0,9,0,6,173,0,1,52.15648,-1.1564788818359375,2.217325453384266,False,False,0.0,0.0,0.0
2026-06-22 09:10:00,2026-06-22,09:10:00,377,0,0,0,0,0,0,0.0,0.0,2,4,3,3,0,0,13,16,24,23,9,0,0,0,97.0,9,10,6,173,0,1,95.621765,1.37823486328125,1.4413401188638046,False,False,0.0,0.0,0.0
2026-06-22 09:10:59,2026-06-22,09:10:59,401,0,0,0,0,0,0,0.0,0.0,1,4,2,2,27,0,13,16,24,23,9,0,0,0,121.0,9,10,6,173,0,1,119.066086,1.9339141845703125,1.6242359621766436,False,False,0.0,0.0,0.0
2026-06-22 09:20:00,2026-06-22,09:20:00,357,0,0,0,0,0,0,0.0,0.0,2,5,3,3,0,0,9,11,17,17,6,0,0,0,73.0,9,20,6,173,0,1,73.52709,-0.5270919799804688,0.7168677092846026,False,False,0.0,0.0,0.0
2026-06-22 09:30:00,2026-06-22,09:30:00,581,0,0,0,0,0,0,0.0,0.0,3,5,3,3,0,0,11,13,19,19,7,0,0,0,83.0,9,30,6,173,0,1,85.83675,-2.8367462158203125,3.3048156423448867,False,False,0.0,0.0,0.0
2026-06-22 09:40:00,2026-06-22,09:40:00,311,0,0,0,0,0,0,0.0,0.0,1,2,1,1,12,0,6,7,11,11,3,0,0,0,55.0,9,40,6,173,0,1,55.65317,-0.6531715393066406,1.1736465707894466,False,False,0.0,0.0,0.0
2026-06-22 09:50:00,2026-06-22,09:50:00,291,0,0,0,0,0,0,0.0,0.0,1,2,1,1,11,0,5,7,10,10,3,0,0,0,51.0,9,50,6,173,0,1,51.90205,-0.9020500183105469,1.7379853358245239,False,False,0.0,0.0,0.0
2026-06-22 10:00:00,2026-06-22,10:00:00,878,0,0,0,0,0,0,0.0,0.0,3,6,3,3,32,0,16,20,29,29,11,0,0,0,152.0,10,0,6,173,0,1,151.34142,0.6585845947265625,0.4351648178807864,False,False,0.0,0.0,0.0
2026-06-22 10:10:00,2026-06-22,10:10:00,607,0,0,0,0,0,0,0.0,0.0,0,4,2,2,25,0,12,14,21,20,7,0,0,0,107.0,10,10,6,173,0,1,107.211784,-0.21178436279296875,0.19753832477623318,False,False,0.0,0.0,0.0
2026-06-22 10:10:59,2026-06-22,10:10:59,626,0,0,0,0,0,0,0.0,0.0,0,4,2,2,21,0,11,14,20,20,7,0,0,0,101.0,10,10,6,173,0,1,101.4058,-0.40579986572265625,0.4001742171157859,False,False,0.0,0.0,0.0
2026-06-22 10:30:00,2026-06-22,10:30:00,853,0,0,0,0,0,0,0.0,0.0,4,7,3,3,0,0,15,18,28,28,10,0,0,0,116.0,10,30,6,173,0,1,116.69056,-0.6905593872070312,0.5917868513386683,False,False,0.0,0.0,0.0
2026-06-22 10:40:00,2026-06-22,10:40:00,816,0,0,0,0,0,0,0.0,0.0,0,6,2,2,32,0,14,17,26,26,9,0,0,0,134.0,10,40,6,173,0,1,132.9552,1.0447998046875,0.7858284618824075,False,False,0.0,0.0,0.0
2026-06-22 10:50:00,2026-06-22,10:50:00,819,0,0,0,0,0,0,0.0,0.0,3,6,2,2,32,0,14,17,26,26,10,0,0,0,138.0,10,50,6,173,0,1,138.1769,-0.1768951416015625,0.12802078192615565,False,False,0.0,0.0,0.0
2026-06-22 10:50:59,2026-06-22,10:50:59,826,0,0,0,0,0,0,0.0,0.0,3,6,2,2,32,0,15,17,26,26,10,0,0,0,139.0,10,50,6,173,0,1,138.54715,0.452850341796875,0.3268564838136766,False,False,0.0,0.0,0.0
2026-06-22 11:00:00,2026-06-22,11:00:00,837,0,0,0,0,0,0,0.0,0.0,4,6,2,2,32,0,15,18,27,27,10,0,0,0,143.0,11,0,6,173,0,1,142.25883,0.7411651611328125,0.5209976322189835,False,False,0.0,0.0,0.0
2026-06-22 11:20:00,2026-06-22,11:20:00,878,0,0,0,0,0,0,0.0,0.0,4,6,2,2,32,0,15,18,25,28,10,0,0,0,142.0,11,20,6,173,0,1,142.43806,-0.4380645751953125,0.3075474077114066,False,False,0.0,0.0,0.0
2026-06-22 11:40:00,2026-06-22,11:40:00,556,0,0,0,0,0,0,0.0,0.0,2,4,1,1,19,0,10,12,18,17,6,0,0,0,90.0,11,40,6,173,0,1,91.55724,-1.5572433471679688,1.7008412335692467,False,False,0.0,0.0,0.0
2026-06-22 11:50:00,2026-06-22,11:50:00,998,0,0,0,0,0,0,0.0,0.0,4,8,2,2,0,0,17,21,25,0,12,0,0,0,91.0,11,50,6,173,0,1,91.04943,-0.04943084716796875,0.0542901220886723,False,False,0.0,0.0,0.0
2026-06-22 12:00:00,2026-06-22,12:00:00,1034,0,0,0,0,0,0,0.0,0.0,4,8,2,2,0,0,18,22,23,0,12,0,0,0,91.0,12,0,6,173,0,1,91.18456,-0.18456268310546875,0.20240562401651374,False,False,0.0,0.0,0.0
2026-06-22 12:30:00,2026-06-22,12:30:00,687,0,0,0,0,0,0,0.0,0.0,2,4,1,1,19,0,11,15,22,22,7,0,0,0,104.0,12,30,6,173,0,1,104.311676,-0.311676025390625,0.2987930376219433,False,False,0.0,0.0,0.0
2026-06-22 12:30:59,2026-06-22,12:30:59,520,0,0,0,0,0,0,0.0,0.0,2,4,1,1,18,0,9,11,17,17,5,0,0,0,85.0,12,30,6,173,0,1,84.92003,0.0799713134765625,0.09417249936616393,False,False,0.0,0.0,0.0
2026-06-22 12:50:00,2026-06-22,12:50:00,361,0,0,0,0,0,0,0.0,0.0,1,3,1,1,14,0,6,8,12,12,4,0,0,0,62.0,12,50,6,173,0,1,62.090668,-0.090667724609375,0.14602472147910117,False,False,0.0,0.0,0.0
2026-06-22 13:00:00,2026-06-22,13:00:00,368,0,0,0,0,0,0,0.0,0.0,0,3,1,1,14,0,7,8,13,12,3,0,0,0,62.0,13,0,6,173,0,1,62.863373,-0.863372802734375,1.373411518092807,False,False,0.0,0.0,0.0
2026-06-22 13:10:00,2026-06-22,13:10:00,385,0,0,0,0,0,0,0.0,0.0,0,3,1,1,15,0,7,9,13,13,4,0,0,0,66.0,13,10,6,173,0,1,67.53414,-1.5341415405273438,2.2716532786704677,False,False,0.0,0.0,0.0
2026-06-22 13:20:00,2026-06-22,13:20:00,434,0,0,0,0,0,0,0.0,0.0,2,3,1,1,17,0,8,10,15,14,4,0,0,0,75.0,13,20,6,173,0,1,74.72525,0.274749755859375,0.36767994079875127,False,False,0.0,0.0,0.0
2026-06-22 13:20:59,2026-06-22,13:20:59,437,0,0,0,0,0,0,0.0,0.0,2,3,1,1,17,0,8,10,15,14,5,0,0,0,76.0,13,20,6,173,0,1,75.70892,0.29107666015625,0.3844681014015471,False,False,0.0,0.0,0.0
2026-06-22 13:30:00,2026-06-22,13:30:00,487,0,0,0,0,0,0,0.0,0.0,2,4,1,1,19,0,9,11,16,16,4,0,0,0,83.0,13,30,6,173,0,1,83.14398,-0.14398193359375,0.17317180419473643,False,False,0.0,0.0,0.0
2026-06-22 13:40:00,2026-06-22,13:40:00,634,0,0,0,0,0,0,0.0,0.0,2,4,1,1,20,0,11,13,20,19,7,0,0,0,98.0,13,40,6,173,0,1,97.111404,0.8885955810546875,0.9150270108557228,False,False,0.0,0.0,0.0
2026-06-22 13:50:00,2026-06-22,13:50:00,1028,0,0,0,0,0,0,0.0,0.0,4,7,2,2,0,0,17,21,31,32,12,0,0,0,128.0,13,50,6,173,0,1,126.47145,1.5285491943359375,1.2086120500702604,False,False,0.0,0.0,0.0
2026-06-22 14:00:00,2026-06-22,14:00:00,897,0,0,0,0,0,0,0.0,0.0,3,6,2,2,0,0,15,18,25,28,10,0,0,0,109.0,14,0,6,173,0,1,109.82729,-0.8272933959960938,0.7532675807762863,False,False,0.0,0.0,0.0
2026-06-22 14:10:00,2026-06-22,14:10:00,744,0,0,0,0,0,0,0.0,0.0,3,6,2,2,31,0,14,17,25,25,9,0,0,0,134.0,14,10,6,173,0,1,133.29938,0.70062255859375,0.5256007732682166,False,False,0.0,0.0,0.0
2026-06-22 14:20:00,2026-06-22,14:20:00,836,0,0,0,0,0,0,0.0,0.0,3,6,2,2,32,0,14,17,24,26,9,0,0,0,135.0,14,20,6,173,0,1,132.8859,2.114105224609375,1.5909177028778902,False,False,0.0,0.0,0.0
2026-06-22 14:30:00,2026-06-22,14:30:00,809,0,0,0,0,0,0,0.0,0.0,0,6,2,2,32,0,14,16,23,25,9,0,0,0,129.0,14,30,6,173,0,1,128.72395,0.2760467529296875,0.21444862899747075,False,False,0.0,0.0,0.0
2026-06-22 14:40:00,2026-06-22,14:40:00,777,0,0,0,0,0,0,0.0,0.0,3,5,2,2,31,0,13,16,24,24,8,0,0,0,128.0,14,40,6,173,0,1,127.97912,0.02088165283203125,0.016316453107127798,False,False,0.0,0.0,0.0
2026-06-22 14:50:00,2026-06-22,14:50:00,760,0,0,0,0,0,0,0.0,0.0,0,0,0,0,0,0,0,0,0,0,0,0,0,0,0.0,14,50,6,173,0,1,4.3254876,-4.3254876136779785,86.50975227355957,True,False,0.0,0.0,0.0
2026-06-22 15:00:00,2026-06-22,15:00:00,733,0,0,0,0,0,0,0.0,0.0,2,1,2,2,30,0,12,14,23,22,7,0,0,0,115.0,15,0,6,173,0,1,113.41256,1.5874404907226562,1.3997043163396738,False,False,0.0,0.0,0.0
2026-06-22 15:10:00,2026-06-22,15:10:00,702,0,0,0,0,0,0,0.0,0.0,2,4,2,2,30,0,11,14,22,21,7,0,0,0,115.0,15,10,6,173,0,1,114.15635,0.8436508178710938,0.7390310078374218,False,False,0.0,0.0,0.0
2026-06-22 15:10:59,2026-06-22,15:10:59,699,0,0,0,0,0,0,0.0,0.0,0,3,2,2,31,0,11,14,22,21,7,0,0,0,113.0,15,10,6,173,0,1,113.014336,-0.01433563232421875,0.012684791043551902,False,False,0.0,0.0,0.0
2026-06-22 15:20:00,2026-06-22,15:20:00,666,0,0,0,0,0,0,0.0,0.0,0,0,0,0,0,0,0,0,0,0,0,0,0,0,0.0,15,20,6,173,0,1,1.4927658,-1.4927657842636108,29.855315685272217,False,False,0.0,0.0,0.0
2026-06-22 15:20:59,2026-06-22,15:20:59,662,0,0,0,0,0,0,0.0,0.0,0,0,0,0,0,0,0,0,0,0,0,0,0,0,0.0,15,20,6,173,0,1,2.7251792,-2.7251791954040527,54.503583908081055,True,False,0.0,0.0,0.0
2026-06-22 15:30:00,2026-06-22,15:30:00,630,0,0,0,0,0,0,0.0,0.0,2,4,2,2,28,0,10,12,20,19,6,0,0,0,105.0,15,30,6,173,0,1,102.7918,2.2081985473632812,2.148224387701534,False,False,0.0,0.0,0.0
2026-06-22 15:40:00,2026-06-22,15:40:00,587,0,0,0,0,0,0,0.0,0.0,2,4,2,2,28,0,9,11,18,17,6,0,0,0,99.0,15,40,6,173,0,1,98.936356,0.0636444091796875,0.06432863713204398,False,False,0.0,0.0,0.0
2026-06-22 15:50:00,2026-06-22,15:50:00,561,0,0,0,0,0,0,0.0,0.0,2,4,2,2,27,0,9,11,17,17,6,0,0,0,97.0,15,50,6,173,0,1,94.40724,2.5927581787109375,2.746355182814232,False,False,0.0,0.0,0.0
2026-06-22 16:00:00,2026-06-22,16:00:00,542,0,0,0,0,0,0,0.0,0.0,2,3,2,2,27,0,9,11,17,16,5,0,0,0,94.0,16,0,6,173,0,1,94.3817,-0.3816986083984375,0.4044201513920121,False,False,0.0,0.0,0.0
2026-06-22 16:10:00,2026-06-22,16:10:00,485,0,0,0,0,0,0,0.0,0.0,0,3,2,2,26,0,8,10,15,14,5,0,0,0,85.0,16,10,6,173,0,1,87.54368,-2.5436782836914062,2.905610471893172,False,False,0.0,0.0,0.0
2026-06-22 16:20:00,2026-06-22,16:20:00,489,0,0,0,0,0,0,0.0,0.0,1,3,2,2,27,0,8,10,16,15,5,0,0,0,89.0,16,20,6,173,0,1,88.14948,0.8505172729492188,0.96485792841552,False,False,0.0,0.0,0.0
2026-06-22 16:30:00,2026-06-22,16:30:00,434,0,0,0,0,0,0,0.0,0.0,1,3,2,2,26,0,7,8,13,13,3,0,0,0,78.0,16,30,6,173,0,1,78.34291,-0.3429107666015625,0.4377049094118534,False,False,0.0,0.0,0.0
2026-06-22 16:30:59,2026-06-22,16:30:59,430,0,0,0,0,0,0,0.0,0.0,1,3,2,2,25,0,7,8,13,12,3,0,0,0,76.0,16,30,6,173,0,1,75.156975,0.8430252075195312,1.121685924489708,False,False,0.0,0.0,0.0
2026-06-22 16:40:00,2026-06-22,16:40:00,394,0,0,0,0,0,0,0.0,0.0,1,2,2,2,24,0,6,8,12,11,4,0,0,0,72.0,16,40,6,173,0,1,71.121826,0.878173828125,1.234745893620308,False,False,0.0,0.0,0.0
2026-06-22 16:50:00,2026-06-22,16:50:00,350,0,0,0,0,0,0,0.0,0.0,0,2,2,2,23,0,5,7,10,10,2,0,0,0,63.0,16,50,6,173,0,1,62.239193,0.7608070373535156,1.2223921955577446,False,False,0.0,0.0,0.0
2026-06-22 17:00:00,2026-06-22,17:00:00,318,0,0,0,0,0,0,0.0,0.0,0,2,2,2,22,0,5,6,9,9,2,0,0,0,59.0,17,0,6,173,0,1,57.47931,1.52069091796875,2.6456318669358136,False,False,0.0,0.0,0.0
2026-06-22 17:10:00,2026-06-22,17:10:00,285,0,0,0,0,0,0,0.0,0.0,0,1,2,2,20,0,4,5,8,8,2,0,0,0,52.0,17,10,6,173,0,1,51.9253,0.07469940185546875,0.14385935371578382,False,False,0.0,0.0,0.0
2026-06-22 17:20:00,2026-06-22,17:20:00,252,0,0,0,0,0,0,0.0,0.0,0,1,1,1,18,0,3,4,7,7,1,0,0,0,43.0,17,20,6,173,0,1,43.082127,-0.08212661743164062,0.1906280489840328,False,False,0.0,0.0,0.0
2026-06-22 17:30:00,2026-06-22,17:30:00,213,0,0,0,0,0,0,0.0,0.0,0,1,2,2,15,0,2,3,6,5,1,0,0,0,37.0,17,30,6,173,0,1,37.40631,-0.40631103515625,1.0862098504564628,False,False,0.0,0.0,0.0
2026-06-22 17:40:00,2026-06-22,17:40:00,188,0,0,0,0,0,0,0.0,0.0,0,1,1,1,13,0,2,3,5,4,1,0,0,0,31.0,17,40,6,173,0,1,34.38727,-3.3872718811035156,9.850365253792896,False,False,0.0,0.0,0.0
2026-06-22 17:40:59,2026-06-22,17:40:59,179,0,0,0,0,0,0,0.0,0.0,0,1,1,1,12,0,2,3,5,4,1,0,0,0,30.0,17,40,6,173,0,1,28.448257,1.5517425537109375,5.454613719805726,False,False,0.0,0.0,0.0
2026-06-22 17:50:00,2026-06-22,17:50:00,157,0,0,0,0,0,0,0.0,0.0,0,0,0,0,10,0,1,2,4,3,0,0,0,0,20.0,17,50,6,173,0,1,20.58893,-0.5889301300048828,2.860421237462051,False,False,0.0,0.0,0.0
2026-06-22 18:00:00,2026-06-22,18:00:00,41,0,0,0,0,0,0,0.0,0.0,0,0,0,0,1,0,0,0,1,1,0,0,0,0,3.0,18,0,6,173,0,1,3.0771012,-0.07710123062133789,1.5420246124267578,False,False,0.0,0.0,0.0
2026-06-22 18:00:59,2026-06-22,18:00:59,37,0,0,0,0,0,0,0.0,0.0,0,0,0,0,1,0,0,0,1,1,0,0,0,0,3.0,18,0,6,173,0,1,2.6116757,0.3883242607116699,7.766485214233398,False,False,0.0,0.0,0.0
2026-06-22 18:10:00,2026-06-22,18:10:00,32,0,0,0,0,0,0,0.0,0.0,0,0,0,0,1,0,0,0,0,0,0,0,0,0,1.0,18,10,6,173,0,1,0.0,1.0,20.0,False,False,0.0,0.0,0.0
2026-06-22 18:10:59,2026-06-22,18:10:59,34,0,0,0,0,0,0,0.0,0.0,0,0,0,0,1,0,0,0,0,0,0,0,0,0,1.0,18,10,6,173,0,1,0.8744505,0.12554949522018433,2.5109899044036865,False,False,0.0,0.0,0.0
2026-06-22 18:30:00,2026-06-22,18:30:00,38,0,0,0,0,0,0,0.0,0.0,0,0,0,0,1,0,0,0,1,0,0,0,0,0,2.0,18,30,6,173,0,1,1.1269584,0.8730416297912598,17.460832595825195,False,False,0.0,0.0,0.0
2026-06-22 18:40:00,2026-06-22,18:40:00,35,0,0,0,0,0,0,0.0,0.0,0,0,0,0,1,0,0,0,1,0,0,0,0,0,2.0,18,40,6,173,0,1,5.5913057,-3.591305732727051,64.23017993286267,True,False,0.0,0.0,0.0
2026-06-22 19:00:00,2026-06-22,19:00:00,8,0,0,0,0,0,0,0.0,0.0,0,0,0,0,0,0,0,0,0,0,0,0,0,0,0.0,19,0,6,173,0,0,0.59769297,-0.5976929664611816,11.953859329223633,False,False,0.0,0.0,0.0
2026-06-22 19:10:00,2026-06-22,19:10:00,2,0,0,0,0,0,0,0.0,0.0,0,0,0,0,0,0,0,0,0,0,0,0,0,0,0.0,19,10,6,173,0,0,0.2562665,-0.2562665045261383,5.125330090522766,False,False,0.0,0.0,0.0
2026-06-22 19:20:00,2026-06-22,19:20:00,0,0,0,0,0,0,0,0.0,0.0,0,0,0,0,0,0,0,0,0,0,0,0,0,0,0.0,19,20,6,173,0,0,29.063122,-29.063121795654297,100.0,False,False,0.0,0.0,0.0
2026-06-22 19:40:00,2026-06-22,19:40:00,0,0,0,0,0,0,0,0.0,0.0,0,0,0,0,0,0,0,0,0,0,0,0,0,0,0.0,19,40,6,173,0,0,15.942495,-15.942495346069336,100.0,False,False,0.0,0.0,0.0
2026-06-22 19:50:00,2026-06-22,19:50:00,0,0,0,0,0,0,0,0.0,0.0,0,0,0,0,0,0,0,0,0,0,0,0,0,0,0.0,19,50,6,173,0,0,16.650402,-16.650402069091797,100.0,False,False,0.0,0.0,0.0
2026-06-22 20:00:00,2026-06-22,20:00:00,0,0,0,0,0,0,0,0.0,0.0,0,0,0,0,0,0,0,0,0,0,0,0,0,0,0.0,20,0,6,173,0,0,29.995234,-29.9952335357666,100.0,False,False,0.0,0.0,0.0
2026-06-22 20:10:00,2026-06-22,20:10:00,0,0,0,0,0,0,0,0.0,0.0,0,0,0,0,0,0,0,0,0,0,0,0,0,0,0.0,20,10,6,173,0,0,28.021763,-28.02176284790039,100.0,False,False,0.0,0.0,0.0
2026-06-22 20:20:00,2026-06-22,20:20:00,0,0,0,0,0,0,0,0.0,0.0,0,0,0,0,0,0,0,0,0,0,0,0,0,0,0.0,20,20,6,173,0,0,27.691813,-27.69181251525879,100.0,False,False,0.0,0.0,0.0
2026-06-22 20:30:00,2026-06-22,20:30:00,0,0,0,0,0,0,0,0.0,0.0,0,0,0,0,0,0,0,0,0,0,0,0,0,0,0.0,20,30,6,173,0,0,24.285732,-24.28573226928711,100.0,False,False,0.0,0.0,0.0
2026-06-22 20:40:00,2026-06-22,20:40:00,0,0,0,0,0,0,0,0.0,0.0,0,0,0,0,0,0,0,0,0,0,0,0,0,0,0.0,20,40,6,173,0,0,14.700683,-14.700682640075684,100.0,False,False,0.0,0.0,0.0
2026-06-22 20:50:00,2026-06-22,20:50:00,0,0,0,0,0,0,0,0.0,0.0,0,0,0,0,0,0,0,0,0,0,0,0,0,0,0.0,20,50,6,173,0,0,15.3302,-15.3302001953125,100.0,False,False,0.0,0.0,0.0
2026-06-22 21:00:59,2026-06-22,21:00:59,0,0,0,0,0,0,0,0.0,0.0,0,0,0,0,0,0,0,0,0,0,0,0,0,0,0.0,21,0,6,173,0,0,31.81298,-31.81298065185547,100.0,False,False,0.0,0.0,0.0
2026-06-22 21:10:00,2026-06-22,21:10:00,0,0,0,0,0,0,0,0.0,0.0,0,0,0,0,0,0,0,0,0,0,0,0,0,0,0.0,21,10,6,173,0,0,29.650373,-29.650373458862305,100.0,False,False,0.0,0.0,0.0
2026-06-22 21:20:00,2026-06-22,21:20:00,0,0,0,0,0,0,0,0.0,0.0,0,0,0,0,0,0,0,0,0,0,0,0,0,0,0.0,21,20,6,173,0,0,30.574455,-30.57445526123047,100.0,False,False,0.0,0.0,0.0
2026-06-22 21:20:59,2026-06-22,21:20:59,0,0,0,0,0,0,0,0.0,0.0,0,0,0,0,0,0,0,0,0,0,0,0,0,0,0.0,21,20,6,173,0,0,30.574455,-30.57445526123047,100.0,False,False,0.0,0.0,0.0
2026-06-22 21:30:00,2026-06-22,21:30:00,0,0,0,0,0,0,0,0.0,0.0,0,0,0,0,0,0,0,0,0,0,0,0,0,0,0.0,21,30,6,173,0,0,26.730232,-26.73023223876953,100.0,False,False,0.0,0.0,0.0
2026-06-22 21:40:00,2026-06-22,21:40:00,0,0,0,0,0,0,0,0.0,0.0,0,0,0,0,0,0,0,0,0,0,0,0,0,0,0.0,21,40,6,173,0,0,18.22044,-18.220439910888672,100.0,False,False,0.0,0.0,0.0
2026-06-22 21:50:00,2026-06-22,21:50:00,0,0,0,0,0,0,0,0.0,0.0,0,0,0,0,0,0,0,0,0,0,0,0,0,0,0.0,21,50,6,173,0,0,18.849964,-18.849964141845703,100.0,False,False,0.0,0.0,0.0
2026-06-22 22:00:00,2026-06-22,22:00:00,0,0,0,0,0,0,0,0.0,0.0,0,0,0,0,0,0,0,0,0,0,0,0,0,0,0.0,22,0,6,173,0,0,31.488642,-31.4886417388916,100.0,False,False,0.0,0.0,0.0
2026-06-22 22:20:00,2026-06-22,22:20:00,0,0,0,0,0,0,0,0.0,0.0,0,0,0,0,0,0,0,0,0,0,0,0,0,0,0.0,22,20,6,173,0,0,30.633226,-30.63322639465332,100.0,False,False,0.0,0.0,0.0
2026-06-22 22:30:00,2026-06-22,22:30:00,0,0,0,0,0,0,0,0.0,0.0,0,0,0,0,0,0,0,0,0,0,0,0,0,0,0.0,22,30,6,173,0,0,25.971113,-25.971113204956055,100.0,False,False,0.0,0.0,0.0
2026-06-22 22:40:00,2026-06-22,22:40:00,0,0,0,0,0,0,0,0.0,0.0,0,0,0,0,0,0,0,0,0,0,0,0,0,0,0.0,22,40,6,173,0,0,17.567768,-17.567768096923828,100.0,False,False,0.0,0.0,0.0
2026-06-22 22:50:00,2026-06-22,22:50:00,0,0,0,0,0,0,0,0.0,0.0,0,0,0,0,0,0,0,0,0,0,0,0,0,0,0.0,22,50,6,173,0,0,18.244024,-18.2440242767334,100.0,False,False,0.0,0.0,0.0
2026-06-22 23:00:00,2026-06-22,23:00:00,0,0,0,0,0,0,0,0.0,0.0,0,0,0,0,0,0,0,0,0,0,0,0,0,0,0.0,23,0,6,173,0,0,31.996067,-31.99606704711914,100.0,False,False,0.0,0.0,0.0
2026-06-22 23:10:00,2026-06-22,23:10:00,0,0,0,0,0,0,0,0.0,0.0,0,0,0,0,0,0,0,0,0,0,0,0,0,0,0.0,23,10,6,173,0,0,29.912119,-29.912118911743164,100.0,False,False,0.0,0.0,0.0
2026-06-22 23:30:00,2026-06-22,23:30:00,0,0,0,0,0,0,0,0.0,0.0,0,0,0,0,0,0,0,0,0,0,0,0,0,0,0.0,23,30,6,173,0,0,26.158812,-26.158811569213867,100.0,False,False,0.0,0.0,0.0
2026-06-22 23:40:00,2026-06-22,23:40:00,0,0,0,0,0,0,0,0.0,0.0,0,0,0,0,0,0,0,0,0,0,0,0,0,0,0.0,23,40,6,173,0,0,17.6145,-17.614500045776367,100.0,False,False,0.0,0.0,0.0
2026-06-22 23:50:00,2026-06-22,23:50:00,0,0,0,0,0,0,0,0.0,0.0,0,0,0,0,0,0,0,0,0,0,0,0,0,0,0.0,23,50,6,173,0,0,18.244024,-18.2440242767334,100.0,False,False,0.0,0.0,0.0
2026-06-23 00:00:00,2026-06-23,00:00:00,0,0,0,0,0,0,0,0.0,0.0,0,0,0,0,0,0,0,0,0,0,0,0,0,0,0.0,0,0,6,174,1,0,108.51395,-108.51394653320312,100.0,False,False,0.0,0.0,0.0
2026-06-23 00:10:00,2026-06-23,00:10:00,0,0,0,0,0,0,0,0.0,0.0,0,0,0,0,0,0,0,0,0,0,0,0,0,0,0.0,0,10,6,174,1,0,106.06082,-106.06082153320312,100.0,False,False,0.0,0.0,0.0
2026-06-23 00:20:00,2026-06-23,00:20:00,0,0,0,0,0,0,0,0.0,0.0,0,0,0,0,0,0,0,0,0,0,0,0,0,0,0.0,0,20,6,174,1,0,106.66736,-106.6673583984375,100.0,False,False,0.0,0.0,0.0
2026-06-23 00:30:00,2026-06-23,00:30:00,0,0,0,0,0,0,0,0.0,0.0,0,0,0,0,0,0,0,0,0,0,0,0,0,0,0.0,0,30,6,174,1,0,106.444916,-106.44491577148438,100.0,False,False,0.0,0.0,0.0
2026-06-23 00:40:00,2026-06-23,00:40:00,0,0,0,0,0,0,0,0.0,0.0,0,0,0,0,0,0,0,0,0,0,0,0,0,0,0.0,0,40,6,174,1,0,106.25964,-106.2596435546875,100.0,False,False,0.0,0.0,0.0
2026-06-23 00:50:00,2026-06-23,00:50:00,0,0,0,0,0,0,0,0.0,0.0,0,0,0,0,0,0,0,0,0,0,0,0,0,0,0.0,0,50,6,174,1,0,105.919815,-105.91981506347656,100.0,False,False,0.0,0.0,0.0
2026-06-23 00:50:59,2026-06-23,00:50:59,0,0,0,0,0,0,0,0.0,0.0,0,0,0,0,0,0,0,0,0,0,0,0,0,0,0.0,0,50,6,174,1,0,105.919815,-105.91981506347656,100.0,False,False,0.0,0.0,0.0
2026-06-23 01:00:00,2026-06-23,01:00:00,0,0,0,0,0,0,0,0.0,0.0,0,0,0,0,0,0,0,0,0,0,0,0,0,0,0.0,1,0,6,174,1,0,108.51395,-108.51394653320312,100.0,False,False,0.0,0.0,0.0
2026-06-23 01:10:00,2026-06-23,01:10:00,0,0,0,0,0,0,0,0.0,0.0,0,0,0,0,0,0,0,0,0,0,0,0,0,0,0.0,1,10,6,174,1,0,106.06082,-106.06082153320312,100.0,False,False,0.0,0.0,0.0
2026-06-23 01:20:00,2026-06-23,01:20:00,0,0,0,0,0,0,0,0.0,0.0,0,0,0,0,0,0,0,0,0,0,0,0,0,0,0.0,1,20,6,174,1,0,106.693665,-106.69366455078125,100.0,False,False,0.0,0.0,0.0
2026-06-23 01:30:00,2026-06-23,01:30:00,0,0,0,0,0,0,0,0.0,0.0,0,0,0,0,0,0,0,0,0,0,0,0,0,0,0.0,1,30,6,174,1,0,106.588684,-106.58868408203125,100.0,False,False,0.0,0.0,0.0
2026-06-23 01:40:00,2026-06-23,01:40:00,0,0,0,0,0,0,0,0.0,0.0,0,0,0,0,0,0,0,0,0,0,0,0,0,0,0.0,1,40,6,174,1,0,107.41658,-107.41658020019531,100.0,False,False,0.0,0.0,0.0
2026-06-23 01:40:59,2026-06-23,01:40:59,0,0,0,0,0,0,0,0.0,0.0,0,0,0,0,0,0,0,0,0,0,0,0,0,0,0.0,1,40,6,174,1,0,107.41658,-107.41658020019531,100.0,False,False,0.0,0.0,0.0
2026-06-23 02:00:00,2026-06-23,02:00:00,0,0,0,0,0,0,0,0.0,0.0,0,0,0,0,0,0,0,0,0,0,0,0,0,0,0.0,2,0,6,174,1,0,109.62451,-109.62451171875,100.0,False,False,0.0,0.0,0.0
2026-06-23 02:10:00,2026-06-23,02:10:00,0,0,0,0,0,0,0,0.0,0.0,0,0,0,0,0,0,0,0,0,0,0,0,0,0,0.0,2,10,6,174,1,0,107.17139,-107.17138671875,100.0,False,False,0.0,0.0,0.0
2026-06-23 02:10:59,2026-06-23,02:10:59,0,0,0,0,0,0,0,0.0,0.0,0,0,0,0,0,0,0,0,0,0,0,0,0,0,0.0,2,10,6,174,1,0,107.17139,-107.17138671875,100.0,False,False,0.0,0.0,0.0
2026-06-23 02:20:00,2026-06-23,02:20:00,0,0,0,0,0,0,0,0.0,0.0,0,0,0,0,0,0,0,0,0,0,0,0,0,0,0.0,2,20,6,174,1,0,108.4474,-108.44740295410156,100.0,False,False,0.0,0.0,0.0
2026-06-23 02:30:00,2026-06-23,02:30:00,0,0,0,0,0,0,0,0.0,0.0,0,0,0,0,0,0,0,0,0,0,0,0,0,0,0.0,2,30,6,174,1,0,108.708405,-108.70840454101562,100.0,False,False,0.0,0.0,0.0
2026-06-23 02:30:59,2026-06-23,02:30:59,0,0,0,0,0,0,0,0.0,0.0,0,0,0,0,0,0,0,0,0,0,0,0,0,0,0.0,2,30,6,174,1,0,108.708405,-108.70840454101562,100.0,False,False,0.0,0.0,0.0
2026-06-23 02:40:00,2026-06-23,02:40:00,0,0,0,0,0,0,0,0.0,0.0,0,0,0,0,0,0,0,0,0,0,0,0,0,0,0.0,2,40,6,174,1,0,108.43004,-108.43003845214844,100.0,False,False,0.0,0.0,0.0
2026-06-23 02:50:00,2026-06-23,02:50:00,0,0,0,0,0,0,0,0.0,0.0,0,0,0,0,0,0,0,0,0,0,0,0,0,0,0.0,2,50,6,174,1,0,108.25029,-108.25028991699219,100.0,False,False,0.0,0.0,0.0
2026-06-23 02:50:59,2026-06-23,02:50:59,0,0,0,0,0,0,0,0.0,0.0,0,0,0,0,0,0,0,0,0,0,0,0,0,0,0.0,2,50,6,174,1,0,108.25029,-108.25028991699219,100.0,False,False,0.0,0.0,0.0
2026-06-23 03:00:00,2026-06-23,03:00:00,0,0,0,0,0,0,0,0.0,0.0,0,0,0,0,0,0,0,0,0,0,0,0,0,0,0.0,3,0,6,174,1,0,110.63797,-110.63796997070312,100.0,False,False,0.0,0.0,0.0
2026-06-23 03:10:00,2026-06-23,03:10:00,0,0,0,0,0,0,0,0.0,0.0,0,0,0,0,0,0,0,0,0,0,0,0,0,0,0.0,3,10,6,174,1,0,108.15253,-108.15252685546875,100.0,False,False,0.0,0.0,0.0
2026-06-23 03:30:00,2026-06-23,03:30:00,0,0,0,0,0,0,0,0.0,0.0,0,0,0,0,0,0,0,0,0,0,0,0,0,0,0.0,3,30,6,174,1,0,108.47215,-108.47215270996094,100.0,False,False,0.0,0.0,0.0
2026-06-23 03:40:00,2026-06-23,03:40:00,0,0,0,0,0,0,0,0.0,0.0,0,0,0,0,0,0,0,0,0,0,0,0,0,0,0.0,3,40,6,174,1,0,108.17776,-108.1777572631836,100.0,False,False,0.0,0.0,0.0
2026-06-23 03:50:00,2026-06-23,03:50:00,0,0,0,0,0,0,0,0.0,0.0,0,0,0,0,0,0,0,0,0,0,0,0,0,0,0.0,3,50,6,174,1,0,107.96259,-107.96259307861328,100.0,False,False,0.0,0.0,0.0
2026-06-23 04:00:00,2026-06-23,04:00:00,0,0,0,0,0,0,0,0.0,0.0,0,0,0,0,0,0,0,0,0,0,0,0,0,0,0.0,4,0,6,174,1,0,109.17028,-109.17028045654297,100.0,False,False,0.0,0.0,0.0
2026-06-23 04:10:00,2026-06-23,04:10:00,0,0,0,0,0,0,0,0.0,0.0,0,0,0,0,0,0,0,0,0,0,0,0,0,0,0.0,4,10,6,174,1,0,106.28681,-106.28681182861328,100.0,False,False,0.0,0.0,0.0
2026-06-23 04:20:00,2026-06-23,04:20:00,0,0,0,0,0,0,0,0.0,0.0,0,0,0,0,0,0,0,0,0,0,0,0,0,0,0.0,4,20,6,174,1,0,106.98437,-106.98436737060547,100.0,False,False,0.0,0.0,0.0
2026-06-23 04:30:00,2026-06-23,04:30:00,0,0,0,0,0,0,0,0.0,0.0,0,0,0,0,0,0,0,0,0,0,0,0,0,0,0.0,4,30,6,174,1,0,105.40537,-105.4053726196289,100.0,False,False,0.0,0.0,0.0
2026-06-23 04:40:00,2026-06-23,04:40:00,0,0,0,0,0,0,0,0.0,0.0,0,0,0,0,0,0,0,0,0,0,0,0,0,0,0.0,4,40,6,174,1,0,105.09145,-105.0914535522461,100.0,False,False,0.0,0.0,0.0
2026-06-23 04:50:00,2026-06-23,04:50:00,0,0,0,0,0,0,0,0.0,0.0,0,0,0,0,0,0,0,0,0,0,0,0,0,0,0.0,4,50,6,174,1,0,104.11915,-104.11914825439453,100.0,False,False,0.0,0.0,0.0
2026-06-23 05:00:00,2026-06-23,05:00:00,0,0,0,0,0,0,0,0.0,0.0,0,0,0,0,0,0,0,0,0,0,0,0,0,0,0.0,5,0,6,174,1,0,0.0,0.0,0.0,False,False,0.0,0.0,0.0
2026-06-23 05:10:00,2026-06-23,05:10:00,0,0,0,0,0,0,0,0.0,0.0,0,0,0,0,0,0,0,0,0,0,0,0,0,0,0.0,5,10,6,174,1,0,0.0,0.0,0.0,False,False,0.0,0.0,0.0
2026-06-23 05:10:59,2026-06-23,05:10:59,0,0,0,0,0,0,0,0.0,0.0,0,0,0,0,0,0,0,0,0,0,0,0,0,0,0.0,5,10,6,174,1,0,0.0,0.0,0.0,False,False,0.0,0.0,0.0
2026-06-23 05:20:00,2026-06-23,05:20:00,0,0,0,0,0,0,0,0.0,0.0,0,0,0,0,0,0,0,0,0,0,0,0,0,0,0.0,5,20,6,174,1,0,1.1135387,-1.1135387420654297,22.270774841308594,False,False,0.0,0.0,0.0
2026-06-23 05:30:00,2026-06-23,05:30:00,2,0,0,0,0,0,0,0.0,0.0,0,0,0,0,0,0,0,0,0,0,0,0,0,0,0.0,5,30,6,174,1,0,0.0,0.0,0.0,False,False,0.0,0.0,0.0
2026-06-23 05:50:00,2026-06-23,05:50:00,14,0,0,0,0,0,0,0.0,0.0,0,0,0,0,0,0,0,0,0,0,0,0,0,0,0.0,5,50,6,174,1,0,0.7934477,-0.7934476733207703,15.868953466415405,False,False,0.0,0.0,0.0
2026-06-23 06:00:00,2026-06-23,06:00:00,20,0,0,0,0,0,0,0.0,0.0,0,0,0,0,0,0,0,0,0,0,0,0,0,0,0.0,6,0,6,174,1,1,0.96469575,-0.9646957516670227,19.293915033340454,False,False,0.0,0.0,0.0
2026-06-23 06:10:00,2026-06-23,06:10:00,28,0,0,0,0,0,0,0.0,0.0,0,0,0,0,0,0,0,0,0,0,0,0,0,0,0.0,6,10,6,174,1,1,2.4916217,-2.491621732711792,49.83243465423584,True,False,0.0,0.0,0.0
2026-06-23 06:20:00,2026-06-23,06:20:00,35,0,0,0,0,0,0,0.0,0.0,0,0,0,0,3,0,0,0,1,1,0,0,0,0,5.0,6,20,6,174,1,1,5.11808,-0.11808013916015625,2.3071178244491586,False,False,0.0,0.0,0.0
2026-06-23 06:30:00,2026-06-23,06:30:00,41,0,0,0,0,0,0,0.0,0.0,0,0,1,1,4,0,0,1,1,1,0,0,0,0,9.0,6,30,6,174,1,1,7.6759515,1.3240485191345215,17.24930808167683,False,False,0.0,0.0,0.0
2026-06-23 06:40:00,2026-06-23,06:40:00,49,0,0,0,0,0,0,0.0,0.0,0,0,1,1,6,0,0,1,1,2,0,0,0,0,12.0,6,40,6,174,1,1,12.483822,-0.4838218688964844,3.875590936633992,False,False,0.0,0.0,0.0
2026-06-23 06:50:00,2026-06-23,06:50:00,58,0,0,0,0,0,0,0.0,0.0,0,0,1,1,8,0,1,1,2,2,0,0,0,0,16.0,6,50,6,174,1,1,18.144539,-2.1445388793945312,11.819197465689978,False,False,0.0,0.0,0.0
2026-06-23 07:00:00,2026-06-23,07:00:00,63,0,0,0,0,0,0,0.0,0.0,0,0,2,2,10,0,1,2,3,3,0,0,0,0,23.0,7,0,6,174,1,1,22.699665,0.3003349304199219,1.3230808890762096,False,False,0.0,0.0,0.0
2026-06-23 07:00:59,2026-06-23,07:00:59,63,0,0,0,0,0,0,0.0,0.0,0,0,2,2,10,0,1,2,3,3,0,0,0,0,23.0,7,0,6,174,1,1,23.543827,-0.5438270568847656,2.3098498624323605,False,False,0.0,0.0,0.0
2026-06-23 07:10:00,2026-06-23,07:10:00,72,0,0,0,0,0,0,0.0,0.0,0,1,2,2,13,0,1,2,3,4,0,0,0,0,28.0,7,10,6,174,1,1,27.289808,0.7101917266845703,2.602406435295521,False,False,0.0,0.0,0.0
2026-06-23 07:30:00,2026-06-23,07:30:00,79,0,0,0,0,0,0,0.0,0.0,0,1,2,2,18,0,2,4,5,5,1,0,0,0,40.0,7,30,6,174,1,1,40.376373,-0.376373291015625,0.9321622036305424,False,False,0.0,0.0,0.0
2026-06-23 07:30:59,2026-06-23,07:30:59,80,0,0,0,0,0,0,0.0,0.0,0,1,2,2,18,0,2,4,5,5,1,0,0,0,40.0,7,30,6,174,1,1,40.63286,-0.6328582763671875,1.5575037130362779,False,False,0.0,0.0,0.0
2026-06-23 07:40:00,2026-06-23,07:40:00,89,0,0,0,0,0,0,0.0,0.0,0,1,2,2,20,0,3,4,6,6,2,0,0,0,46.0,7,40,6,174,1,1,47.915417,-1.9154167175292969,3.9974956887488866,False,False,0.0,0.0,0.0
2026-06-23 07:50:00,2026-06-23,07:50:00,89,0,0,0,0,0,0,0.0,0.0,0,2,2,2,21,0,3,5,7,7,2,0,0,0,51.0,7,50,6,174,1,1,50.25881,0.7411918640136719,1.4747501811189259,False,False,0.0,0.0,0.0
2026-06-23 08:00:00,2026-06-23,08:00:00,97,0,0,0,0,0,0,0.0,0.0,0,2,3,3,23,0,4,6,9,8,2,0,0,0,60.0,8,0,6,174,1,1,58.400234,1.5997657775878906,2.7393139751722995,False,False,0.0,0.0,0.0
2026-06-23 08:10:00,2026-06-23,08:10:00,105,0,0,0,0,0,0,0.0,0.0,1,2,3,3,23,0,4,7,10,9,3,0,0,0,65.0,8,10,6,174,1,1,63.12416,1.8758392333984375,2.971666016019222,False,False,0.0,0.0,0.0
2026-06-23 08:20:00,2026-06-23,08:20:00,124,0,0,0,0,0,0,0.0,0.0,1,3,3,3,24,0,5,8,11,11,3,0,0,0,72.0,8,20,6,174,1,1,70.8934,1.106597900390625,1.5609321426495941,False,False,0.0,0.0,0.0
2026-06-23 08:30:00,2026-06-23,08:30:00,119,0,0,0,0,0,0,0.0,0.0,1,3,3,3,25,0,6,8,12,11,3,0,0,0,75.0,8,30,6,174,1,1,74.116776,0.8832244873046875,1.1916660987948697,False,False,0.0,0.0,0.0
2026-06-23 08:40:00,2026-06-23,08:40:00,147,0,0,0,0,0,0,0.0,0.0,0,3,3,3,26,0,6,9,13,12,4,0,0,0,79.0,8,40,6,174,1,1,77.622375,1.37762451171875,1.7747775729006539,False,False,0.0,0.0,0.0
2026-06-23 08:50:00,2026-06-23,08:50:00,180,0,0,0,0,0,0,0.0,0.0,1,3,3,3,28,0,7,9,13,13,5,0,0,0,85.0,8,50,6,174,1,1,84.66925,0.33074951171875,0.390637108290604,False,False,0.0,0.0,0.0
2026-06-23 09:00:00,2026-06-23,09:00:00,170,0,0,0,0,0,0,0.0,0.0,1,4,3,3,26,0,8,11,15,15,5,0,0,0,91.0,9,0,6,174,1,1,88.974014,2.0259857177734375,2.2770532881061074,False,False,0.0,0.0,0.0
2026-06-23 09:00:59,2026-06-23,09:00:59,175,0,0,0,0,0,0,0.0,0.0,1,3,2,2,26,0,8,11,15,15,5,0,0,0,88.0,9,0,6,174,1,1,88.47842,-0.47841644287109375,0.5407154220261148,False,False,0.0,0.0,0.0
2026-06-23 09:10:00,2026-06-23,09:10:00,235,0,0,0,0,0,0,0.0,0.0,1,4,3,3,27,0,9,11,16,16,6,0,0,0,96.0,9,10,6,174,1,1,95.593925,0.40607452392578125,0.42479113803880336,False,False,0.0,0.0,0.0
2026-06-23 09:20:00,2026-06-23,09:20:00,206,0,0,0,0,0,0,0.0,0.0,1,4,3,3,28,0,10,12,17,17,6,0,0,0,101.0,9,20,6,174,1,1,98.26627,2.7337265014648438,2.7819580453568284,False,False,0.0,0.0,0.0
2026-06-23 09:30:00,2026-06-23,09:30:00,500,0,0,0,0,0,0,0.0,0.0,2,4,3,3,28,0,10,13,18,18,6,0,0,0,105.0,9,30,6,174,1,1,105.81511,-0.8151092529296875,0.7703146163950302,False,False,0.0,0.0,0.0
2026-06-23 09:40:00,2026-06-23,09:40:00,573,0,0,0,0,0,0,0.0,0.0,2,4,2,2,28,0,11,13,19,19,7,0,0,0,107.0,9,40,6,174,1,1,107.75105,-0.7510528564453125,0.6970260025634515,False,False,0.0,0.0,0.0
2026-06-23 09:50:00,2026-06-23,09:50:00,612,0,0,0,0,0,0,0.0,0.0,3,5,2,2,29,0,11,13,20,19,7,0,0,0,111.0,9,50,6,174,1,1,112.45475,-1.4547500610351562,1.2936314919961907,False,False,0.0,0.0,0.0
2026-06-23 10:00:00,2026-06-23,10:00:00,430,0,0,0,0,0,0,0.0,0.0,3,5,2,2,27,0,11,14,21,20,7,0,0,0,112.0,10,0,6,174,1,1,108.46291,3.5370864868164062,3.26110222586495,False,False,0.0,0.0,0.0
2026-06-23 10:00:59,2026-06-23,10:00:59,486,0,0,0,0,0,0,0.0,0.0,3,5,2,2,29,0,11,14,21,20,7,0,0,0,114.0,10,0,6,174,1,1,114.387794,-0.38779449462890625,0.33901737186401926,False,False,0.0,0.0,0.0
2026-06-23 10:10:00,2026-06-23,10:10:00,575,0,0,0,0,0,0,0.0,0.0,3,5,2,2,28,0,12,14,21,21,7,0,0,0,115.0,10,10,6,174,1,1,114.8068,0.19319915771484375,0.16828198007211212,False,False,0.0,0.0,0.0
2026-06-23 10:20:00,2026-06-23,10:20:00,709,0,0,0,0,0,0,0.0,0.0,3,5,2,2,30,0,13,15,23,22,8,0,0,0,123.0,10,20,6,174,1,1,123.58162,-0.5816192626953125,0.4706357354478213,False,False,0.0,0.0,0.0
2026-06-23 10:20:59,2026-06-23,10:20:59,714,0,0,0,0,0,0,0.0,0.0,0,5,2,2,32,0,13,15,23,23,8,0,0,0,123.0,10,20,6,174,1,1,122.344536,0.6554641723632812,0.5357527150102741,False,False,0.0,0.0,0.0
2026-06-23 10:30:00,2026-06-23,10:30:00,742,0,0,0,0,0,0,0.0,0.0,3,5,2,2,31,0,13,16,24,24,8,0,0,0,128.0,10,30,6,174,1,1,127.575806,0.4241943359375,0.3325037484415382,False,False,0.0,0.0,0.0
2026-06-23 10:30:59,2026-06-23,10:30:59,724,0,0,0,0,0,0,0.0,0.0,3,5,2,2,31,0,13,15,24,23,8,0,0,0,126.0,10,30,6,174,1,1,126.89934,-0.8993377685546875,0.7087017035462742,False,False,0.0,0.0,0.0
2026-06-23 10:40:00,2026-06-23,10:40:00,744,0,0,0,0,0,0,0.0,0.0,3,6,2,2,31,0,13,16,24,24,8,0,0,0,129.0,10,40,6,174,1,1,128.81404,0.1859588623046875,0.14436226102549446,False,False,0.0,0.0,0.0
2026-06-23 10:50:00,2026-06-23,10:50:00,776,0,0,0,0,0,0,0.0,0.0,3,6,2,2,30,0,14,16,23,25,9,0,0,0,130.0,10,50,6,174,1,1,130.1715,-0.1714935302734375,0.13174430562522044,False,False,0.0,0.0,0.0
2026-06-23 11:00:00,2026-06-23,11:00:00,811,0,0,0,0,0,0,0.0,0.0,3,6,2,2,31,0,14,17,23,26,9,0,0,0,133.0,11,0,6,174,1,1,132.85384,0.1461639404296875,0.1100186074899253,False,False,0.0,0.0,0.0
2026-06-23 11:10:00,2026-06-23,11:10:00,795,0,0,0,0,0,0,0.0,0.0,3,6,2,2,30,0,14,16,22,25,9,0,0,0,129.0,11,10,6,174,1,1,131.15076,-2.1507568359375,1.6399118753298394,False,False,0.0,0.0,0.0
2026-06-23 11:10:59,2026-06-23,11:10:59,797,0,0,0,0,0,0,0.0,0.0,3,6,2,2,31,0,14,16,22,25,9,0,0,0,130.0,11,10,6,174,1,1,128.33714,1.6628570556640625,1.2956943075983065,False,False,0.0,0.0,0.0
2026-06-23 11:20:00,2026-06-23,11:20:00,827,0,0,0,0,0,0,0.0,0.0,3,6,1,1,31,0,15,17,22,26,9,0,0,0,131.0,11,20,6,174,1,1,133.35432,-2.3543243408203125,1.7654653138980692,False,False,0.0,0.0,0.0
2026-06-23 11:30:00,2026-06-23,11:30:00,861,0,0,0,0,0,0,0.0,0.0,0,6,1,1,29,0,15,18,26,27,8,0,0,0,131.0,11,30,6,174,1,1,130.68793,0.31207275390625,0.23879233566739258,False,False,0.0,0.0,0.0
2026-06-23 11:40:00,2026-06-23,11:40:00,870,0,0,0,0,0,0,0.0,0.0,4,6,1,1,32,0,15,18,22,27,10,0,0,0,136.0,11,40,6,174,1,1,136.34637,-0.34637451171875,0.254040133416954,False,False,0.0,0.0,0.0
2026-06-23 12:00:00,2026-06-23,12:00:00,879,0,0,0,0,0,0,0.0,0.0,4,6,1,1,32,0,15,18,22,28,10,0,0,0,137.0,12,0,6,174,1,1,136.39857,0.6014251708984375,0.4409321517119836,False,False,0.0,0.0,0.0
2026-06-23 12:10:00,2026-06-23,12:10:00,901,0,0,0,0,0,0,0.0,0.0,4,6,1,1,32,0,15,18,22,28,10,0,0,0,137.0,12,10,6,174,1,1,137.27052,-0.2705230712890625,0.19707295145118012,False,False,0.0,0.0,0.0
2026-06-23 12:20:00,2026-06-23,12:20:00,936,0,0,0,0,0,0,0.0,0.0,0,7,1,1,0,0,16,19,23,29,11,0,0,0,107.0,12,20,6,174,1,1,107.77356,-0.7735595703125,0.7177637756390725,False,False,0.0,0.0,0.0
2026-06-23 12:30:00,2026-06-23,12:30:00,906,0,0,0,0,0,0,0.0,0.0,4,6,1,1,32,0,15,18,21,28,10,0,0,0,136.0,12,30,6,174,1,1,135.50687,0.493133544921875,0.36391775400204807,False,False,0.0,0.0,0.0
2026-06-23 12:40:00,2026-06-23,12:40:00,907,0,0,0,0,0,0,0.0,0.0,4,6,1,1,32,0,15,18,22,28,10,0,0,0,137.0,12,40,6,174,1,1,137.08572,-0.085723876953125,0.06253304467361602,False,False,0.0,0.0,0.0
2026-06-23 13:00:00,2026-06-23,13:00:00,864,0,0,0,0,0,0,0.0,0.0,0,1,0,0,7,0,15,17,21,27,10,0,0,0,98.0,13,0,6,174,1,1,98.30889,-0.30889129638671875,0.31420484181380637,False,False,0.0,0.0,0.0
2026-06-23 13:10:00,2026-06-23,13:10:00,921,0,0,0,0,0,0,0.0,0.0,4,7,1,1,0,0,16,18,23,28,10,0,0,0,108.0,13,10,6,174,1,1,109.00677,-1.0067672729492188,0.9235823592752805,False,False,0.0,0.0,0.0
2026-06-23 13:30:00,2026-06-23,13:30:00,872,0,0,0,0,0,0,0.0,0.0,3,6,1,1,32,0,15,18,21,27,10,0,0,0,134.0,13,30,6,174,1,1,134.03801,-0.0380096435546875,0.02835736195707918,False,False,0.0,0.0,0.0
2026-06-23 13:40:00,2026-06-23,13:40:00,875,0,0,0,0,0,0,0.0,0.0,3,6,1,1,32,0,15,17,21,27,9,0,0,0,132.0,13,40,6,174,1,1,130.96545,1.0345458984375,0.7899380073429281,False,False,0.0,0.0,0.0
2026-06-23 13:50:00,2026-06-23,13:50:00,792,0,0,0,0,0,0,0.0,0.0,3,4,1,1,28,0,13,15,20,24,8,0,0,0,117.0,13,50,6,174,1,1,113.58958,3.4104232788085938,3.0024086516138424,False,False,0.0,0.0,0.0
2026-06-23 14:10:00,2026-06-23,14:10:00,812,0,0,0,0,0,0,0.0,0.0,3,6,2,2,0,0,14,16,24,25,9,0,0,0,101.0,14,10,6,174,1,1,102.73879,-1.7387924194335938,1.6924400009832041,False,False,0.0,0.0,0.0
2026-06-23 14:20:00,2026-06-23,14:20:00,823,0,0,0,0,0,0,0.0,0.0,3,6,2,2,31,0,14,16,22,25,9,0,0,0,130.0,14,20,6,174,1,1,127.59067,2.409332275390625,1.8883295450658724,False,False,0.0,0.0,0.0
2026-06-23 14:30:00,2026-06-23,14:30:00,112,0,0,0,0,0,0,0.0,0.0,0,0,0,0,3,0,1,2,3,3,0,0,0,0,12.0,14,30,6,174,1,1,12.414519,-0.4145193099975586,3.338987999831305,False,False,0.0,0.0,0.0
2026-06-23 14:40:00,2026-06-23,14:40:00,332,0,0,0,0,0,0,0.0,0.0,1,2,1,1,12,0,6,7,12,11,3,0,0,0,56.0,14,40,6,174,1,1,55.920773,0.07922744750976562,0.14167802749040795,False,False,0.0,0.0,0.0
2026-06-23 14:50:00,2026-06-23,14:50:00,167,0,0,0,0,0,0,0.0,0.0,0,1,0,0,5,0,3,4,6,5,1,0,0,0,25.0,14,50,6,174,1,1,25.449856,-0.4498558044433594,1.767616319322398,False,False,0.0,0.0,0.0
2026-06-23 15:10:00,2026-06-23,15:10:00,91,0,0,0,0,0,0,0.0,0.0,0,1,0,0,3,0,1,2,3,3,0,0,0,0,13.0,15,10,6,174,1,1,13.955687,-0.9556865692138672,6.848008261536226,False,False,0.0,0.0,0.0
2026-06-23 15:20:00,2026-06-23,15:20:00,115,0,0,0,0,0,0,0.0,0.0,0,1,0,0,4,0,2,2,4,4,0,0,0,0,17.0,15,20,6,174,1,1,16.903746,0.09625434875488281,0.5694261540654025,False,False,0.0,0.0,0.0
2026-06-23 15:30:00,2026-06-23,15:30:00,138,0,0,0,0,0,0,0.0,0.0,0,1,0,0,5,0,3,3,5,5,1,0,0,0,23.0,15,30,6,174,1,1,24.327326,-1.3273258209228516,5.4561106744469114,False,False,0.0,0.0,0.0
2026-06-23 15:40:00,2026-06-23,15:40:00,135,0,0,0,0,0,0,0.0,0.0,0,1,0,0,3,0,2,3,5,4,1,0,0,0,19.0,15,40,6,174,1,1,20.158594,-1.1585941314697266,5.7473954974917465,False,False,0.0,0.0,0.0
2026-06-23 15:50:00,2026-06-23,15:50:00,94,0,0,0,0,0,0,0.0,0.0,0,0,0,0,2,0,1,2,3,3,0,0,0,0,11.0,15,50,6,174,1,1,10.354107,0.6458930969238281,6.238037746470778,False,False,0.0,0.0,0.0
2026-06-23 16:00:00,2026-06-23,16:00:00,76,0,0,0,0,0,0,0.0,0.0,0,0,0,0,2,0,1,1,2,2,0,0,0,0,8.0,16,0,6,174,1,1,7.351443,0.648557186126709,8.82217549054157,False,False,0.0,0.0,0.0
2026-06-23 16:00:59,2026-06-23,16:00:59,74,0,0,0,0,0,0,0.0,0.0,0,0,0,0,2,0,1,1,2,2,0,0,0,0,8.0,16,0,6,174,1,1,8.923214,-0.9232139587402344,10.346204439443614,False,False,0.0,0.0,0.0
2026-06-23 16:10:00,2026-06-23,16:10:00,56,0,0,0,0,0,0,0.0,0.0,0,0,0,0,1,0,0,1,1,1,0,0,0,0,4.0,16,10,6,174,1,1,4.302654,-0.30265378952026367,6.053075790405273,False,False,0.0,0.0,0.0
2026-06-23 16:20:00,2026-06-23,16:20:00,57,0,0,0,0,0,0,0.0,0.0,0,0,0,0,1,0,0,1,1,1,0,0,0,0,4.0,16,20,6,174,1,1,3.8507762,0.14922380447387695,2.984476089477539,False,False,0.0,0.0,0.0
2026-06-23 16:30:00,2026-06-23,16:30:00,30,0,0,0,0,0,0,0.0,0.0,0,0,0,0,1,0,0,1,1,1,0,0,0,0,4.0,16,30,6,174,1,1,3.1050093,0.8949906826019287,17.899813652038574,False,False,0.0,0.0,0.0
2026-06-23 16:40:59,2026-06-23,16:40:59,56,0,0,0,0,0,0,0.0,0.0,0,0,0,0,2,0,0,1,2,1,0,0,0,0,6.0,16,40,6,174,1,1,5.639687,0.36031293869018555,6.388881772573088,False,False,0.0,0.0,0.0
2026-06-23 17:00:00,2026-06-23,17:00:00,89,0,0,0,0,0,0,0.0,0.0,0,0,0,0,3,0,1,1,3,2,0,0,0,0,10.0,17,0,6,174,1,1,11.074596,-1.0745964050292969,9.703255682900474,False,False,0.0,0.0,0.0
2026-06-23 17:10:59,2026-06-23,17:10:59,134,0,0,0,0,0,0,0.0,0.0,0,1,0,0,5,0,2,2,4,4,0,0,0,0,18.0,17,10,6,174,1,1,19.269308,-1.269308090209961,6.587201181628574,False,False,0.0,0.0,0.0
2026-06-23 17:20:00,2026-06-23,17:20:00,135,0,0,0,0,0,0,0.0,0.0,0,1,0,0,5,0,2,2,4,4,0,0,0,0,18.0,17,20,6,174,1,1,15.594505,2.4054946899414062,15.425270902244273,False,False,0.0,0.0,0.0
2026-06-23 17:30:00,2026-06-23,17:30:00,155,0,0,0,0,0,0,0.0,0.0,0,1,1,1,8,0,2,3,5,5,0,0,0,0,26.0,17,30,6,174,1,1,30.862871,-4.862871170043945,15.756379707031066,False,False,0.0,0.0,0.0
2026-06-23 17:50:00,2026-06-23,17:50:00,130,0,2959,0,0,0,0,0.0,0.0,0,0,0,0,0,0,0,0,0,0,0,0,0,0,2959.0,17,50,6,174,1,1,2959.3103,-0.310302734375,0.010485643701786973,False,False,0.0,0.0,0.0
2026-06-23 18:00:00,2026-06-23,18:00:00,108,0,2959,0,0,0,0,0.0,0.0,0,0,0,0,0,0,1,0,0,0,0,0,0,0,2960.0,18,0,6,174,1,1,2961.4705,-1.470458984375,0.04965300193739864,False,False,0.0,0.0,0.0
2026-06-23 18:10:00,2026-06-23,18:10:00,135,0,2959,0,0,0,0,0.0,0.0,0,0,0,0,0,0,0,1,2,1,0,0,0,0,2963.0,18,10,6,174,1,1,2961.9846,1.015380859375,0.03428042309246013,False,False,0.0,0.0,0.0
2026-06-23 18:20:00,2026-06-23,18:20:00,83,0,2959,0,0,0,0,0.0,0.0,0,0,0,0,4,0,1,1,2,2,0,0,0,0,2969.0,18,20,6,174,1,1,2970.0303,-1.0302734375,0.034688987742457114,False,False,0.0,0.0,0.0
2026-06-23 18:30:00,2026-06-23,18:30:00,56,0,2959,0,0,0,0,0.0,0.0,0,0,0,0,2,0,0,1,1,1,0,0,0,0,2964.0,18,30,6,174,1,1,2961.8533,2.146728515625,0.07247923238780618,False,False,0.0,0.0,0.0
2026-06-23 18:40:00,2026-06-23,18:40:00,48,0,2959,0,0,0,0,0.0,0.0,0,0,0,0,2,0,0,0,1,1,0,0,0,0,2963.0,18,40,6,174,1,1,2962.1562,0.84375,0.028484317800588674,False,False,0.0,0.0,0.0
2026-06-23 18:50:00,2026-06-23,18:50:00,42,0,2959,0,0,0,0,0.0,0.0,0,0,0,0,1,0,0,0,1,1,0,0,0,0,2962.0,18,50,6,174,1,1,2960.9836,1.016357421875,0.034324992791586614,False,False,0.0,0.0,0.0
2026-06-23 19:00:00,2026-06-23,19:00:00,25,0,2959,0,0,0,0,0.0,0.0,0,0,0,0,1,0,0,0,0,0,0,0,0,0,2960.0,19,0,6,174,1,0,2960.9214,-0.92138671875,0.031118243222629675,False,False,0.0,0.0,0.0
2026-06-23 19:10:00,2026-06-23,19:10:00,10,0,2959,0,0,0,0,0.0,0.0,0,0,0,0,0,0,0,0,0,0,0,0,0,0,2959.0,19,10,6,174,1,0,2955.7734,3.2265625,0.10916136057874024,False,False,0.0,0.0,0.0
2026-06-23 19:20:00,2026-06-23,19:20:00,0,0,2959,0,0,0,0,0.0,0.0,0,0,0,0,0,0,0,0,0,0,0,0,0,0,2959.0,19,20,6,174,1,0,742.64136,2216.358642578125,298.4426628584691,False,False,0.0,0.0,0.0
2026-06-23 19:40:00,2026-06-23,19:40:00,0,0,2959,0,0,0,0,0.0,0.0,0,0,0,0,0,0,0,0,0,0,0,0,0,0,2959.0,19,40,6,174,1,0,696.3753,2262.6246948242188,324.9145508186968,False,False,0.0,0.0,0.0
2026-06-23 20:00:00,2026-06-23,20:00:00,0,0,2959,0,0,0,0,0.0,0.0,0,0,0,0,0,0,0,0,0,0,0,0,0,0,0.0,20,0,6,174,1,0,682.4924,-682.4923706054688,100.0,False,False,0.0,0.0,0.0
2026-06-23 20:10:00,2026-06-23,20:10:00,0,0,2959,0,0,0,0,0.0,0.0,0,0,0,0,0,0,0,0,0,0,0,0,0,0,0.0,20,10,6,174,1,0,691.889,-691.8889770507812,100.0,False,False,0.0,0.0,0.0
2026-06-23 20:20:00,2026-06-23,20:20:00,0,0,2959,0,0,0,0,0.0,0.0,0,0,0,0,0,0,0,0,0,0,0,0,0,0,0.0,20,20,6,174,1,0,694.6981,-694.6981201171875,100.0,False,False,0.0,0.0,0.0
2026-06-23 20:30:00,2026-06-23,20:30:00,0,0,2959,0,0,0,0,0.0,0.0,0,0,0,0,0,0,0,0,0,0,0,0,0,0,0.0,20,30,6,174,1,0,693.5925,-693.592529296875,100.0,False,False,0.0,0.0,0.0
2026-06-23 20:30:59,2026-06-23,20:30:59,0,0,2959,0,0,0,0,0.0,0.0,0,0,0,0,0,0,0,0,0,0,0,0,0,0,0.0,20,30,6,174,1,0,693.5925,-693.592529296875,100.0,False,False,0.0,0.0,0.0
2026-06-23 20:40:00,2026-06-23,20:40:00,0,0,2959,0,0,0,0,0.0,0.0,0,0,0,0,0,0,0,0,0,0,0,0,0,0,0.0,20,40,6,174,1,0,693.7324,-693.732421875,100.0,False,False,0.0,0.0,0.0
2026-06-23 21:10:00,2026-06-23,21:10:00,0,0,2959,0,0,0,0,0.0,0.0,0,0,0,0,0,0,0,0,0,0,0,0,0,0,0.0,21,10,6,174,1,0,692.469,-692.468994140625,100.0,False,False,0.0,0.0,0.0
2026-06-23 21:20:00,2026-06-23,21:20:00,0,0,2959,0,0,0,0,0.0,0.0,0,0,0,0,0,0,0,0,0,0,0,0,0,0,0.0,21,20,6,174,1,0,695.6173,-695.6173095703125,100.0,False,False,0.0,0.0,0.0
2026-06-23 21:30:00,2026-06-23,21:30:00,0,0,2959,0,0,0,0,0.0,0.0,0,0,0,0,0,0,0,0,0,0,0,0,0,0,0.0,21,30,6,174,1,0,694.07355,-694.0735473632812,100.0,False,False,0.0,0.0,0.0
2026-06-23 21:40:00,2026-06-23,21:40:00,0,0,2959,0,0,0,0,0.0,0.0,0,0,0,0,0,0,0,0,0,0,0,0,0,0,0.0,21,40,6,174,1,0,694.21344,-694.2134399414062,100.0,False,False,0.0,0.0,0.0
2026-06-23 21:50:00,2026-06-23,21:50:00,0,0,2959,0,0,0,0,0.0,0.0,0,0,0,0,0,0,0,0,0,0,0,0,0,0,0.0,21,50,6,174,1,0,693.92377,-693.9237670898438,100.0,False,False,0.0,0.0,0.0
2026-06-23 21:50:59,2026-06-23,21:50:59,0,0,2959,0,0,0,0,0.0,0.0,0,0,0,0,0,0,0,0,0,0,0,0,0,0,0.0,21,50,6,174,1,0,693.92377,-693.9237670898438,100.0,False,False,0.0,0.0,0.0
2026-06-23 22:00:00,2026-06-23,22:00:00,0,0,2959,0,0,0,0,0.0,0.0,0,0,0,0,0,0,0,0,0,0,0,0,0,0,0.0,22,0,6,174,1,0,683.2871,-683.287109375,100.0,False,False,0.0,0.0,0.0
2026-06-23 22:10:00,2026-06-23,22:10:00,0,0,2959,0,0,0,0,0.0,0.0,0,0,0,0,0,0,0,0,0,0,0,0,0,0,0.0,22,10,6,174,1,0,692.57324,-692.5732421875,100.0,False,False,0.0,0.0,0.0
2026-06-23 22:20:00,2026-06-23,22:20:00,0,0,2959,0,0,0,0,0.0,0.0,0,0,0,0,0,0,0,0,0,0,0,0,0,0,0.0,22,20,6,174,1,0,695.64154,-695.6415405273438,100.0,False,False,0.0,0.0,0.0
2026-06-23 22:20:59,2026-06-23,22:20:59,0,0,2959,0,0,0,0,0.0,0.0,0,0,0,0,0,0,0,0,0,0,0,0,0,0,0.0,22,20,6,174,1,0,695.64154,-695.6415405273438,100.0,False,False,0.0,0.0,0.0
2026-06-23 22:30:00,2026-06-23,22:30:00,0,0,2959,0,0,0,0,0.0,0.0,0,0,0,0,0,0,0,0,0,0,0,0,0,0,0.0,22,30,6,174,1,0,694.0978,-694.0977783203125,100.0,False,False,0.0,0.0,0.0
2026-06-23 22:40:00,2026-06-23,22:40:00,0,0,2959,0,0,0,0,0.0,0.0,0,0,0,0,0,0,0,0,0,0,0,0,0,0,0.0,22,40,6,174,1,0,694.66815,-694.6681518554688,100.0,False,False,0.0,0.0,0.0
2026-06-23 22:50:00,2026-06-23,22:50:00,0,0,2959,0,0,0,0,0.0,0.0,0,0,0,0,0,0,0,0,0,0,0,0,0,0,0.0,22,50,6,174,1,0,694.3785,-694.3784790039062,100.0,False,False,0.0,0.0,0.0
2026-06-23 23:00:00,2026-06-23,23:00:00,0,0,2959,0,0,0,0,0.0,0.0,0,0,0,0,0,0,0,0,0,0,0,0,0,0,0.0,23,0,6,174,1,0,683.7176,-683.7175903320312,100.0,False,False,0.0,0.0,0.0
2026-06-23 23:10:00,2026-06-23,23:10:00,0,0,0,0,0,0,0,0.0,0.0,0,0,0,0,0,0,0,0,0,0,0,0,0,0,0.0,23,10,6,174,1,0,693.0037,-693.0037231445312,100.0,False,False,0.0,0.0,0.0
2026-06-23 23:20:00,2026-06-23,23:20:00,0,0,0,0,0,0,0,0.0,0.0,0,0,0,0,0,0,0,0,0,0,0,0,0,0,0.0,23,20,6,174,1,0,696.072,-696.072021484375,100.0,False,False,0.0,0.0,0.0
2026-06-23 23:30:00,2026-06-23,23:30:00,0,0,0,0,0,0,0,0.0,0.0,0,0,0,0,0,0,0,0,0,0,0,0,0,0,0.0,23,30,6,174,1,0,694.52826,-694.5282592773438,100.0,False,False,0.0,0.0,0.0
2026-06-23 23:40:00,2026-06-23,23:40:00,0,0,0,0,0,0,0,0.0,0.0,0,0,0,0,0,0,0,0,0,0,0,0,0,0,0.0,23,40,6,174,1,0,694.66815,-694.6681518554688,100.0,False,False,0.0,0.0,0.0
2026-06-24 00:00:00,2026-06-24,00:00:00,0,0,0,0,0,0,0,0.0,0.0,0,0,0,0,0,0,0,0,0,0,0,0,0,0,0.0,0,0,6,175,2,0,85.122025,-85.12202453613281,100.0,False,False,0.0,0.0,0.0
2026-06-24 00:10:59,2026-06-24,00:10:59,0,0,0,0,0,0,0,0.0,0.0,0,0,0,0,0,0,0,0,0,0,0,0,0,0,0.0,0,10,6,175,2,0,80.542465,-80.54246520996094,100.0,False,False,0.0,0.0,0.0
2026-06-24 00:30:00,2026-06-24,00:30:00,0,0,0,0,0,0,0,0.0,0.0,0,0,0,0,0,0,0,0,0,0,0,0,0,0,0.0,0,30,6,175,2,0,82.13486,-82.13485717773438,100.0,False,False,0.0,0.0,0.0
2026-06-24 00:40:00,2026-06-24,00:40:00,0,0,0,0,0,0,0,0.0,0.0,0,0,0,0,0,0,0,0,0,0,0,0,0,0,0.0,0,40,6,175,2,0,81.98711,-81.98710632324219,100.0,False,False,0.0,0.0,0.0
2026-06-24 01:00:00,2026-06-24,01:00:00,0,0,0,0,0,0,0,0.0,0.0,0,0,0,0,0,0,0,0,0,0,0,0,0,0,0.0,1,0,6,175,2,0,85.122025,-85.12202453613281,100.0,False,False,0.0,0.0,0.0
2026-06-24 01:10:00,2026-06-24,01:10:00,0,0,0,0,0,0,0,0.0,0.0,0,0,0,0,0,0,0,0,0,0,0,0,0,0,0.0,1,10,6,175,2,0,80.542465,-80.54246520996094,100.0,False,False,0.0,0.0,0.0
2026-06-24 01:10:59,2026-06-24,01:10:59,0,0,0,0,0,0,0,0.0,0.0,0,0,0,0,0,0,0,0,0,0,0,0,0,0,0.0,1,10,6,175,2,0,80.542465,-80.54246520996094,100.0,False,False,0.0,0.0,0.0
2026-06-24 01:20:00,2026-06-24,01:20:00,0,0,0,0,0,0,0,0.0,0.0,0,0,0,0,0,0,0,0,0,0,0,0,0,0,0.0,1,20,6,175,2,0,82.40759,-82.4075927734375,100.0,False,False,0.0,0.0,0.0
2026-06-24 01:20:59,2026-06-24,01:20:59,0,0,0,0,0,0,0,0.0,0.0,0,0,0,0,0,0,0,0,0,0,0,0,0,0,0.0,1,20,6,175,2,0,82.40759,-82.4075927734375,100.0,False,False,0.0,0.0,0.0
2026-06-24 01:30:00,2026-06-24,01:30:00,0,0,0,0,0,0,0,0.0,0.0,0,0,0,0,0,0,0,0,0,0,0,0,0,0,0.0,1,30,6,175,2,0,82.278625,-82.27862548828125,100.0,False,False,0.0,0.0,0.0
2026-06-24 01:40:00,2026-06-24,01:40:00,0,0,0,0,0,0,0,0.0,0.0,0,0,0,0,0,0,0,0,0,0,0,0,0,0,0.0,1,40,6,175,2,0,82.81787,-82.81787109375,100.0,False,False,0.0,0.0,0.0
2026-06-24 01:50:00,2026-06-24,01:50:00,0,0,0,0,0,0,0,0.0,0.0,0,0,0,0,0,0,0,0,0,0,0,0,0,0,0.0,1,50,6,175,2,0,82.56113,-82.56112670898438,100.0,False,False,0.0,0.0,0.0
2026-06-24 02:00:00,2026-06-24,02:00:00,1,0,0,0,0,0,0,0.0,0.0,0,0,0,0,0,0,0,0,0,0,0,0,0,0,0.0,2,0,6,175,2,0,85.90643,-85.90643310546875,100.0,False,False,0.0,0.0,0.0
2026-06-24 02:00:59,2026-06-24,02:00:59,0,0,0,0,0,0,0,0.0,0.0,0,0,0,0,0,0,0,0,0,0,0,0,0,0,0.0,2,0,6,175,2,0,85.90643,-85.90643310546875,100.0,False,False,0.0,0.0,0.0
2026-06-24 02:10:00,2026-06-24,02:10:00,0,0,0,0,0,0,0,0.0,0.0,0,0,0,0,0,0,0,0,0,0,0,0,0,0,0.0,2,10,6,175,2,0,81.32687,-81.32687377929688,100.0,False,False,0.0,0.0,0.0
2026-06-24 02:20:00,2026-06-24,02:20:00,0,0,0,0,0,0,0,0.0,0.0,0,0,0,0,0,0,0,0,0,0,0,0,0,0,0.0,2,20,6,175,2,0,83.794716,-83.79471588134766,100.0,False,False,0.0,0.0,0.0
2026-06-24 02:30:00,2026-06-24,02:30:00,0,0,0,0,0,0,0,0.0,0.0,0,0,0,0,0,0,0,0,0,0,0,0,0,0,0.0,2,30,6,175,2,0,84.437126,-84.43712615966797,100.0,False,False,0.0,0.0,0.0
2026-06-24 02:40:00,2026-06-24,02:40:00,0,0,0,0,0,0,0,0.0,0.0,0,0,0,0,0,0,0,0,0,0,0,0,0,0,0.0,2,40,6,175,2,0,84.176735,-84.1767349243164,100.0,False,False,0.0,0.0,0.0
2026-06-24 02:40:59,2026-06-24,02:40:59,0,0,0,0,0,0,0,0.0,0.0,0,0,0,0,0,0,0,0,0,0,0,0,0,0,0.0,2,40,6,175,2,0,84.176735,-84.1767349243164,100.0,False,False,0.0,0.0,0.0
2026-06-24 02:50:00,2026-06-24,02:50:00,1,0,0,0,0,0,0,0.0,0.0,0,0,0,0,0,0,0,0,0,0,0,0,0,0,0.0,2,50,6,175,2,0,83.997,-83.99700164794922,100.0,False,False,0.0,0.0,0.0
2026-06-24 03:00:00,2026-06-24,03:00:00,0,0,0,0,0,0,0,0.0,0.0,0,0,0,0,0,0,0,0,0,0,0,0,0,0,0.0,3,0,6,175,2,0,87.2653,-87.26529693603516,100.0,False,False,0.0,0.0,0.0
2026-06-24 03:10:00,2026-06-24,03:10:00,0,0,0,0,0,0,0,0.0,0.0,0,0,0,0,0,0,0,0,0,0,0,0,0,0,0.0,3,10,6,175,2,0,82.743065,-82.7430648803711,100.0,False,False,0.0,0.0,0.0
2026-06-24 03:20:00,2026-06-24,03:20:00,0,0,0,0,0,0,0,0.0,0.0,0,0,0,0,0,0,0,0,0,0,0,0,0,0,0.0,3,20,6,175,2,0,84.62824,-84.62824249267578,100.0,False,False,0.0,0.0,0.0
2026-06-24 03:30:00,2026-06-24,03:30:00,0,0,0,0,0,0,0,0.0,0.0,0,0,0,0,0,0,0,0,0,0,0,0,0,0,0.0,3,30,6,175,2,0,84.27099,-84.27098846435547,100.0,False,False,0.0,0.0,0.0
2026-06-24 03:50:00,2026-06-24,03:50:00,0,0,0,0,0,0,0,0.0,0.0,0,0,0,0,0,0,0,0,0,0,0,0,0,0,0.0,3,50,6,175,2,0,84.33233,-84.33232879638672,100.0,False,False,0.0,0.0,0.0
2026-06-24 03:50:59,2026-06-24,03:50:59,0,0,0,0,0,0,0,0.0,0.0,0,0,0,0,0,0,0,0,0,0,0,0,0,0,0.0,3,50,6,175,2,0,84.33233,-84.33232879638672,100.0,False,False,0.0,0.0,0.0
2026-06-24 04:00:00,2026-06-24,04:00:00,0,0,0,0,0,0,0,0.0,0.0,0,0,0,0,0,0,0,0,0,0,0,0,0,0,0.0,4,0,6,175,2,0,87.600624,-87.60062408447266,100.0,False,False,0.0,0.0,0.0
2026-06-24 04:00:59,2026-06-24,04:00:59,0,0,0,0,0,0,0,0.0,0.0,0,0,0,0,0,0,0,0,0,0,0,0,0,0,0.0,4,0,6,175,2,0,87.600624,-87.60062408447266,100.0,False,False,0.0,0.0,0.0
2026-06-24 04:10:00,2026-06-24,04:10:00,0,0,0,0,0,0,0,0.0,0.0,0,0,0,0,0,0,0,0,0,0,0,0,0,0,0.0,4,10,6,175,2,0,83.02108,-83.02108001708984,100.0,False,False,0.0,0.0,0.0
2026-06-24 04:20:00,2026-06-24,04:20:00,0,0,0,0,0,0,0,0.0,0.0,0,0,0,0,0,0,0,0,0,0,0,0,0,0,0.0,4,20,6,175,2,0,85.05123,-85.05123138427734,100.0,False,False,0.0,0.0,0.0
2026-06-24 04:30:00,2026-06-24,04:30:00,0,0,0,0,0,0,0,0.0,0.0,0,0,0,0,0,0,0,0,0,0,0,0,0,0,0.0,4,30,6,175,2,0,83.07406,-83.07405853271484,100.0,False,False,0.0,0.0,0.0
2026-06-24 04:40:00,2026-06-24,04:40:00,0,0,0,0,0,0,0,0.0,0.0,0,0,0,0,0,0,0,0,0,0,0,0,0,0,0.0,4,40,6,175,2,0,82.797646,-82.79764556884766,100.0,False,False,0.0,0.0,0.0
2026-06-24 04:40:59,2026-06-24,04:40:59,0,0,0,0,0,0,0,0.0,0.0,0,0,0,0,0,0,0,0,0,0,0,0,0,0,0.0,4,40,6,175,2,0,82.797646,-82.79764556884766,100.0,False,False,0.0,0.0,0.0
2026-06-24 04:50:00,2026-06-24,04:50:00,0,0,0,0,0,0,0,0.0,0.0,0,0,0,0,0,0,0,0,0,0,0,0,0,0,0.0,4,50,6,175,2,0,82.15626,-82.15625762939453,100.0,False,False,0.0,0.0,0.0
2026-06-24 05:00:00,2026-06-24,05:00:00,0,0,0,0,0,0,0,0.0,0.0,0,0,0,0,0,0,0,0,0,0,0,0,0,0,0.0,5,0,6,175,2,0,3.0023582,-3.0023581981658936,60.04716396331787,False,False,0.0,0.0,0.0
2026-06-24 05:10:00,2026-06-24,05:10:00,0,0,0,0,0,0,0,0.0,0.0,0,0,0,0,0,0,0,0,0,0,0,0,0,0,0.0,5,10,6,175,2,0,0.0,0.0,0.0,False,False,0.0,0.0,0.0
2026-06-24 05:20:00,2026-06-24,05:20:00,0,0,0,0,0,0,0,0.0,0.0,0,0,0,0,0,0,0,0,0,0,0,0,0,0,0.0,5,20,6,175,2,0,5.020563,-5.020563125610352,100.0,False,False,0.0,0.0,0.0
2026-06-24 05:30:00,2026-06-24,05:30:00,4,0,0,0,0,0,0,0.0,0.0,0,0,0,0,0,0,0,0,0,0,0,0,0,0,0.0,5,30,6,175,2,0,0.0,0.0,0.0,False,False,0.0,0.0,0.0
2026-06-24 05:30:59,2026-06-24,05:30:59,4,0,0,0,0,0,0,0.0,0.0,0,0,0,0,0,0,0,0,0,0,0,0,0,0,0.0,5,30,6,175,2,0,0.0,0.0,0.0,False,False,0.0,0.0,0.0
2026-06-24 05:40:00,2026-06-24,05:40:00,7,0,0,0,0,0,0,0.0,0.0,0,0,0,0,0,0,0,0,0,0,0,0,0,0,0.0,5,40,6,175,2,0,1.1089338,-1.1089338064193726,22.17867612838745,False,False,0.0,0.0,0.0
2026-06-24 06:10:00,2026-06-24,06:10:00,34,0,0,0,0,0,0,0.0,0.0,0,0,0,0,2,0,0,0,1,1,0,0,0,0,4.0,6,10,6,175,2,1,2.862395,1.1376049518585205,22.75209903717041,False,False,0.0,0.0,0.0
2026-06-24 06:40:00,2026-06-24,06:40:00,92,0,0,0,0,0,0,0.0,0.0,0,1,1,1,8,0,1,2,3,3,0,0,0,0,20.0,6,40,6,175,2,1,21.662148,-1.6621475219726562,7.673050514897857,False,False,0.0,0.0,0.0
2026-06-24 06:50:00,2026-06-24,06:50:00,117,0,0,0,0,0,0,0.0,0.0,0,1,2,2,12,0,2,3,5,5,1,0,0,0,33.0,6,50,6,175,2,1,32.64429,0.3557090759277344,1.089651715073494,False,False,0.0,0.0,0.0
2026-06-24 07:00:00,2026-06-24,07:00:00,113,0,0,0,0,0,0,0.0,0.0,0,1,1,1,7,0,2,3,4,4,0,0,0,0,23.0,7,0,6,175,2,1,24.637072,-1.6370716094970703,6.644749162745518,False,False,0.0,0.0,0.0
2026-06-24 07:10:00,2026-06-24,07:10:00,97,0,0,0,0,0,0,0.0,0.0,0,1,0,0,6,0,2,2,3,3,0,0,0,0,17.0,7,10,6,175,2,1,18.308863,-1.3088626861572266,7.1487929566854955,False,False,0.0,0.0,0.0
2026-06-24 07:20:00,2026-06-24,07:20:00,63,0,0,0,0,0,0,0.0,0.0,0,0,0,0,3,0,1,1,2,2,0,0,0,0,9.0,7,20,6,175,2,1,9.021108,-0.02110767364501953,0.23398095232457058,False,False,0.0,0.0,0.0
2026-06-24 07:30:00,2026-06-24,07:30:00,57,0,0,0,0,0,0,0.0,0.0,0,0,0,0,3,0,1,1,2,2,0,0,0,0,9.0,7,30,6,175,2,1,9.926587,-0.9265871047973633,9.334397562980717,False,False,0.0,0.0,0.0
2026-06-24 07:30:59,2026-06-24,07:30:59,44,0,0,0,0,0,0,0.0,0.0,0,0,0,0,3,0,1,1,2,2,0,0,0,0,9.0,7,30,6,175,2,1,9.505732,-0.5057315826416016,5.320280488091175,False,False,0.0,0.0,0.0
2026-06-24 07:40:00,2026-06-24,07:40:00,107,0,0,0,0,0,0,0.0,0.0,0,2,3,3,23,0,3,6,8,8,2,0,0,0,58.0,7,40,6,175,2,1,55.010685,2.9893150329589844,5.4340625548472925,False,False,0.0,0.0,0.0
2026-06-24 07:50:00,2026-06-24,07:50:00,180,0,0,0,0,0,0,0.0,0.0,1,3,3,3,27,0,5,8,11,11,4,0,0,0,76.0,7,50,6,175,2,1,74.14061,1.8593902587890625,2.5079241528755913,False,False,0.0,0.0,0.0
2026-06-24 08:00:00,2026-06-24,08:00:00,127,0,0,0,0,0,0,0.0,0.0,1,2,1,1,15,0,6,8,12,12,3,0,0,0,61.0,8,0,6,175,2,1,60.958694,0.0413055419921875,0.06775988619743384,False,False,0.0,0.0,0.0
2026-06-24 08:00:59,2026-06-24,08:00:59,221,0,0,0,0,0,0,0.0,0.0,1,3,2,2,22,0,6,8,12,12,4,0,0,0,72.0,8,0,6,175,2,1,69.56196,2.4380416870117188,3.504849124634979,False,False,0.0,0.0,0.0
2026-06-24 08:20:00,2026-06-24,08:20:00,211,0,0,0,0,0,0,0.0,0.0,1,2,1,1,13,0,4,6,8,8,2,0,0,0,46.0,8,20,6,175,2,1,47.971363,-1.9713630676269531,4.109458104927834,False,False,0.0,0.0,0.0
2026-06-24 08:30:00,2026-06-24,08:30:00,211,0,0,0,0,0,0,0.0,0.0,1,2,1,1,18,0,5,6,9,9,2,0,0,0,54.0,8,30,6,175,2,1,53.05096,0.9490394592285156,1.788920407009683,False,False,0.0,0.0,0.0
2026-06-24 08:30:59,2026-06-24,08:30:59,209,0,0,0,0,0,0,0.0,0.0,1,2,1,1,14,0,5,6,9,9,2,0,0,0,50.0,8,30,6,175,2,1,51.134914,-1.1349143981933594,2.219451057169379,False,False,0.0,0.0,0.0
2026-06-24 08:40:00,2026-06-24,08:40:00,180,0,0,0,0,0,0,0.0,0.0,1,2,1,1,13,0,4,5,8,8,2,0,0,0,45.0,8,40,6,175,2,1,46.491096,-1.4910964965820312,3.207273239278525,False,False,0.0,0.0,0.0
2026-06-24 08:50:00,2026-06-24,08:50:00,253,0,0,0,0,0,0,0.0,0.0,2,5,3,3,0,0,10,14,19,19,7,0,0,0,82.0,8,50,6,175,2,1,80.22248,1.7775192260742188,2.215737046431447,False,False,0.0,0.0,0.0
2026-06-24 09:00:00,2026-06-24,09:00:00,263,0,0,0,0,0,0,0.0,0.0,2,3,2,2,20,0,6,8,12,12,3,0,0,0,70.0,9,0,6,175,2,1,70.40044,-0.4004364013671875,0.568798180574078,False,False,0.0,0.0,0.0
2026-06-24 09:10:59,2026-06-24,09:10:59,338,0,0,0,0,0,0,0.0,0.0,1,3,2,2,20,0,7,9,13,13,4,0,0,0,74.0,9,10,6,175,2,1,74.97208,-0.972076416015625,1.296584625216501,False,False,0.0,0.0,0.0
2026-06-24 09:20:00,2026-06-24,09:20:00,363,0,0,0,0,0,0,0.0,0.0,1,3,2,2,18,0,8,10,14,14,5,0,0,0,77.0,9,20,6,175,2,1,77.15775,-0.15775299072265625,0.2044551384766535,False,False,0.0,0.0,0.0
2026-06-24 09:30:00,2026-06-24,09:30:00,510,0,0,0,0,0,0,0.0,0.0,2,5,2,2,24,0,15,18,25,24,9,0,0,0,126.0,9,30,6,175,2,1,121.24369,4.756309509277344,3.9229336306298657,False,False,0.0,0.0,0.0
2026-06-24 09:40:00,2026-06-24,09:40:00,376,0,0,0,0,0,0,0.0,0.0,2,3,1,1,17,0,8,10,14,14,4,0,0,0,74.0,9,40,6,175,2,1,73.58111,0.41889190673828125,0.5692927404780981,False,False,0.0,0.0,0.0
2026-06-24 09:50:00,2026-06-24,09:50:00,373,0,0,0,0,0,0,0.0,0.0,2,3,1,1,17,0,7,9,14,13,4,0,0,0,71.0,9,50,6,175,2,1,71.91452,-0.914520263671875,1.2716767911665419,False,False,0.0,0.0,0.0
2026-06-24 10:00:00,2026-06-24,10:00:00,364,0,0,0,0,0,0,0.0,0.0,1,3,1,1,17,0,7,9,13,13,4,0,0,0,69.0,10,0,6,175,2,1,69.291626,-0.2916259765625,0.420867561487359,False,False,0.0,0.0,0.0
2026-06-24 10:10:00,2026-06-24,10:10:00,809,0,0,0,0,0,0,0.0,0.0,2,4,2,2,23,0,11,14,23,25,10,0,0,0,116.0,10,10,6,175,2,1,115.82026,0.17974090576171875,0.1551895213906151,False,False,0.0,0.0,0.0
2026-06-24 10:30:00,2026-06-24,10:30:00,397,0,0,0,0,0,0,0.0,0.0,1,3,1,1,17,0,7,9,14,14,4,0,0,0,71.0,10,30,6,175,2,1,71.46882,-0.46881866455078125,0.6559765129898807,False,False,0.0,0.0,0.0
2026-06-24 10:40:00,2026-06-24,10:40:00,961,0,0,0,0,0,0,0.0,0.0,4,7,3,3,0,0,18,21,32,32,12,0,0,0,132.0,10,40,6,175,2,1,131.81122,0.18878173828125,0.14322129843790155,False,False,0.0,0.0,0.0
2026-06-24 10:50:00,2026-06-24,10:50:00,780,0,0,0,0,0,0,0.0,0.0,4,8,3,3,29,0,9,11,16,16,5,0,0,0,104.0,10,50,6,175,2,1,105.517136,-1.5171356201171875,1.4378097085379378,False,False,0.0,0.0,0.0
2026-06-24 11:00:00,2026-06-24,11:00:00,468,0,0,0,0,0,0,0.0,0.0,2,3,1,1,18,0,9,10,16,16,5,0,0,0,81.0,11,0,6,175,2,1,81.711426,-0.71142578125,0.8706564283366698,False,False,0.0,0.0,0.0
2026-06-24 11:00:59,2026-06-24,11:00:59,442,0,0,0,0,0,0,0.0,0.0,2,3,1,1,18,0,8,10,15,15,5,0,0,0,78.0,11,0,6,175,2,1,79.447365,-1.4473648071289062,1.821790830498424,False,False,0.0,0.0,0.0
2026-06-24 11:10:00,2026-06-24,11:10:00,483,0,0,0,0,0,0,0.0,0.0,2,4,1,1,19,0,9,11,16,16,5,0,0,0,84.0,11,10,6,175,2,1,86.07904,-2.07904052734375,2.4152691695992186,False,False,0.0,0.0,0.0
2026-06-24 11:20:00,2026-06-24,11:20:00,438,0,0,0,0,0,0,0.0,0.0,2,3,1,1,18,0,8,10,15,15,5,0,0,0,78.0,11,20,6,175,2,1,78.32192,-0.32192230224609375,0.4110245162315963,False,False,0.0,0.0,0.0
2026-06-24 11:30:00,2026-06-24,11:30:00,480,0,0,0,0,0,0,0.0,0.0,2,3,1,1,17,0,10,12,19,18,6,0,0,0,89.0,11,30,6,175,2,1,87.054756,1.9452438354492188,2.2345060984058374,False,False,0.0,0.0,0.0
2026-06-24 11:40:00,2026-06-24,11:40:00,1156,0,0,0,0,0,0,0.0,0.0,4,9,2,2,0,0,21,24,0,0,14,0,0,0,76.0,11,40,6,175,2,1,77.261475,-1.261474609375,1.6327343164919752,False,False,0.0,0.0,0.0
2026-06-24 11:50:00,2026-06-24,11:50:00,680,0,0,0,0,0,0,0.0,0.0,3,6,2,2,30,0,13,15,23,23,8,0,0,0,125.0,11,50,6,175,2,1,124.44653,0.553466796875,0.4447426397741563,False,False,0.0,0.0,0.0
2026-06-24 12:00:00,2026-06-24,12:00:00,840,0,0,0,0,0,0,0.0,0.0,4,6,1,1,0,0,16,18,23,29,11,0,0,0,109.0,12,0,6,175,2,1,108.49886,0.5011367797851562,0.46188205563778434,False,False,0.0,0.0,0.0
2026-06-24 12:10:00,2026-06-24,12:10:00,929,0,0,0,0,0,0,0.0,0.0,4,7,1,1,0,0,17,20,24,31,12,0,0,0,117.0,12,10,6,175,2,1,117.340866,-0.3408660888671875,0.29049222170308103,False,False,0.0,0.0,0.0
2026-06-24 12:10:59,2026-06-24,12:10:59,968,0,0,0,0,0,0,0.0,0.0,4,7,1,1,0,0,17,20,24,31,11,0,0,0,116.0,12,10,6,175,2,1,116.306694,-0.30669403076171875,0.26369422097115225,False,False,0.0,0.0,0.0
2026-06-24 12:20:59,2026-06-24,12:20:59,929,0,0,0,0,0,0,0.0,0.0,4,7,1,1,31,0,17,20,23,30,11,0,0,0,145.0,12,20,6,175,2,1,143.49312,1.5068817138671875,1.0501421474877883,False,False,0.0,0.0,0.0
2026-06-24 12:30:00,2026-06-24,12:30:00,1005,0,0,0,0,0,0,0.0,0.0,3,8,1,1,0,0,18,21,24,0,12,0,0,0,88.0,12,30,6,175,2,1,88.59395,-0.5939483642578125,0.6704164056621208,False,False,0.0,0.0,0.0
2026-06-24 12:40:00,2026-06-24,12:40:00,1008,0,0,0,0,0,0,0.0,0.0,4,7,1,1,0,0,17,21,23,32,11,0,0,0,117.0,12,40,6,175,2,1,117.04197,-0.04196929931640625,0.03585833318395078,False,False,0.0,0.0,0.0
2026-06-24 12:50:00,2026-06-24,12:50:00,839,0,0,0,0,0,0,0.0,0.0,0,6,1,1,0,0,13,16,23,26,9,0,0,0,95.0,12,50,6,175,2,1,95.24665,-0.24665069580078125,0.2589599676197911,False,False,0.0,0.0,0.0
2026-06-24 12:50:59,2026-06-24,12:50:59,899,0,0,0,0,0,0,0.0,0.0,4,8,1,1,0,0,13,16,21,24,8,0,0,0,96.0,12,50,6,175,2,1,95.84054,0.15946197509765625,0.16638259590761384,False,False,0.0,0.0,0.0
2026-06-24 13:00:00,2026-06-24,13:00:00,953,0,0,0,0,0,0,0.0,0.0,3,6,1,1,28,0,17,20,24,30,11,0,0,0,141.0,13,0,6,175,2,1,138.14508,2.85491943359375,2.0666095541646103,False,False,0.0,0.0,0.0
2026-06-24 13:00:59,2026-06-24,13:00:59,548,0,0,0,0,0,0,0.0,0.0,2,4,1,1,26,0,11,13,19,20,7,0,0,0,104.0,13,0,6,175,2,1,103.847115,0.15288543701171875,0.14722165142006557,False,False,0.0,0.0,0.0
2026-06-24 13:20:00,2026-06-24,13:20:00,942,0,0,0,0,0,0,0.0,0.0,3,7,1,1,0,0,17,19,25,29,10,0,0,0,112.0,13,20,6,175,2,1,111.26189,0.7381134033203125,0.6634018403767922,False,False,0.0,0.0,0.0
2026-06-24 13:30:00,2026-06-24,13:30:00,943,0,0,0,0,0,0,0.0,0.0,4,7,1,1,0,0,16,19,21,29,11,0,0,0,109.0,13,30,6,175,2,1,109.886765,-0.8867645263671875,0.8069802857417004,False,False,0.0,0.0,0.0
2026-06-24 13:40:00,2026-06-24,13:40:00,875,0,0,0,0,0,0,0.0,0.0,3,6,1,1,32,0,15,18,21,28,10,0,0,0,135.0,13,40,6,175,2,1,132.97472,2.0252838134765625,1.5230593240264563,False,False,0.0,0.0,0.0
2026-06-24 13:40:59,2026-06-24,13:40:59,867,0,0,0,0,0,0,0.0,0.0,0,0,0,0,0,0,0,0,0,0,0,0,0,0,0.0,13,40,6,175,2,1,2.499622,-2.499622106552124,49.99244213104248,True,False,0.0,0.0,0.0
2026-06-24 13:50:00,2026-06-24,13:50:00,851,0,0,0,0,0,0,0.0,0.0,0,0,0,0,0,0,0,0,0,0,0,0,0,0,0.0,13,50,6,175,2,1,3.0308194,-3.0308194160461426,60.61638832092285,True,False,0.0,0.0,0.0
2026-06-24 14:00:00,2026-06-24,14:00:00,825,0,0,0,0,0,0,0.0,0.0,3,0,0,0,32,0,14,16,27,26,0,0,0,0,118.0,14,0,6,175,2,1,117.18039,0.819610595703125,0.6994434818571023,False,False,0.0,0.0,0.0
2026-06-24 14:10:00,2026-06-24,14:10:00,814,0,0,0,0,0,0,0.0,0.0,3,0,2,2,32,0,14,16,20,26,0,0,0,0,115.0,14,10,6,175,2,1,116.35592,-1.3559188842773438,1.165320077636861,False,False,0.0,0.0,0.0
2026-06-24 14:20:00,2026-06-24,14:20:00,798,0,0,0,0,0,0,0.0,0.0,3,0,2,2,32,0,14,16,19,25,0,0,0,0,113.0,14,20,6,175,2,1,114.286064,-1.2860641479492188,1.1253026845725846,False,False,0.0,0.0,0.0
2026-06-24 14:40:00,2026-06-24,14:40:00,775,0,0,0,0,0,0,0.0,0.0,3,0,2,2,31,0,13,15,20,23,8,0,0,0,117.0,14,40,6,175,2,1,117.17063,-0.17063140869140625,0.14562643099211742,False,False,0.0,0.0,0.0
2026-06-24 14:50:00,2026-06-24,14:50:00,717,0,0,0,0,0,0,0.0,0.0,3,5,2,2,30,0,12,14,20,22,8,0,0,0,118.0,14,50,6,175,2,1,114.782616,3.2173843383789062,2.803024064082795,False,False,0.0,0.0,0.0
2026-06-24 14:50:59,2026-06-24,14:50:59,721,0,0,0,0,0,0,0.0,0.0,3,5,2,2,30,0,12,14,20,22,8,0,0,0,118.0,14,50,6,175,2,1,117.994225,0.00577545166015625,0.004894690127642785,False,False,0.0,0.0,0.0
2026-06-24 15:00:00,2026-06-24,15:00:00,692,0,0,0,0,0,0,0.0,0.0,2,5,2,2,30,0,12,14,19,21,7,0,0,0,114.0,15,0,6,175,2,1,114.038956,-0.0389556884765625,0.03415998352613721,False,False,0.0,0.0,0.0
2026-06-24 15:10:00,2026-06-24,15:10:00,669,0,0,0,0,0,0,0.0,0.0,2,5,2,2,30,0,11,13,19,20,7,0,0,0,111.0,15,10,6,175,2,1,110.4635,0.5364990234375,0.48567990213467094,False,False,0.0,0.0,0.0
2026-06-24 15:30:00,2026-06-24,15:30:00,589,0,0,0,0,0,0,0.0,0.0,2,4,2,2,28,0,10,11,18,18,6,0,0,0,101.0,15,30,6,175,2,1,100.470634,0.5293655395507812,0.526885833252271,False,False,0.0,0.0,0.0
2026-06-24 15:40:00,2026-06-24,15:40:00,560,0,0,0,0,0,0,0.0,0.0,2,4,2,2,28,0,9,11,18,17,6,0,0,0,99.0,15,40,6,175,2,1,98.132286,0.8677139282226562,0.8842287925382482,False,False,0.0,0.0,0.0
2026-06-24 15:50:59,2026-06-24,15:50:59,518,0,0,0,0,0,0,0.0,0.0,2,3,2,2,26,0,9,10,16,16,5,0,0,0,91.0,15,50,6,175,2,1,90.71055,0.28945159912109375,0.3190936492213834,False,False,0.0,0.0,0.0
2026-06-24 16:00:00,2026-06-24,16:00:00,491,0,0,0,0,0,0,0.0,0.0,1,3,2,2,27,0,8,10,16,15,5,0,0,0,89.0,16,0,6,175,2,1,89.70905,-0.7090530395507812,0.7903918451108553,False,False,0.0,0.0,0.0
2026-06-24 16:20:00,2026-06-24,16:20:00,439,0,0,0,0,0,0,0.0,0.0,1,3,2,2,25,0,7,9,14,13,4,0,0,0,80.0,16,20,6,175,2,1,79.14502,0.85498046875,1.0802707154711302,False,False,0.0,0.0,0.0
2026-06-24 16:30:59,2026-06-24,16:30:59,418,0,0,0,0,0,0,0.0,0.0,0,3,2,2,23,0,7,8,12,12,3,0,0,0,72.0,16,30,6,175,2,1,73.31302,-1.313018798828125,1.7909763099935436,False,False,0.0,0.0,0.0
2026-06-24 16:40:00,2026-06-24,16:40:00,377,0,0,0,0,0,0,0.0,0.0,1,2,2,2,23,0,6,7,11,11,3,0,0,0,68.0,16,40,6,175,2,1,68.430534,-0.43053436279296875,0.6291553424242421,False,False,0.0,0.0,0.0
2026-06-24 16:40:59,2026-06-24,16:40:59,373,0,0,0,0,0,0,0.0,0.0,1,2,2,2,23,0,6,7,10,11,3,0,0,0,67.0,16,40,6,175,2,1,63.708893,3.291107177734375,5.165852099982133,False,False,0.0,0.0,0.0
2026-06-24 16:50:00,2026-06-24,16:50:00,339,0,0,0,0,0,0,0.0,0.0,1,2,2,2,22,0,5,6,9,10,3,0,0,0,62.0,16,50,6,175,2,1,64.09335,-2.093353271484375,3.2661004061020535,False,False,0.0,0.0,0.0
2026-06-24 16:50:59,2026-06-24,16:50:59,335,0,0,0,0,0,0,0.0,0.0,1,2,2,2,22,0,5,6,9,10,2,0,0,0,61.0,16,50,6,175,2,1,62.842617,-1.8426170349121094,2.9321137817803584,False,False,0.0,0.0,0.0
2026-06-24 17:00:00,2026-06-24,17:00:00,309,0,0,0,0,0,0,0.0,0.0,0,2,2,2,21,0,4,6,8,8,2,0,0,0,55.0,17,0,6,175,2,1,53.834686,1.165313720703125,2.164615048850518,False,False,0.0,0.0,0.0
2026-06-24 17:10:00,2026-06-24,17:10:00,271,0,0,0,0,0,0,0.0,0.0,0,1,2,2,19,0,4,5,7,7,2,0,0,0,49.0,17,10,6,175,2,1,48.55743,0.4425697326660156,0.9114356551189764,False,False,0.0,0.0,0.0
2026-06-24 17:20:00,2026-06-24,17:20:00,236,0,0,0,0,0,0,0.0,0.0,0,1,2,2,17,0,3,4,6,6,1,0,0,0,42.0,17,20,6,175,2,1,45.81354,-3.8135414123535156,8.32404851227066,False,False,0.0,0.0,0.0
2026-06-24 17:30:00,2026-06-24,17:30:00,200,3599,3659,0,0,0,0,0.0,0.0,0,1,2,2,14,0,2,3,5,5,1,0,0,0,7293.0,17,30,6,175,2,1,7287.04,5.9599609375,0.08178850267806086,False,False,0.0,0.0,0.0
2026-06-24 17:40:59,2026-06-24,17:40:59,167,2805,2863,0,0,0,0,0.0,0.0,0,1,1,1,12,0,2,3,4,4,1,0,0,0,5697.0,17,40,6,175,2,1,5695.546,1.4541015625,0.02553050380822871,False,False,0.0,0.0,0.0
2026-06-24 17:50:00,2026-06-24,17:50:00,144,2430,2362,0,0,0,0,0.0,0.0,0,0,0,0,10,0,1,2,3,3,0,0,0,0,4811.0,17,50,6,175,2,1,4809.7056,1.29443359375,0.026912948742456685,False,False,0.0,0.0,0.0
2026-06-24 17:50:59,2026-06-24,17:50:59,137,2264,2312,0,0,0,0,0.0,0.0,0,0,0,0,9,0,1,2,3,3,0,0,0,0,4594.0,17,50,6,175,2,1,4594.7354,-0.7353515625,0.016004220183213253,False,False,0.0,0.0,0.0
2026-06-24 18:00:00,2026-06-24,18:00:00,101,1631,1669,0,0,0,0,0.0,0.0,0,0,0,0,6,0,1,1,2,2,0,0,0,0,3312.0,18,0,6,175,2,1,3308.445,3.554931640625,0.10745022411352459,False,False,0.0,0.0,0.0
2026-06-24 18:10:59,2026-06-24,18:10:59,45,859,869,0,0,0,0,0.0,0.0,0,0,0,0,2,0,0,0,1,1,0,0,0,0,1732.0,18,10,6,175,2,1,1735.7556,-3.755615234375,0.2163677421759565,False,False,0.0,0.0,0.0
2026-06-24 18:20:00,2026-06-24,18:20:00,27,549,541,0,0,0,0,0.0,0.0,0,0,0,0,1,0,0,0,0,0,0,0,0,0,1091.0,18,20,6,175,2,1,1090.258,0.741943359375,0.06805208682989464,False,False,0.0,0.0,0.0
2026-06-24 18:30:00,2026-06-24,18:30:00,13,250,244,0,0,0,0,0.0,0.0,0,0,0,0,0,0,0,0,0,0,0,0,0,0,494.0,18,30,6,175,2,1,497.66553,-3.66552734375,0.7365443540593337,False,False,0.0,0.0,0.0
2026-06-24 18:40:00,2026-06-24,18:40:00,6,138,140,0,0,0,0,0.0,0.0,0,0,0,0,0,0,0,0,0,0,0,0,0,0,278.0,18,40,6,175,2,1,276.4302,1.569793701171875,0.5678806676701923,False,False,0.0,0.0,0.0
2026-06-24 18:50:00,2026-06-24,18:50:00,3,94,86,0,0,0,0,0.0,0.0,0,0,0,0,0,0,0,0,0,0,0,0,0,0,180.0,18,50,6,175,2,0,180.90303,-0.9030303955078125,0.49917925284806974,False,False,0.0,0.0,0.0
2026-06-24 19:00:00,2026-06-24,19:00:00,1,94,86,0,0,0,0,0.0,0.0,0,0,0,0,0,0,0,0,0,0,0,0,0,0,180.0,19,0,6,175,2,0,315.79877,-135.79876708984375,43.00167741035209,False,False,0.0,0.0,0.0
2026-06-24 19:10:00,2026-06-24,19:10:00,0,94,86,0,0,0,0,0.0,0.0,0,0,0,0,0,0,0,0,0,0,0,0,0,0,180.0,19,10,6,175,2,0,382.3177,-202.31768798828125,52.91873600012005,False,False,0.0,0.0,0.0
2026-06-24 19:30:00,2026-06-24,19:30:00,0,94,86,0,0,0,0,0.0,0.0,0,0,0,0,0,0,0,0,0,0,0,0,0,0,180.0,19,30,6,175,2,0,383.9587,-203.95870971679688,53.11995914019876,False,False,0.0,0.0,0.0
2026-06-24 19:30:59,2026-06-24,19:30:59,0,94,86,0,0,0,0,0.0,0.0,0,0,0,0,0,0,0,0,0,0,0,0,0,0,180.0,19,30,6,175,2,0,383.9587,-203.95870971679688,53.11995914019876,False,False,0.0,0.0,0.0
2026-06-24 19:40:00,2026-06-24,19:40:00,0,94,86,0,0,0,0,0.0,0.0,0,0,0,0,0,0,0,0,0,0,0,0,0,0,180.0,19,40,6,175,2,0,385.66815,-205.66815185546875,53.32775103829264,False,False,0.0,0.0,0.0
2026-06-24 19:50:00,2026-06-24,19:50:00,0,94,86,0,0,0,0,0.0,0.0,0,0,0,0,0,0,0,0,0,0,0,0,0,0,180.0,19,50,6,175,2,0,385.47327,-205.4732666015625,53.30415476358993,False,False,0.0,0.0,0.0
2026-06-24 20:00:00,2026-06-24,20:00:00,0,94,86,0,0,0,0,0.0,0.0,0,0,0,0,0,0,0,0,0,0,0,0,0,0,0.0,20,0,6,175,2,0,396.41705,-396.41705322265625,100.0,False,False,0.0,0.0,0.0
2026-06-24 20:10:00,2026-06-24,20:10:00,0,94,86,0,0,0,0,0.0,0.0,0,0,0,0,0,0,0,0,0,0,0,0,0,0,0.0,20,10,6,175,2,0,380.72668,-380.7266845703125,100.0,False,False,0.0,0.0,0.0
2026-06-24 20:20:00,2026-06-24,20:20:00,0,94,86,0,0,0,0,0.0,0.0,0,0,0,0,0,0,0,0,0,0,0,0,0,0,0.0,20,20,6,175,2,0,385.4499,-385.44989013671875,100.0,False,False,0.0,0.0,0.0
2026-06-24 20:30:00,2026-06-24,20:30:00,0,94,86,0,0,0,0,0.0,0.0,0,0,0,0,0,0,0,0,0,0,0,0,0,0,0.0,20,30,6,175,2,0,384.95798,-384.9579772949219,100.0,False,False,0.0,0.0,0.0
2026-06-24 20:40:00,2026-06-24,20:40:00,0,94,86,0,0,0,0,0.0,0.0,0,0,0,0,0,0,0,0,0,0,0,0,0,0,0.0,20,40,6,175,2,0,386.48987,-386.4898681640625,100.0,False,False,0.0,0.0,0.0
2026-06-24 20:50:00,2026-06-24,20:50:00,0,94,86,0,0,0,0,0.0,0.0,0,0,0,0,0,0,0,0,0,0,0,0,0,0,0.0,20,50,6,175,2,0,386.20016,-386.2001647949219,100.0,False,False,0.0,0.0,0.0
2026-06-24 21:00:00,2026-06-24,21:00:00,0,94,86,0,0,0,0,0.0,0.0,0,0,0,0,0,0,0,0,0,0,0,0,0,0,0.0,21,0,6,175,2,0,397.06738,-397.0673828125,100.0,False,False,0.0,0.0,0.0
2026-06-24 21:10:00,2026-06-24,21:10:00,0,94,86,0,0,0,0,0.0,0.0,0,0,0,0,0,0,0,0,0,0,0,0,0,0,0.0,21,10,6,175,2,0,381.377,-381.37701416015625,100.0,False,False,0.0,0.0,0.0
2026-06-24 21:20:00,2026-06-24,21:20:00,0,94,86,0,0,0,0,0.0,0.0,0,0,0,0,0,0,0,0,0,0,0,0,0,0,0.0,21,20,6,175,2,0,384.42337,-384.4233703613281,100.0,False,False,0.0,0.0,0.0
2026-06-24 21:40:00,2026-06-24,21:40:00,0,94,86,0,0,0,0,0.0,0.0,0,0,0,0,0,0,0,0,0,0,0,0,0,0,0.0,21,40,6,175,2,0,385.02524,-385.0252380371094,100.0,False,False,0.0,0.0,0.0
2026-06-24 22:00:00,2026-06-24,22:00:00,0,94,86,0,0,0,0,0.0,0.0,0,0,0,0,0,0,0,0,0,0,0,0,0,0,0.0,22,0,6,175,2,0,396.9525,-396.9525146484375,100.0,False,False,0.0,0.0,0.0
2026-06-24 22:10:00,2026-06-24,22:10:00,0,94,86,0,0,0,0,0.0,0.0,0,0,0,0,0,0,0,0,0,0,0,0,0,0,0.0,22,10,6,175,2,0,381.537,-381.5369873046875,100.0,False,False,0.0,0.0,0.0
2026-06-24 22:20:00,2026-06-24,22:20:00,0,94,86,0,0,0,0,0.0,0.0,0,0,0,0,0,0,0,0,0,0,0,0,0,0,0.0,22,20,6,175,2,0,384.44763,-384.4476318359375,100.0,False,False,0.0,0.0,0.0
2026-06-24 22:30:00,2026-06-24,22:30:00,0,94,86,0,0,0,0,0.0,0.0,0,0,0,0,0,0,0,0,0,0,0,0,0,0,0.0,22,30,6,175,2,0,384.9075,-384.9075012207031,100.0,False,False,0.0,0.0,0.0
2026-06-24 22:40:00,2026-06-24,22:40:00,0,94,86,0,0,0,0,0.0,0.0,0,0,0,0,0,0,0,0,0,0,0,0,0,0,0.0,22,40,6,175,2,0,386.6824,-386.6824035644531,100.0,False,False,0.0,0.0,0.0
2026-06-24 22:50:00,2026-06-24,22:50:00,0,94,86,0,0,0,0,0.0,0.0,0,0,0,0,0,0,0,0,0,0,0,0,0,0,0.0,22,50,6,175,2,0,386.3927,-386.3927001953125,100.0,False,False,0.0,0.0,0.0
2026-06-24 23:00:00,2026-06-24,23:00:00,0,94,86,0,0,0,0,0.0,0.0,0,0,0,0,0,0,0,0,0,0,0,0,0,0,0.0,23,0,6,175,2,0,397.19547,-397.1954650878906,100.0,False,False,0.0,0.0,0.0
2026-06-24 23:00:59,2026-06-24,23:00:59,0,94,86,0,0,0,0,0.0,0.0,0,0,0,0,0,0,0,0,0,0,0,0,0,0,0.0,23,0,6,175,2,0,397.19547,-397.1954650878906,100.0,False,False,0.0,0.0,0.0
2026-06-24 23:10:00,2026-06-24,23:10:00,0,94,86,0,0,0,0,0.0,0.0,0,0,0,0,0,0,0,0,0,0,0,0,0,0,0.0,23,10,6,175,2,0,381.77994,-381.7799377441406,100.0,False,False,0.0,0.0,0.0
2026-06-24 23:30:00,2026-06-24,23:30:00,0,94,86,0,0,0,0,0.0,0.0,0,0,0,0,0,0,0,0,0,0,0,0,0,0,0.0,23,30,6,175,2,0,385.15045,-385.15045166015625,100.0,False,False,0.0,0.0,0.0
2026-06-24 23:40:00,2026-06-24,23:40:00,0,94,86,0,0,0,0,0.0,0.0,0,0,0,0,0,0,0,0,0,0,0,0,0,0,0.0,23,40,6,175,2,0,386.6824,-386.6824035644531,100.0,False,False,0.0,0.0,0.0
2026-06-24 23:40:59,2026-06-24,23:40:59,0,94,86,0,0,0,0,0.0,0.0,0,0,0,0,0,0,0,0,0,0,0,0,0,0,0.0,23,40,6,175,2,0,386.6824,-386.6824035644531,100.0,False,False,0.0,0.0,0.0
2026-06-24 23:50:00,2026-06-24,23:50:00,0,94,86,0,0,0,0,0.0,0.0,0,0,0,0,0,0,0,0,0,0,0,0,0,0,0.0,23,50,6,175,2,0,386.3927,-386.3927001953125,100.0,False,False,0.0,0.0,0.0
2026-06-24 23:50:59,2026-06-24,23:50:59,0,94,86,0,0,0,0,0.0,0.0,0,0,0,0,0,0,0,0,0,0,0,0,0,0,0.0,23,50,6,175,2,0,386.3927,-386.3927001953125,100.0,False,False,0.0,0.0,0.0
2026-06-25 00:00:00,2026-06-25,00:00:00,0,94,86,0,0,0,0,0.0,0.0,0,0,0,0,0,0,0,0,0,0,0,0,0,0,0.0,0,0,6,176,3,0,219.71214,-219.71214294433594,100.0,False,False,0.0,0.0,0.0
2026-06-25 00:10:00,2026-06-25,00:10:00,0,94,86,0,0,0,0,0.0,0.0,0,0,0,0,0,0,0,0,0,0,0,0,0,0,0.0,0,10,6,176,3,0,217.02359,-217.02359008789062,100.0,False,False,0.0,0.0,0.0
2026-06-25 00:20:00,2026-06-25,00:20:00,0,94,86,0,0,0,0,0.0,0.0,0,0,0,0,0,0,0,0,0,0,0,0,0,0,0.0,0,20,6,176,3,0,218.61777,-218.61776733398438,100.0,False,False,0.0,0.0,0.0
2026-06-25 00:30:00,2026-06-25,00:30:00,0,94,86,0,0,0,0,0.0,0.0,0,0,0,0,0,0,0,0,0,0,0,0,0,0,0.0,0,30,6,176,3,0,218.59763,-218.59762573242188,100.0,False,False,0.0,0.0,0.0
2026-06-25 00:40:00,2026-06-25,00:40:00,0,94,86,0,0,0,0,0.0,0.0,0,0,0,0,0,0,0,0,0,0,0,0,0,0,0.0,0,40,6,176,3,0,218.5015,-218.50149536132812,100.0,False,False,0.0,0.0,0.0
2026-06-25 00:50:00,2026-06-25,00:50:00,0,94,86,0,0,0,0,0.0,0.0,0,0,0,0,0,0,0,0,0,0,0,0,0,0,0.0,0,50,6,176,3,0,218.16165,-218.16165161132812,100.0,False,False,0.0,0.0,0.0
2026-06-25 00:50:59,2026-06-25,00:50:59,0,94,86,0,0,0,0,0.0,0.0,0,0,0,0,0,0,0,0,0,0,0,0,0,0,0.0,0,50,6,176,3,0,218.16165,-218.16165161132812,100.0,False,False,0.0,0.0,0.0
2026-06-25 01:00:00,2026-06-25,01:00:00,0,94,86,0,0,0,0,0.0,0.0,0,0,0,0,0,0,0,0,0,0,0,0,0,0,0.0,1,0,6,176,3,0,219.71214,-219.71214294433594,100.0,False,False,0.0,0.0,0.0
2026-06-25 01:10:00,2026-06-25,01:10:00,0,94,86,0,0,0,0,0.0,0.0,0,0,0,0,0,0,0,0,0,0,0,0,0,0,0.0,1,10,6,176,3,0,217.02359,-217.02359008789062,100.0,False,False,0.0,0.0,0.0
2026-06-25 01:20:00,2026-06-25,01:20:00,0,94,86,0,0,0,0,0.0,0.0,0,0,0,0,0,0,0,0,0,0,0,0,0,0,0.0,1,20,6,176,3,0,218.64291,-218.64291381835938,100.0,False,False,0.0,0.0,0.0
2026-06-25 01:30:00,2026-06-25,01:30:00,1,94,86,0,0,0,0,0.0,0.0,0,0,0,0,0,0,0,0,0,0,0,0,0,0,0.0,1,30,6,176,3,0,218.74023,-218.740234375,100.0,False,False,0.0,0.0,0.0
2026-06-25 01:40:00,2026-06-25,01:40:00,0,94,86,0,0,0,0,0.0,0.0,0,0,0,0,0,0,0,0,0,0,0,0,0,0,0.0,1,40,6,176,3,0,219.13766,-219.13766479492188,100.0,False,False,0.0,0.0,0.0
2026-06-25 01:50:00,2026-06-25,01:50:00,0,94,86,0,0,0,0,0.0,0.0,0,0,0,0,0,0,0,0,0,0,0,0,0,0,0.0,1,50,6,176,3,0,218.79782,-218.79782104492188,100.0,False,False,0.0,0.0,0.0
2026-06-25 02:00:00,2026-06-25,02:00:00,0,94,86,0,0,0,0,0.0,0.0,0,0,0,0,0,0,0,0,0,0,0,0,0,0,0.0,2,0,6,176,3,0,220.30196,-220.3019561767578,100.0,False,False,0.0,0.0,0.0
2026-06-25 02:10:00,2026-06-25,02:10:00,0,94,86,0,0,0,0,0.0,0.0,0,0,0,0,0,0,0,0,0,0,0,0,0,0,0.0,2,10,6,176,3,0,217.6134,-217.6134033203125,100.0,False,False,0.0,0.0,0.0
2026-06-25 02:20:00,2026-06-25,02:20:00,0,94,86,0,0,0,0,0.0,0.0,0,0,0,0,0,0,0,0,0,0,0,0,0,0,0.0,2,20,6,176,3,0,219.55429,-219.55429077148438,100.0,False,False,0.0,0.0,0.0
2026-06-25 02:30:00,2026-06-25,02:30:00,0,94,86,0,0,0,0,0.0,0.0,0,0,0,0,0,0,0,0,0,0,0,0,0,0,0.0,2,30,6,176,3,0,220.73215,-220.73214721679688,100.0,False,False,0.0,0.0,0.0
2026-06-25 02:40:00,2026-06-25,02:40:00,0,94,86,0,0,0,0,0.0,0.0,0,0,0,0,0,0,0,0,0,0,0,0,0,0,0.0,2,40,6,176,3,0,220.52338,-220.52337646484375,100.0,False,False,0.0,0.0,0.0
2026-06-25 02:50:00,2026-06-25,02:50:00,0,94,86,0,0,0,0,0.0,0.0,0,0,0,0,0,0,0,0,0,0,0,0,0,0,0.0,2,50,6,176,3,0,220.26053,-220.26052856445312,100.0,False,False,0.0,0.0,0.0
2026-06-25 03:00:00,2026-06-25,03:00:00,0,94,86,0,0,0,0,0.0,0.0,0,0,0,0,0,0,0,0,0,0,0,0,0,0,0.0,3,0,6,176,3,0,221.68767,-221.6876678466797,100.0,False,False,0.0,0.0,0.0
2026-06-25 03:10:00,2026-06-25,03:10:00,0,94,86,0,0,0,0,0.0,0.0,0,0,0,0,0,0,0,0,0,0,0,0,0,0,0.0,3,10,6,176,3,0,219.05646,-219.05645751953125,100.0,False,False,0.0,0.0,0.0
2026-06-25 03:10:59,2026-06-25,03:10:59,0,94,86,0,0,0,0,0.0,0.0,0,0,0,0,0,0,0,0,0,0,0,0,0,0,0.0,3,10,6,176,3,0,219.05646,-219.05645751953125,100.0,False,False,0.0,0.0,0.0
2026-06-25 03:20:00,2026-06-25,03:20:00,0,94,86,0,0,0,0,0.0,0.0,0,0,0,0,0,0,0,0,0,0,0,0,0,0,0.0,3,20,6,176,3,0,220.69696,-220.69696044921875,100.0,False,False,0.0,0.0,0.0
2026-06-25 03:30:00,2026-06-25,03:30:00,0,94,86,0,0,0,0,0.0,0.0,0,0,0,0,0,0,0,0,0,0,0,0,0,0,0.0,3,30,6,176,3,0,220.56601,-220.56600952148438,100.0,False,False,0.0,0.0,0.0
2026-06-25 03:30:59,2026-06-25,03:30:59,0,94,86,0,0,0,0,0.0,0.0,0,0,0,0,0,0,0,0,0,0,0,0,0,0,0.0,3,30,6,176,3,0,220.56601,-220.56600952148438,100.0,False,False,0.0,0.0,0.0
2026-06-25 03:40:00,2026-06-25,03:40:00,0,94,86,0,0,0,0,0.0,0.0,0,0,0,0,0,0,0,0,0,0,0,0,0,0,0.0,3,40,6,176,3,0,220.4012,-220.4011993408203,100.0,False,False,0.0,0.0,0.0
2026-06-25 03:50:00,2026-06-25,03:50:00,1,94,86,0,0,0,0,0.0,0.0,0,0,0,0,0,0,0,0,0,0,0,0,0,0,0.0,3,50,6,176,3,0,220.10289,-220.10289001464844,100.0,False,False,0.0,0.0,0.0
2026-06-25 04:00:00,2026-06-25,04:00:00,0,94,86,0,0,0,0,0.0,0.0,0,0,0,0,0,0,0,0,0,0,0,0,0,0,0.0,4,0,6,176,3,0,221.53003,-221.530029296875,100.0,False,False,0.0,0.0,0.0
2026-06-25 04:10:00,2026-06-25,04:10:00,0,94,86,0,0,0,0,0.0,0.0,0,0,0,0,0,0,0,0,0,0,0,0,0,0,0.0,4,10,6,176,3,0,218.8415,-218.8415069580078,100.0,False,False,0.0,0.0,0.0
2026-06-25 04:20:00,2026-06-25,04:20:00,0,94,86,0,0,0,0,0.0,0.0,0,0,0,0,0,0,0,0,0,0,0,0,0,0,0.0,4,20,6,176,3,0,221.04149,-221.04148864746094,100.0,False,False,0.0,0.0,0.0
2026-06-25 04:30:00,2026-06-25,04:30:00,0,94,86,0,0,0,0,0.0,0.0,0,0,0,0,0,0,0,0,0,0,0,0,0,0,0.0,4,30,6,176,3,0,220.1895,-220.1894989013672,100.0,False,False,0.0,0.0,0.0
2026-06-25 04:30:59,2026-06-25,04:30:59,0,94,86,0,0,0,0,0.0,0.0,0,0,0,0,0,0,0,0,0,0,0,0,0,0,0.0,4,30,6,176,3,0,220.1895,-220.1894989013672,100.0,False,False,0.0,0.0,0.0
2026-06-25 04:50:00,2026-06-25,04:50:00,0,94,86,0,0,0,0,0.0,0.0,0,0,0,0,0,0,0,0,0,0,0,0,0,0,0.0,4,50,6,176,3,0,218.01387,-218.0138702392578,100.0,False,False,0.0,0.0,0.0
2026-06-25 05:00:00,2026-06-25,05:00:00,0,94,86,0,0,0,0,0.0,0.0,0,0,0,0,0,0,0,0,0,0,0,0,0,0,180.0,5,0,6,176,3,0,162.73555,17.264450073242188,10.608898965845126,False,False,0.0,0.0,0.0
2026-06-25 05:10:00,2026-06-25,05:10:00,0,94,86,0,0,0,0,0.0,0.0,0,0,0,0,0,0,0,0,0,0,0,0,0,0,180.0,5,10,6,176,3,0,163.624,16.376007080078125,10.008316499214512,False,False,0.0,0.0,0.0
2026-06-25 05:20:00,2026-06-25,05:20:00,0,94,86,0,0,0,0,0.0,0.0,0,0,0,0,0,0,0,0,0,0,0,0,0,0,180.0,5,20,6,176,3,0,169.13333,10.866668701171875,6.424912592759395,False,False,0.0,0.0,0.0
2026-06-25 05:30:00,2026-06-25,05:30:00,1,94,86,0,0,0,0,0.0,0.0,0,0,0,0,0,0,0,0,0,0,0,0,0,0,180.0,5,30,6,176,3,0,178.19579,1.8042144775390625,1.0124899824365643,False,False,0.0,0.0,0.0
2026-06-25 05:40:00,2026-06-25,05:40:00,7,94,86,0,0,0,0,0.0,0.0,0,0,0,0,0,0,0,0,0,0,0,0,0,0,180.0,5,40,6,176,3,0,180.09473,-0.0947265625,0.05259818780264292,False,False,0.0,0.0,0.0
2026-06-25 05:50:00,2026-06-25,05:50:00,14,94,86,0,0,0,0,0.0,0.0,0,0,0,0,0,0,0,0,0,0,0,0,0,0,180.0,5,50,6,176,3,0,179.10938,0.890625,0.4972520282648521,False,False,0.0,0.0,0.0
2026-06-25 06:00:00,2026-06-25,06:00:00,26,94,86,0,0,0,0,0.0,0.0,0,0,0,0,1,0,0,0,0,0,0,0,0,0,181.0,6,0,6,176,3,1,180.88895,0.111053466796875,0.061393174610860225,False,False,0.0,0.0,0.0
2026-06-25 06:00:59,2026-06-25,06:00:59,27,94,86,0,0,0,0,0.0,0.0,0,0,0,0,1,0,0,0,0,0,0,0,0,0,181.0,6,0,6,176,3,1,181.16153,-0.161529541015625,0.08916326850676877,False,False,0.0,0.0,0.0
2026-06-25 06:10:00,2026-06-25,06:10:00,35,94,86,0,0,0,0,0.0,0.0,0,0,0,0,2,0,0,0,1,1,0,0,0,0,184.0,6,10,6,176,3,1,182.32047,1.679534912109375,0.9211993350827221,False,False,0.0,0.0,0.0
2026-06-25 06:20:00,2026-06-25,06:20:00,44,94,86,0,0,0,0,0.0,0.0,0,0,0,0,0,0,0,0,0,0,0,0,0,0,180.0,6,20,6,176,3,1,181.65546,-1.65545654296875,0.9113167170825769,False,False,0.0,0.0,0.0
2026-06-25 06:40:00,2026-06-25,06:40:00,51,94,86,0,0,0,0,0.0,0.0,0,0,1,1,5,0,1,1,1,2,0,0,0,0,192.0,6,40,6,176,3,1,191.32474,0.675262451171875,0.352940482147292,False,False,0.0,0.0,0.0
2026-06-25 06:50:00,2026-06-25,06:50:00,62,94,86,0,0,0,0,0.0,0.0,0,0,1,1,7,0,1,1,2,2,0,0,0,0,195.0,6,50,6,176,3,1,194.49371,0.50628662109375,0.2603100184052834,False,False,0.0,0.0,0.0
2026-06-25 06:50:59,2026-06-25,06:50:59,65,94,86,0,0,0,0,0.0,0.0,0,0,1,1,7,0,1,2,2,2,0,0,0,0,196.0,6,50,6,176,3,1,194.737,1.26300048828125,0.6485672940674255,False,False,0.0,0.0,0.0
2026-06-25 07:00:00,2026-06-25,07:00:00,75,94,86,0,0,0,0,0.0,0.0,0,1,1,1,9,0,1,2,3,3,0,0,0,0,201.0,7,0,6,176,3,1,201.76997,-0.7699737548828125,0.3816096818341283,False,False,0.0,0.0,0.0
2026-06-25 07:10:00,2026-06-25,07:10:00,70,94,86,0,0,0,0,0.0,0.0,0,0,0,0,0,0,0,0,0,0,0,0,0,0,180.0,7,10,6,176,3,1,182.66478,-2.6647796630859375,1.4588360536721756,False,False,0.0,0.0,0.0
2026-06-25 07:10:59,2026-06-25,07:10:59,72,94,86,0,0,0,0,0.0,0.0,0,0,0,0,0,0,0,0,0,0,0,0,0,0,180.0,7,10,6,176,3,1,181.2691,-1.26910400390625,0.7001215187111541,False,False,0.0,0.0,0.0
2026-06-25 07:20:00,2026-06-25,07:20:00,79,94,86,0,0,0,0,0.0,0.0,0,1,2,2,14,0,2,3,4,4,1,0,0,0,213.0,7,20,6,176,3,1,209.28796,3.7120361328125,1.7736500772534292,False,False,0.0,0.0,0.0
2026-06-25 07:20:59,2026-06-25,07:20:59,78,94,86,0,0,0,0,0.0,0.0,0,1,2,2,14,0,2,3,4,4,1,0,0,0,213.0,7,20,6,176,3,1,212.03853,0.9614715576171875,0.4534419120336652,False,False,0.0,0.0,0.0
2026-06-25 07:30:00,2026-06-25,07:30:00,84,94,86,0,0,0,0,0.0,0.0,0,1,2,2,16,0,2,3,4,5,1,0,0,0,216.0,7,30,6,176,3,1,215.6429,0.3571014404296875,0.16559851625767308,False,False,0.0,0.0,0.0
2026-06-25 07:40:00,2026-06-25,07:40:00,91,94,86,0,0,0,0,0.0,0.0,0,1,2,2,17,0,3,4,5,6,2,0,0,0,222.0,7,40,6,176,3,1,219.91295,2.0870513916015625,0.9490352454497799,False,False,0.0,0.0,0.0
2026-06-25 08:00:00,2026-06-25,08:00:00,107,94,86,0,0,0,0,0.0,0.0,0,2,2,2,21,0,4,6,7,8,2,0,0,0,234.0,8,0,6,176,3,1,234.14732,-0.1473236083984375,0.06291919383406237,False,False,0.0,0.0,0.0
2026-06-25 08:10:00,2026-06-25,08:10:00,129,94,86,0,0,0,0,0.0,0.0,1,2,2,2,22,0,4,7,8,9,3,0,0,0,240.0,8,10,6,176,3,1,240.39336,-0.3933563232421875,0.16363028049463454,False,False,0.0,0.0,0.0
2026-06-25 08:10:59,2026-06-25,08:10:59,126,94,86,0,0,0,0,0.0,0.0,1,2,2,2,22,0,4,7,9,9,3,0,0,0,241.0,8,10,6,176,3,1,241.82556,-0.8255615234375,0.34138720416348023,False,False,0.0,0.0,0.0
2026-06-25 08:20:00,2026-06-25,08:20:00,134,94,86,0,0,0,0,0.0,0.0,1,3,2,2,23,0,5,7,9,10,3,0,0,0,245.0,8,20,6,176,3,1,247.16641,-2.166412353515625,0.8764994939591801,False,False,0.0,0.0,0.0
2026-06-25 08:20:59,2026-06-25,08:20:59,135,94,86,0,0,0,0,0.0,0.0,1,3,2,2,23,0,5,8,10,10,3,0,0,0,247.0,8,20,6,176,3,1,247.58635,-0.5863494873046875,0.2368262581999713,False,False,0.0,0.0,0.0
2026-06-25 08:30:00,2026-06-25,08:30:00,137,94,86,0,0,0,0,0.0,0.0,1,3,2,2,24,0,6,8,10,11,3,0,0,0,250.0,8,30,6,176,3,1,247.09457,2.905426025390625,1.1758356238486958,False,False,0.0,0.0,0.0
2026-06-25 08:40:00,2026-06-25,08:40:00,147,94,86,0,0,0,0,0.0,0.0,1,3,3,3,25,0,6,9,11,12,4,0,0,0,257.0,8,40,6,176,3,1,256.55347,0.446533203125,0.17405073831200285,False,False,0.0,0.0,0.0
2026-06-25 08:50:00,2026-06-25,08:50:00,164,94,86,0,0,0,0,0.0,0.0,1,3,3,3,26,0,7,10,12,13,5,0,0,0,263.0,8,50,6,176,3,1,263.9467,-0.946685791015625,0.3586655343591546,False,False,0.0,0.0,0.0
2026-06-25 09:00:00,2026-06-25,09:00:00,275,94,86,0,0,0,0,0.0,0.0,1,4,2,2,26,0,8,10,13,14,5,0,0,0,265.0,9,0,6,176,3,1,265.3516,-0.351593017578125,0.13250081281962903,False,False,0.0,0.0,0.0
2026-06-25 09:10:00,2026-06-25,09:10:00,198,94,86,0,0,0,0,0.0,0.0,0,4,3,3,28,0,9,11,15,16,6,0,0,0,275.0,9,10,6,176,3,1,276.88684,-1.8868408203125,0.6814483543972311,False,False,0.0,0.0,0.0
2026-06-25 09:20:00,2026-06-25,09:20:00,314,94,86,0,0,0,0,0.0,0.0,1,4,2,2,27,0,9,11,14,15,5,0,0,0,270.0,9,20,6,176,3,1,269.74838,0.251617431640625,0.09327856917802291,False,False,0.0,0.0,0.0
2026-06-25 09:30:00,2026-06-25,09:30:00,509,94,86,0,0,0,0,0.0,0.0,2,4,2,2,25,0,9,11,15,16,6,0,0,0,272.0,9,30,6,176,3,1,272.81482,-0.8148193359375,0.2986712151197884,False,False,0.0,0.0,0.0
2026-06-25 09:40:00,2026-06-25,09:40:00,554,94,86,0,0,0,0,0.0,0.0,2,4,2,2,27,0,10,12,17,18,6,0,0,0,280.0,9,40,6,176,3,1,280.64426,-0.644256591796875,0.22956343365827725,False,False,0.0,0.0,0.0
2026-06-25 09:50:00,2026-06-25,09:50:00,607,94,86,0,0,0,0,0.0,0.0,3,5,2,2,28,0,11,13,18,19,7,0,0,0,288.0,9,50,6,176,3,1,285.15985,2.84014892578125,0.9959848537871633,False,False,0.0,0.0,0.0
2026-06-25 10:00:00,2026-06-25,10:00:00,618,94,86,0,0,0,0,0.0,0.0,3,5,2,2,28,0,11,14,19,20,7,0,0,0,291.0,10,0,6,176,3,1,291.22986,-0.2298583984375,0.07892679675825892,False,False,0.0,0.0,0.0
2026-06-25 10:00:59,2026-06-25,10:00:59,619,94,86,0,0,0,0,0.0,0.0,3,5,2,2,29,0,11,13,19,19,7,0,0,0,290.0,10,0,6,176,3,1,290.86264,-0.862640380859375,0.2965799869415413,False,False,0.0,0.0,0.0
2026-06-25 10:10:00,2026-06-25,10:10:00,618,94,86,0,0,0,0,0.0,0.0,3,5,2,2,28,0,11,13,19,20,7,0,0,0,290.0,10,10,6,176,3,1,289.61746,0.382537841796875,0.13208383187472109,False,False,0.0,0.0,0.0
2026-06-25 10:20:00,2026-06-25,10:20:00,694,94,86,0,0,0,0,0.0,0.0,3,5,2,2,30,0,13,15,21,22,8,0,0,0,301.0,10,20,6,176,3,1,299.27185,1.7281494140625,0.5774513742869555,False,False,0.0,0.0,0.0
2026-06-25 10:30:00,2026-06-25,10:30:00,721,94,86,0,0,0,0,0.0,0.0,0,0,0,0,0,0,0,0,0,0,0,0,0,0,180.0,10,30,6,176,3,1,183.92255,-3.92254638671875,2.132716441665143,False,False,0.0,0.0,0.0
2026-06-25 10:40:00,2026-06-25,10:40:00,746,94,86,0,0,0,0,0.0,0.0,0,0,0,0,0,0,0,0,0,0,0,0,0,0,180.0,10,40,6,176,3,1,183.32472,-3.3247222900390625,1.813570067641505,False,False,0.0,0.0,0.0
2026-06-25 10:50:00,2026-06-25,10:50:00,774,94,86,0,0,0,0,0.0,0.0,3,6,2,2,30,0,14,16,23,25,9,0,0,0,310.0,10,50,6,176,3,1,309.61795,0.382049560546875,0.12339386653926776,False,False,0.0,0.0,0.0
2026-06-25 11:00:00,2026-06-25,11:00:00,785,94,86,0,0,0,0,0.0,0.0,3,6,2,2,30,0,14,16,23,25,9,0,0,0,310.0,11,0,6,176,3,1,309.8679,0.132110595703125,0.042634490445944556,False,False,0.0,0.0,0.0
2026-06-25 11:10:00,2026-06-25,11:10:00,453,94,86,0,0,0,0,0.0,0.0,4,6,2,2,30,0,14,16,22,23,7,0,0,0,306.0,11,10,6,176,3,1,303.16663,2.8333740234375,0.9345929863851654,False,False,0.0,0.0,0.0
2026-06-25 11:20:00,2026-06-25,11:20:00,813,94,86,0,0,0,0,0.0,0.0,3,6,2,2,31,0,14,17,24,26,10,0,0,0,315.0,11,20,6,176,3,1,313.1992,1.800811767578125,0.5749733189735349,False,False,0.0,0.0,0.0
2026-06-25 11:20:59,2026-06-25,11:20:59,826,94,86,0,0,0,0,0.0,0.0,4,6,2,2,31,0,15,17,24,26,9,0,0,0,316.0,11,20,6,176,3,1,315.2391,0.760894775390625,0.24137068110521498,False,False,0.0,0.0,0.0
2026-06-25 11:40:00,2026-06-25,11:40:00,819,94,86,0,0,0,0,0.0,0.0,4,6,1,1,29,0,14,17,25,26,9,0,0,0,312.0,11,40,6,176,3,1,310.24637,1.753631591796875,0.565238394503801,False,False,0.0,0.0,0.0
2026-06-25 11:50:00,2026-06-25,11:50:00,267,94,86,0,0,0,0,0.0,0.0,0,2,1,1,10,0,4,5,7,8,2,0,0,0,220.0,11,50,6,176,3,1,220.46289,-0.462890625,0.20996305713298544,False,False,0.0,0.0,0.0
2026-06-25 12:00:00,2026-06-25,12:00:00,920,94,86,0,0,0,0,0.0,0.0,4,7,1,1,0,0,16,19,24,29,11,0,0,0,292.0,12,0,6,176,3,1,292.73883,-0.73883056640625,0.25238557009219525,False,False,0.0,0.0,0.0
2026-06-25 12:10:00,2026-06-25,12:10:00,892,94,86,0,0,0,0,0.0,0.0,4,7,1,1,32,0,15,18,22,28,10,0,0,0,318.0,12,10,6,176,3,1,317.20123,0.79876708984375,0.25181714538606226,False,False,0.0,0.0,0.0
2026-06-25 12:20:00,2026-06-25,12:20:00,919,94,86,0,0,0,0,0.0,0.0,0,7,1,1,0,0,16,19,23,29,10,0,0,0,286.0,12,20,6,176,3,1,287.44388,-1.443878173828125,0.502316550625913,False,False,0.0,0.0,0.0
2026-06-25 12:30:00,2026-06-25,12:30:00,561,94,86,0,0,0,0,0.0,0.0,2,4,1,1,20,0,11,13,18,19,7,0,0,0,276.0,12,30,6,176,3,1,276.06073,-0.06072998046875,0.021998775585736745,False,False,0.0,0.0,0.0
2026-06-25 12:40:00,2026-06-25,12:40:00,651,94,86,0,0,0,0,0.0,0.0,3,6,1,1,24,0,13,14,22,23,8,0,0,0,295.0,12,40,6,176,3,1,294.66742,0.33258056640625,0.11286641972347417,False,False,0.0,0.0,0.0
2026-06-25 12:50:00,2026-06-25,12:50:00,852,94,86,0,0,0,0,0.0,0.0,4,7,1,1,0,0,15,17,22,27,10,0,0,0,284.0,12,50,6,176,3,1,283.91272,0.0872802734375,0.030741938410353713,False,False,0.0,0.0,0.0
2026-06-25 13:00:00,2026-06-25,13:00:00,163,94,86,0,0,0,0,0.0,0.0,0,1,0,0,6,0,2,3,5,5,0,0,0,0,202.0,13,0,6,176,3,1,202.16443,-0.1644287109375,0.0813341456684284,False,False,0.0,0.0,0.0
2026-06-25 13:10:00,2026-06-25,13:10:00,140,94,86,0,0,0,0,0.0,0.0,0,1,0,0,6,0,2,3,4,4,1,0,0,0,201.0,13,10,6,176,3,1,200.28267,0.7173309326171875,0.3581592635835354,False,False,0.0,0.0,0.0
2026-06-25 13:20:00,2026-06-25,13:20:00,119,94,86,0,0,0,0,0.0,0.0,0,1,0,0,5,0,2,2,4,4,0,0,0,0,198.0,13,20,6,176,3,1,196.10623,1.893768310546875,0.9656849220099132,False,False,0.0,0.0,0.0
2026-06-25 13:30:00,2026-06-25,13:30:00,80,94,86,0,0,0,0,0.0,0.0,0,0,0,0,0,0,0,0,0,0,0,0,0,0,180.0,13,30,6,176,3,1,181.25304,-1.2530364990234375,0.6913189004864968,False,False,0.0,0.0,0.0
2026-06-25 13:40:00,2026-06-25,13:40:00,96,94,86,0,0,0,0,0.0,0.0,0,0,0,0,4,0,1,2,3,3,0,0,0,0,193.0,13,40,6,176,3,1,192.80783,0.192169189453125,0.0996687679360651,False,False,0.0,0.0,0.0
2026-06-25 13:40:59,2026-06-25,13:40:59,101,94,86,0,0,0,0,0.0,0.0,0,0,0,0,0,0,1,2,3,3,0,0,0,0,189.0,13,40,6,176,3,1,189.9182,-0.9181976318359375,0.48347006410407306,False,False,0.0,0.0,0.0
2026-06-25 13:50:00,2026-06-25,13:50:00,70,94,86,0,0,0,0,0.0,0.0,0,0,0,0,3,0,1,1,2,2,0,0,0,0,189.0,13,50,6,176,3,1,189.19073,-0.19073486328125,0.1008161754956365,False,False,0.0,0.0,0.0
2026-06-25 14:00:00,2026-06-25,14:00:00,71,94,86,0,0,0,0,0.0,0.0,0,0,0,0,3,0,1,1,2,2,0,0,0,0,189.0,14,0,6,176,3,1,188.48993,0.51007080078125,0.27060904683249476,False,False,0.0,0.0,0.0
2026-06-25 14:10:00,2026-06-25,14:10:00,79,94,86,0,0,0,0,0.0,0.0,0,0,0,0,3,0,1,2,2,3,0,0,0,0,191.0,14,10,6,176,3,1,190.96962,0.0303802490234375,0.015908419916766444,False,False,0.0,0.0,0.0
2026-06-25 14:10:59,2026-06-25,14:10:59,79,94,86,0,0,0,0,0.0,0.0,0,0,0,0,4,0,1,2,3,3,0,0,0,0,193.0,14,10,6,176,3,1,192.66226,0.337738037109375,0.17530056673705405,False,False,0.0,0.0,0.0
2026-06-25 14:40:00,2026-06-25,14:40:00,884,94,86,0,0,0,0,0.0,0.0,3,7,2,2,0,0,16,19,28,29,0,0,0,0,286.0,14,40,6,176,3,1,286.0696,-0.069610595703125,0.024333446519597065,False,False,0.0,0.0,0.0
2026-06-25 14:50:00,2026-06-25,14:50:00,794,94,86,0,0,0,0,0.0,0.0,3,6,2,2,32,0,14,16,24,25,0,0,0,0,304.0,14,50,6,176,3,1,302.90097,1.099029541015625,0.36283460543235335,False,False,0.0,0.0,0.0
2026-06-25 14:50:59,2026-06-25,14:50:59,779,94,86,0,0,0,0,0.0,0.0,3,6,2,2,32,0,14,16,24,25,0,0,0,0,304.0,14,50,6,176,3,1,303.40106,0.59893798828125,0.19740800652112292,False,False,0.0,0.0,0.0
2026-06-25 15:00:00,2026-06-25,15:00:00,745,94,86,0,0,0,0,0.0,0.0,3,5,2,2,31,0,13,15,23,24,0,0,0,0,298.0,15,0,6,176,3,1,297.87463,0.1253662109375,0.04208690392424521,False,False,0.0,0.0,0.0
2026-06-25 15:10:00,2026-06-25,15:10:00,695,94,86,0,0,0,0,0.0,0.0,2,5,2,2,30,0,12,15,22,22,0,0,0,0,292.0,15,10,6,176,3,1,294.816,-2.816009521484375,0.9551752382969425,False,False,0.0,0.0,0.0
2026-06-25 15:10:59,2026-06-25,15:10:59,696,94,86,0,0,0,0,0.0,0.0,2,5,2,2,30,0,12,15,22,23,0,0,0,0,293.0,15,10,6,176,3,1,292.21713,0.782867431640625,0.2679060686003707,False,False,0.0,0.0,0.0
2026-06-25 15:20:00,2026-06-25,15:20:00,657,94,86,0,0,0,0,0.0,0.0,2,0,2,2,22,0,12,14,20,21,0,0,0,0,275.0,15,20,6,176,3,1,273.44946,1.550537109375,0.5670287639201499,False,False,0.0,0.0,0.0
2026-06-25 15:30:00,2026-06-25,15:30:00,630,94,86,0,0,0,0,0.0,0.0,2,0,2,2,29,0,11,13,19,20,0,0,0,0,278.0,15,30,6,176,3,1,279.59683,-1.596832275390625,0.5711195875845314,False,False,0.0,0.0,0.0
2026-06-25 15:40:00,2026-06-25,15:40:00,618,94,86,0,0,0,0,0.0,0.0,2,4,2,2,30,0,11,13,19,19,0,0,0,0,282.0,15,40,6,176,3,1,282.25665,-0.25665283203125,0.09092888669093022,False,False,0.0,0.0,0.0
2026-06-25 15:50:00,2026-06-25,15:50:00,605,94,86,0,0,0,0,0.0,0.0,0,0,2,2,29,0,10,12,19,19,0,0,0,0,273.0,15,50,6,176,3,1,275.26068,-2.26068115234375,0.8212873494607716,False,False,0.0,0.0,0.0
2026-06-25 16:00:00,2026-06-25,16:00:00,587,94,86,0,0,0,0,0.0,0.0,1,4,2,2,28,0,10,12,18,18,0,0,0,0,275.0,16,0,6,176,3,1,274.83615,0.163848876953125,0.059616930408754064,False,False,0.0,0.0,0.0
2026-06-25 16:10:00,2026-06-25,16:10:00,537,94,86,0,0,0,0,0.0,0.0,0,4,2,2,27,0,9,11,16,16,0,0,0,0,267.0,16,10,6,176,3,1,267.81067,-0.8106689453125,0.30270225921359406,False,False,0.0,0.0,0.0
2026-06-25 16:20:00,2026-06-25,16:20:00,452,94,86,0,0,0,0,0.0,0.0,1,3,2,2,24,0,7,9,13,14,0,0,0,0,255.0,16,20,6,176,3,1,255.12947,-0.1294708251953125,0.05074710686168468,False,False,0.0,0.0,0.0
2026-06-25 16:30:00,2026-06-25,16:30:00,404,94,86,0,0,0,0,0.0,0.0,1,3,2,2,23,0,7,8,12,12,0,0,0,0,250.0,16,30,6,176,3,1,249.03624,0.9637603759765625,0.3869960361719149,False,False,0.0,0.0,0.0
2026-06-25 16:40:00,2026-06-25,16:40:00,375,94,86,0,0,0,0,0.0,0.0,1,2,2,2,21,0,6,7,11,11,0,0,0,0,243.0,16,40,6,176,3,1,244.7032,-1.7032012939453125,0.6960273853954909,False,False,0.0,0.0,0.0
2026-06-25 16:50:00,2026-06-25,16:50:00,328,94,86,0,0,0,0,0.0,0.0,1,2,2,2,20,0,5,6,9,10,0,0,0,0,237.0,16,50,6,176,3,1,235.96312,1.0368804931640625,0.43942481152611806,False,False,0.0,0.0,0.0
2026-06-25 17:00:00,2026-06-25,17:00:00,300,94,86,0,0,0,0,0.0,0.0,1,2,2,2,19,0,4,6,8,9,0,0,0,0,233.0,17,0,6,176,3,1,232.52522,0.4747772216796875,0.20418310581829655,False,False,0.0,0.0,0.0
2026-06-25 17:20:00,2026-06-25,17:20:00,241,94,86,0,0,0,0,0.0,0.0,0,1,2,2,16,0,3,4,6,7,0,0,0,0,221.0,17,20,6,176,3,1,218.60535,2.3946533203125,1.0954230336466915,False,False,0.0,0.0,0.0
2026-06-25 17:30:00,2026-06-25,17:30:00,213,94,86,0,0,0,0,0.0,0.0,0,1,1,1,14,0,2,4,6,6,0,0,0,0,215.0,17,30,6,176,3,1,215.88177,-0.88177490234375,0.4084526832997503,False,False,0.0,0.0,0.0
2026-06-25 17:40:00,2026-06-25,17:40:00,172,94,86,0,0,0,0,0.0,0.0,0,0,1,1,0,0,0,1,3,2,0,0,0,0,188.0,17,40,6,176,3,1,187.94353,0.0564727783203125,0.030047737825896377,False,False,0.0,0.0,0.0
2026-06-25 17:40:59,2026-06-25,17:40:59,170,94,86,0,0,0,0,0.0,0.0,0,1,1,1,10,0,2,3,4,4,0,0,0,0,206.0,17,40,6,176,3,1,207.07042,-1.0704193115234375,0.5169349224686043,False,False,0.0,0.0,0.0
2026-06-25 17:50:00,2026-06-25,17:50:00,147,94,86,0,0,0,0,0.0,0.0,0,0,0,0,9,0,2,2,4,4,0,0,0,0,201.0,17,50,6,176,3,1,202.7388,-1.738800048828125,0.857655292627434,False,False,0.0,0.0,0.0
2026-06-25 18:00:00,2026-06-25,18:00:00,125,94,86,0,0,0,0,0.0,0.0,0,0,0,0,7,0,1,2,3,3,0,0,0,0,196.0,18,0,6,176,3,1,195.83313,0.1668701171875,0.08521036113110989,False,False,0.0,0.0,0.0
2026-06-25 18:10:00,2026-06-25,18:10:00,91,94,86,0,0,0,0,0.0,0.0,0,0,0,0,4,0,1,1,2,2,0,0,0,0,190.0,18,10,6,176,3,1,189.39983,0.6001739501953125,0.3168819965217341,False,False,0.0,0.0,0.0
2026-06-25 18:20:00,2026-06-25,18:20:00,44,94,86,0,0,0,0,0.0,0.0,0,0,0,0,2,0,0,0,1,1,0,0,0,0,184.0,18,20,6,176,3,1,183.4379,0.562103271484375,0.3064270150874421,False,False,0.0,0.0,0.0
2026-06-25 18:30:00,2026-06-25,18:30:00,22,94,86,0,0,0,0,0.0,0.0,0,0,0,0,0,0,0,0,0,0,0,0,0,0,180.0,18,30,6,176,3,1,180.38657,-0.386566162109375,0.2142987531355171,False,False,0.0,0.0,0.0
2026-06-25 18:40:00,2026-06-25,18:40:00,15,94,86,0,0,0,0,0.0,0.0,0,0,0,0,0,0,0,0,0,0,0,0,0,0,180.0,18,40,6,176,3,1,180.53055,-0.530548095703125,0.2938827258320127,False,False,0.0,0.0,0.0
2026-06-25 18:50:00,2026-06-25,18:50:00,11,94,86,0,0,0,0,0.0,0.0,0,0,0,0,0,0,0,0,0,0,0,0,0,0,180.0,18,50,6,176,3,1,179.00914,0.9908599853515625,0.553524800616594,False,False,0.0,0.0,0.0
2026-06-25 19:00:00,2026-06-25,19:00:00,7,94,86,0,0,0,0,0.0,0.0,0,0,0,0,0,0,0,0,0,0,0,0,0,0,180.0,19,0,6,176,3,0,180.03984,-0.0398406982421875,0.022128823313592547,False,False,0.0,0.0,0.0
2026-06-25 19:00:59,2026-06-25,19:00:59,7,94,86,0,0,0,0,0.0,0.0,0,0,0,0,0,0,0,0,0,0,0,0,0,0,180.0,19,0,6,176,3,0,178.82857,1.1714324951171875,0.6550589268044112,False,False,0.0,0.0,0.0
2026-06-25 19:10:00,2026-06-25,19:10:00,4,94,86,0,0,0,0,0.0,0.0,0,0,0,0,0,0,0,0,0,0,0,0,0,0,180.0,19,10,6,176,3,0,182.96133,-2.961334228515625,1.6185574077728186,False,False,0.0,0.0,0.0
2026-06-25 19:20:00,2026-06-25,19:20:00,0,94,86,0,0,0,0,0.0,0.0,0,0,0,0,0,0,0,0,0,0,0,0,0,0,180.0,19,20,6,176,3,0,180.57242,-0.572418212890625,0.31700201977455794,False,False,0.0,0.0,0.0
2026-06-25 19:30:00,2026-06-25,19:30:00,0,94,86,0,0,0,0,0.0,0.0,0,0,0,0,0,0,0,0,0,0,0,0,0,0,180.0,19,30,6,176,3,0,171.34,8.660003662109375,5.0542802890175365,False,False,0.0,0.0,0.0
2026-06-25 19:40:00,2026-06-25,19:40:00,0,94,86,0,0,0,0,0.0,0.0,0,0,0,0,0,0,0,0,0,0,0,0,0,0,180.0,19,40,6,176,3,0,167.38657,12.613433837890625,7.535511437444063,False,False,0.0,0.0,0.0
2026-06-25 19:50:00,2026-06-25,19:50:00,0,94,86,0,0,0,0,0.0,0.0,0,0,0,0,0,0,0,0,0,0,0,0,0,0,180.0,19,50,6,176,3,0,181.12686,-1.126861572265625,0.6221394013477299,False,False,0.0,0.0,0.0
2026-06-25 19:50:59,2026-06-25,19:50:59,0,94,86,0,0,0,0,0.0,0.0,0,0,0,0,0,0,0,0,0,0,0,0,0,0,180.0,19,50,6,176,3,0,181.12686,-1.126861572265625,0.6221394013477299,False,False,0.0,0.0,0.0
2026-06-25 20:10:00,2026-06-25,20:10:00,0,94,86,0,0,0,0,0.0,0.0,0,0,0,0,0,0,0,0,0,0,0,0,0,0,0.0,20,10,6,176,3,0,177.81097,-177.81097412109375,100.0,False,False,0.0,0.0,0.0
2026-06-25 20:10:59,2026-06-25,20:10:59,0,94,86,0,0,0,0,0.0,0.0,0,0,0,0,0,0,0,0,0,0,0,0,0,0,0.0,20,10,6,176,3,0,177.81097,-177.81097412109375,100.0,False,False,0.0,0.0,0.0
2026-06-25 20:20:00,2026-06-25,20:20:00,0,94,86,0,0,0,0,0.0,0.0,0,0,0,0,0,0,0,0,0,0,0,0,0,0,0.0,20,20,6,176,3,0,181.65182,-181.65182495117188,100.0,False,False,0.0,0.0,0.0
2026-06-25 20:30:00,2026-06-25,20:30:00,0,94,86,0,0,0,0,0.0,0.0,0,0,0,0,0,0,0,0,0,0,0,0,0,0,0.0,20,30,6,176,3,0,172.32416,-172.32415771484375,100.0,False,False,0.0,0.0,0.0
2026-06-25 20:40:00,2026-06-25,20:40:00,0,94,86,0,0,0,0,0.0,0.0,0,0,0,0,0,0,0,0,0,0,0,0,0,0,0.0,20,40,6,176,3,0,167.36111,-167.36111450195312,100.0,False,False,0.0,0.0,0.0
2026-06-25 20:50:00,2026-06-25,20:50:00,0,94,86,0,0,0,0,0.0,0.0,0,0,0,0,0,0,0,0,0,0,0,0,0,0,0.0,20,50,6,176,3,0,181.00659,-181.006591796875,100.0,False,False,0.0,0.0,0.0
2026-06-25 21:00:00,2026-06-25,21:00:00,0,94,86,0,0,0,0,0.0,0.0,0,0,0,0,0,0,0,0,0,0,0,0,0,0,0.0,21,0,6,176,3,0,188.59201,-188.59201049804688,100.0,False,False,0.0,0.0,0.0
2026-06-25 21:20:00,2026-06-25,21:20:00,0,94,86,0,0,0,0,0.0,0.0,0,0,0,0,0,0,0,0,0,0,0,0,0,0,0.0,21,20,6,176,3,0,182.6969,-182.6968994140625,100.0,False,False,0.0,0.0,0.0
2026-06-25 21:40:00,2026-06-25,21:40:00,0,94,86,0,0,0,0,0.0,0.0,0,0,0,0,0,0,0,0,0,0,0,0,0,0,0.0,21,40,6,176,3,0,168.03159,-168.03158569335938,100.0,False,False,0.0,0.0,0.0
2026-06-25 21:50:00,2026-06-25,21:50:00,0,94,86,0,0,0,0,0.0,0.0,0,0,0,0,0,0,0,0,0,0,0,0,0,0,0.0,21,50,6,176,3,0,181.67706,-181.67706298828125,100.0,False,False,0.0,0.0,0.0
2026-06-25 21:50:59,2026-06-25,21:50:59,0,94,86,0,0,0,0,0.0,0.0,0,0,0,0,0,0,0,0,0,0,0,0,0,0,0.0,21,50,6,176,3,0,181.67706,-181.67706298828125,100.0,False,False,0.0,0.0,0.0
2026-06-25 22:00:00,2026-06-25,22:00:00,0,94,86,0,0,0,0,0.0,0.0,0,0,0,0,0,0,0,0,0,0,0,0,0,0,0.0,22,0,6,176,3,0,188.50778,-188.50778198242188,100.0,False,False,0.0,0.0,0.0
2026-06-25 22:00:59,2026-06-25,22:00:59,0,94,86,0,0,0,0,0.0,0.0,0,0,0,0,0,0,0,0,0,0,0,0,0,0,0.0,22,0,6,176,3,0,188.50778,-188.50778198242188,100.0,False,False,0.0,0.0,0.0
2026-06-25 22:10:00,2026-06-25,22:10:00,0,94,86,0,0,0,0,0.0,0.0,0,0,0,0,0,0,0,0,0,0,0,0,0,0,0.0,22,10,6,176,3,0,178.6652,-178.6652069091797,100.0,False,False,0.0,0.0,0.0
2026-06-25 22:20:00,2026-06-25,22:20:00,0,94,86,0,0,0,0,0.0,0.0,0,0,0,0,0,0,0,0,0,0,0,0,0,0,0.0,22,20,6,176,3,0,182.72116,-182.72116088867188,100.0,False,False,0.0,0.0,0.0
2026-06-25 22:30:00,2026-06-25,22:30:00,0,94,86,0,0,0,0,0.0,0.0,0,0,0,0,0,0,0,0,0,0,0,0,0,0,0.0,22,30,6,176,3,0,173.01886,-173.01885986328125,100.0,False,False,0.0,0.0,0.0
2026-06-25 22:40:00,2026-06-25,22:40:00,0,94,86,0,0,0,0,0.0,0.0,0,0,0,0,0,0,0,0,0,0,0,0,0,0,0.0,22,40,6,176,3,0,168.29881,-168.29881286621094,100.0,False,False,0.0,0.0,0.0
2026-06-25 22:50:00,2026-06-25,22:50:00,0,94,86,0,0,0,0,0.0,0.0,0,0,0,0,0,0,0,0,0,0,0,0,0,0,0.0,22,50,6,176,3,0,181.94429,-181.9442901611328,100.0,False,False,0.0,0.0,0.0
2026-06-25 23:00:00,2026-06-25,23:00:00,0,94,86,0,0,0,0,0.0,0.0,0,0,0,0,0,0,0,0,0,0,0,0,0,0,0.0,23,0,6,176,3,0,188.75078,-188.7507781982422,100.0,False,False,0.0,0.0,0.0
2026-06-25 23:00:59,2026-06-25,23:00:59,0,94,86,0,0,0,0,0.0,0.0,0,0,0,0,0,0,0,0,0,0,0,0,0,0,0.0,23,0,6,176,3,0,188.75078,-188.7507781982422,100.0,False,False,0.0,0.0,0.0
2026-06-25 23:10:00,2026-06-25,23:10:00,0,94,86,0,0,0,0,0.0,0.0,0,0,0,0,0,0,0,0,0,0,0,0,0,0,0.0,23,10,6,176,3,0,178.9082,-178.908203125,100.0,False,False,0.0,0.0,0.0
2026-06-25 23:20:00,2026-06-25,23:20:00,0,94,86,0,0,0,0,0.0,0.0,0,0,0,0,0,0,0,0,0,0,0,0,0,0,0.0,23,20,6,176,3,0,182.96413,-182.96412658691406,100.0,False,False,0.0,0.0,0.0
2026-06-25 23:40:00,2026-06-25,23:40:00,0,94,86,0,0,0,0,0.0,0.0,0,0,0,0,0,0,0,0,0,0,0,0,0,0,0.0,23,40,6,176,3,0,168.29881,-168.29881286621094,100.0,False,False,0.0,0.0,0.0
2026-06-25 23:50:00,2026-06-25,23:50:00,0,94,86,0,0,0,0,0.0,0.0,0,0,0,0,0,0,0,0,0,0,0,0,0,0,0.0,23,50,6,176,3,0,181.94429,-181.9442901611328,100.0,False,False,0.0,0.0,0.0
2026-06-26 00:00:00,2026-06-26,00:00:00,0,94,86,0,0,0,0,0.0,0.0,0,0,0,0,0,0,0,0,0,0,0,0,0,0,0.0,0,0,6,177,4,0,221.7801,-221.7801055908203,100.0,False,False,0.0,0.0,0.0
2026-06-26 00:10:00,2026-06-26,00:10:00,0,94,86,0,0,0,0,0.0,0.0,0,0,0,0,0,0,0,0,0,0,0,0,0,0,0.0,0,10,6,177,4,0,219.5557,-219.55569458007812,100.0,False,False,0.0,0.0,0.0
2026-06-26 00:20:00,2026-06-26,00:20:00,0,94,86,0,0,0,0,0.0,0.0,0,0,0,0,0,0,0,0,0,0,0,0,0,0,0.0,0,20,6,177,4,0,221.168,-221.16799926757812,100.0,False,False,0.0,0.0,0.0
2026-06-26 00:30:59,2026-06-26,00:30:59,0,94,86,0,0,0,0,0.0,0.0,0,0,0,0,0,0,0,0,0,0,0,0,0,0,0.0,0,30,6,177,4,0,221.15823,-221.15823364257812,100.0,False,False,0.0,0.0,0.0
2026-06-26 00:40:00,2026-06-26,00:40:00,0,94,86,0,0,0,0,0.0,0.0,0,0,0,0,0,0,0,0,0,0,0,0,0,0,0.0,0,40,6,177,4,0,221.00293,-221.0029296875,100.0,False,False,0.0,0.0,0.0
2026-06-26 00:50:00,2026-06-26,00:50:00,0,94,86,0,0,0,0,0.0,0.0,0,0,0,0,0,0,0,0,0,0,0,0,0,0,0.0,0,50,6,177,4,0,220.62,-220.6199951171875,100.0,False,False,0.0,0.0,0.0
2026-06-26 01:10:00,2026-06-26,01:10:00,0,94,86,0,0,0,0,0.0,0.0,0,0,0,0,0,0,0,0,0,0,0,0,0,0,0.0,1,10,6,177,4,0,219.5557,-219.55569458007812,100.0,False,False,0.0,0.0,0.0
2026-06-26 01:10:59,2026-06-26,01:10:59,0,94,86,0,0,0,0,0.0,0.0,0,0,0,0,0,0,0,0,0,0,0,0,0,0,0.0,1,10,6,177,4,0,219.5557,-219.55569458007812,100.0,False,False,0.0,0.0,0.0
2026-06-26 01:20:00,2026-06-26,01:20:00,0,94,86,0,0,0,0,0.0,0.0,0,0,0,0,0,0,0,0,0,0,0,0,0,0,0.0,1,20,6,177,4,0,221.19315,-221.19314575195312,100.0,False,False,0.0,0.0,0.0
2026-06-26 01:30:00,2026-06-26,01:30:00,0,94,86,0,0,0,0,0.0,0.0,0,0,0,0,0,0,0,0,0,0,0,0,0,0,0.0,1,30,6,177,4,0,221.30084,-221.30084228515625,100.0,False,False,0.0,0.0,0.0
2026-06-26 01:40:00,2026-06-26,01:40:00,0,94,86,0,0,0,0,0.0,0.0,0,0,0,0,0,0,0,0,0,0,0,0,0,0,0.0,1,40,6,177,4,0,221.28528,-221.2852783203125,100.0,False,False,0.0,0.0,0.0
2026-06-26 01:50:00,2026-06-26,01:50:00,0,94,86,0,0,0,0,0.0,0.0,0,0,0,0,0,0,0,0,0,0,0,0,0,0,0.0,1,50,6,177,4,0,220.90231,-220.90231323242188,100.0,False,False,0.0,0.0,0.0
2026-06-26 02:00:00,2026-06-26,02:00:00,0,94,86,0,0,0,0,0.0,0.0,0,0,0,0,0,0,0,0,0,0,0,0,0,0,0.0,2,0,6,177,4,0,222.48021,-222.48020935058594,100.0,False,False,0.0,0.0,0.0
2026-06-26 02:10:00,2026-06-26,02:10:00,0,94,86,0,0,0,0,0.0,0.0,0,0,0,0,0,0,0,0,0,0,0,0,0,0,0.0,2,10,6,177,4,0,219.79169,-219.79168701171875,100.0,False,False,0.0,0.0,0.0
2026-06-26 02:20:00,2026-06-26,02:20:00,0,94,86,0,0,0,0,0.0,0.0,0,0,0,0,0,0,0,0,0,0,0,0,0,0,0.0,2,20,6,177,4,0,221.7507,-221.75070190429688,100.0,False,False,0.0,0.0,0.0
2026-06-26 02:30:00,2026-06-26,02:30:00,0,94,86,0,0,0,0,0.0,0.0,0,0,0,0,0,0,0,0,0,0,0,0,0,0,0.0,2,30,6,177,4,0,222.9389,-222.93890380859375,100.0,False,False,0.0,0.0,0.0
2026-06-26 02:30:59,2026-06-26,02:30:59,0,94,86,0,0,0,0,0.0,0.0,0,0,0,0,0,0,0,0,0,0,0,0,0,0,0.0,2,30,6,177,4,0,222.9389,-222.93890380859375,100.0,False,False,0.0,0.0,0.0
2026-06-26 02:40:00,2026-06-26,02:40:00,0,94,86,0,0,0,0,0.0,0.0,0,0,0,0,0,0,0,0,0,0,0,0,0,0,0.0,2,40,6,177,4,0,222.776,-222.7760009765625,100.0,False,False,0.0,0.0,0.0
2026-06-26 02:50:00,2026-06-26,02:50:00,0,94,86,0,0,0,0,0.0,0.0,0,0,0,0,0,0,0,0,0,0,0,0,0,0,0.0,2,50,6,177,4,0,222.47003,-222.47003173828125,100.0,False,False,0.0,0.0,0.0
2026-06-26 03:20:00,2026-06-26,03:20:00,0,94,86,0,0,0,0,0.0,0.0,0,0,0,0,0,0,0,0,0,0,0,0,0,0,0.0,3,20,6,177,4,0,222.99838,-222.99838256835938,100.0,False,False,0.0,0.0,0.0
2026-06-26 03:30:00,2026-06-26,03:30:00,0,94,86,0,0,0,0,0.0,0.0,0,0,0,0,0,0,0,0,0,0,0,0,0,0,0.0,3,30,6,177,4,0,222.8778,-222.8778076171875,100.0,False,False,0.0,0.0,0.0
2026-06-26 03:40:00,2026-06-26,03:40:00,0,94,86,0,0,0,0,0.0,0.0,0,0,0,0,0,0,0,0,0,0,0,0,0,0,0.0,3,40,6,177,4,0,222.6538,-222.65379333496094,100.0,False,False,0.0,0.0,0.0
2026-06-26 03:50:00,2026-06-26,03:50:00,0,94,86,0,0,0,0,0.0,0.0,0,0,0,0,0,0,0,0,0,0,0,0,0,0,0.0,3,50,6,177,4,0,222.31242,-222.3124237060547,100.0,False,False,0.0,0.0,0.0
2026-06-26 03:50:59,2026-06-26,03:50:59,0,94,86,0,0,0,0,0.0,0.0,0,0,0,0,0,0,0,0,0,0,0,0,0,0,0.0,3,50,6,177,4,0,222.31242,-222.3124237060547,100.0,False,False,0.0,0.0,0.0
2026-06-26 04:00:00,2026-06-26,04:00:00,0,94,86,0,0,0,0,0.0,0.0,0,0,0,0,0,0,0,0,0,0,0,0,0,0,0.0,4,0,6,177,4,0,223.81332,-223.81332397460938,100.0,False,False,0.0,0.0,0.0
2026-06-26 04:10:00,2026-06-26,04:10:00,0,94,86,0,0,0,0,0.0,0.0,0,0,0,0,0,0,0,0,0,0,0,0,0,0,0.0,4,10,6,177,4,0,221.12477,-221.12477111816406,100.0,False,False,0.0,0.0,0.0
2026-06-26 04:20:00,2026-06-26,04:20:00,0,94,86,0,0,0,0,0.0,0.0,0,0,0,0,0,0,0,0,0,0,0,0,0,0,0.0,4,20,6,177,4,0,223.34291,-223.34291076660156,100.0,False,False,0.0,0.0,0.0
2026-06-26 04:30:00,2026-06-26,04:30:00,0,94,86,0,0,0,0,0.0,0.0,0,0,0,0,0,0,0,0,0,0,0,0,0,0,0.0,4,30,6,177,4,0,222.50127,-222.5012664794922,100.0,False,False,0.0,0.0,0.0
2026-06-26 04:40:00,2026-06-26,04:40:00,0,94,86,0,0,0,0,0.0,0.0,0,0,0,0,0,0,0,0,0,0,0,0,0,0,0.0,4,40,6,177,4,0,222.34596,-222.34596252441406,100.0,False,False,0.0,0.0,0.0
2026-06-26 05:00:00,2026-06-26,05:00:00,0,94,86,0,0,0,0,0.0,0.0,0,0,0,0,0,0,0,0,0,0,0,0,0,0,180.0,5,0,6,177,4,0,165.01842,14.981582641601562,9.07873368404905,False,False,0.0,0.0,0.0
2026-06-26 05:10:00,2026-06-26,05:10:00,0,94,86,0,0,0,0,0.0,0.0,0,0,0,0,0,0,0,0,0,0,0,0,0,0,180.0,5,10,6,177,4,0,165.90689,14.093109130859375,8.494589379036306,False,False,0.0,0.0,0.0
2026-06-26 05:20:00,2026-06-26,05:20:00,0,94,86,0,0,0,0,0.0,0.0,0,0,0,0,0,0,0,0,0,0,0,0,0,0,180.0,5,20,6,177,4,0,170.80344,9.196563720703125,5.38429666348454,False,False,0.0,0.0,0.0
2026-06-26 05:20:59,2026-06-26,05:20:59,0,94,86,0,0,0,0,0.0,0.0,0,0,0,0,0,0,0,0,0,0,0,0,0,0,180.0,5,20,6,177,4,0,170.80344,9.196563720703125,5.38429666348454,False,False,0.0,0.0,0.0
2026-06-26 05:30:00,2026-06-26,05:30:00,3,94,86,0,0,0,0,0.0,0.0,0,0,0,0,0,0,0,0,0,0,0,0,0,0,180.0,5,30,6,177,4,0,179.57175,0.428253173828125,0.23848583165072204,False,False,0.0,0.0,0.0
2026-06-26 05:40:00,2026-06-26,05:40:00,7,94,86,0,0,0,0,0.0,0.0,0,0,0,0,0,0,0,0,0,0,0,0,0,0,180.0,5,40,6,177,4,0,180.27623,-0.2762298583984375,0.15322589041018206,False,False,0.0,0.0,0.0
2026-06-26 05:40:59,2026-06-26,05:40:59,8,94,86,0,0,0,0,0.0,0.0,0,0,0,0,0,0,0,0,0,0,0,0,0,0,180.0,5,40,6,177,4,0,179.80655,0.193450927734375,0.10758836579229693,False,False,0.0,0.0,0.0
2026-06-26 05:50:00,2026-06-26,05:50:00,13,94,86,0,0,0,0,0.0,0.0,0,0,0,0,0,0,0,0,0,0,0,0,0,0,180.0,5,50,6,177,4,0,180.80646,-0.80645751953125,0.44603358231501994,False,False,0.0,0.0,0.0
2026-06-26 06:00:00,2026-06-26,06:00:00,19,94,86,0,0,0,0,0.0,0.0,0,0,0,0,0,0,0,0,0,0,0,0,0,0,180.0,6,0,6,177,4,1,180.91762,-0.9176177978515625,0.5072020121759857,False,False,0.0,0.0,0.0
2026-06-26 06:10:00,2026-06-26,06:10:00,27,94,86,0,0,0,0,0.0,0.0,0,0,0,0,0,0,0,0,0,0,0,0,0,0,180.0,6,10,6,177,4,1,180.39647,-0.3964691162109375,0.21977653894962496,False,False,0.0,0.0,0.0
2026-06-26 06:20:00,2026-06-26,06:20:00,35,94,86,0,0,0,0,0.0,0.0,0,0,0,0,0,0,0,0,1,1,0,0,0,0,182.0,6,20,6,177,4,1,182.04503,-0.0450286865234375,0.024734916876513923,False,False,0.0,0.0,0.0
2026-06-26 06:30:00,2026-06-26,06:30:00,43,94,86,0,0,0,0,0.0,0.0,0,0,0,0,4,0,0,1,1,1,0,0,0,0,187.0,6,30,6,177,4,1,186.47003,0.52996826171875,0.28421095699848614,False,False,0.0,0.0,0.0
2026-06-26 06:50:00,2026-06-26,06:50:00,63,94,86,0,0,0,0,0.0,0.0,0,0,1,1,7,0,1,1,2,2,0,0,0,0,195.0,6,50,6,177,4,1,194.7196,0.2803955078125,0.14399962887339882,False,False,0.0,0.0,0.0
2026-06-26 07:00:00,2026-06-26,07:00:00,67,94,86,0,0,0,0,0.0,0.0,0,0,1,1,9,0,1,2,2,3,0,0,0,0,199.0,7,0,6,177,4,1,197.31415,1.68585205078125,0.8543999851521671,False,False,0.0,0.0,0.0
2026-06-26 07:10:00,2026-06-26,07:10:00,73,94,86,0,0,0,0,0.0,0.0,0,1,2,2,12,0,1,2,3,4,0,0,0,0,207.0,7,10,6,177,4,1,204.45807,2.54193115234375,1.2432530379800115,False,False,0.0,0.0,0.0
2026-06-26 07:30:00,2026-06-26,07:30:00,84,94,86,0,0,0,0,0.0,0.0,0,1,2,2,17,0,2,4,5,5,0,0,0,0,218.0,7,30,6,177,4,1,217.5429,0.4571075439453125,0.21012295036835169,False,False,0.0,0.0,0.0
2026-06-26 07:50:00,2026-06-26,07:50:00,65,94,86,0,0,0,0,0.0,0.0,0,0,0,0,0,0,0,0,0,0,0,0,0,0,180.0,7,50,6,177,4,1,183.6359,-3.635894775390625,1.9799477546793196,False,False,0.0,0.0,0.0
2026-06-26 08:00:00,2026-06-26,08:00:00,105,94,86,0,0,0,0,0.0,0.0,0,2,2,2,21,0,4,6,8,8,0,0,0,0,233.0,8,0,6,177,4,1,234.03531,-1.035308837890625,0.4423729235693034,False,False,0.0,0.0,0.0
2026-06-26 08:10:00,2026-06-26,08:10:00,121,94,86,0,0,0,0,0.0,0.0,1,2,2,2,22,0,4,7,9,10,0,0,0,0,239.0,8,10,6,177,4,1,240.48935,-1.489349365234375,0.6192995112529829,False,False,0.0,0.0,0.0
2026-06-26 08:20:00,2026-06-26,08:20:00,67,94,86,0,0,0,0,0.0,0.0,1,3,2,2,23,0,5,8,10,11,0,0,0,0,245.0,8,20,6,177,4,1,242.425,2.5749969482421875,1.062182908457023,False,False,0.0,0.0,0.0
2026-06-26 08:30:00,2026-06-26,08:30:00,131,94,86,0,0,0,0,0.0,0.0,0,3,2,2,24,0,6,9,11,12,0,0,0,0,249.0,8,30,6,177,4,1,249.18375,-0.183746337890625,0.07373929503470376,False,False,0.0,0.0,0.0
2026-06-26 08:50:00,2026-06-26,08:50:00,158,94,86,0,0,0,0,0.0,0.0,1,3,3,3,26,0,7,10,13,14,0,0,0,0,260.0,8,50,6,177,4,1,259.96558,0.034423828125,0.013241687084847284,False,False,0.0,0.0,0.0
2026-06-26 09:10:00,2026-06-26,09:10:00,204,94,86,0,0,0,0,0.0,0.0,1,4,3,3,27,0,9,11,15,16,0,0,0,0,269.0,9,10,6,177,4,1,268.52695,0.473052978515625,0.17616592441196482,False,False,0.0,0.0,0.0
2026-06-26 09:20:00,2026-06-26,09:20:00,336,94,86,0,0,0,0,0.0,0.0,1,4,3,3,28,0,10,12,16,18,0,0,0,0,275.0,9,20,6,177,4,1,274.9395,0.06048583984375,0.021999689651199472,False,False,0.0,0.0,0.0
2026-06-26 09:30:00,2026-06-26,09:30:00,310,94,86,0,0,0,0,0.0,0.0,0,4,2,2,28,0,5,7,13,12,5,0,0,0,258.0,9,30,6,177,4,1,258.7035,-0.7034912109375,0.27192953896547867,False,False,0.0,0.0,0.0
2026-06-26 09:40:00,2026-06-26,09:40:00,576,94,86,0,0,0,0,0.0,0.0,3,5,2,2,29,0,11,13,18,19,7,0,0,0,289.0,9,40,6,177,4,1,289.19995,-0.199951171875,0.0691394210354367,False,False,0.0,0.0,0.0
2026-06-26 09:50:59,2026-06-26,09:50:59,635,94,86,0,0,0,0,0.0,0.0,3,5,2,2,30,0,12,14,19,20,7,0,0,0,294.0,9,50,6,177,4,1,294.56094,-0.560943603515625,0.19043380179779207,False,False,0.0,0.0,0.0
2026-06-26 10:00:00,2026-06-26,10:00:00,660,94,86,0,0,0,0,0.0,0.0,3,5,2,2,30,0,12,15,21,21,8,0,0,0,299.0,10,0,6,177,4,1,299.75357,-0.753570556640625,0.2513966907020486,False,False,0.0,0.0,0.0
2026-06-26 10:10:00,2026-06-26,10:10:00,698,94,86,0,0,0,0,0.0,0.0,3,5,2,2,30,0,13,15,21,22,8,0,0,0,301.0,10,10,6,177,4,1,301.16565,-0.1656494140625,0.05500275824443518,False,False,0.0,0.0,0.0
2026-06-26 10:30:00,2026-06-26,10:30:00,738,94,86,0,0,0,0,0.0,0.0,0,6,2,2,30,0,13,16,22,24,9,0,0,0,304.0,10,30,6,177,4,1,299.56058,4.439422607421875,1.4819782516322073,False,False,0.0,0.0,0.0
2026-06-26 10:50:00,2026-06-26,10:50:00,764,94,86,0,0,0,0,0.0,0.0,3,6,2,2,30,0,14,16,23,25,9,0,0,0,310.0,10,50,6,177,4,1,307.89032,2.10968017578125,0.685205100629897,False,False,0.0,0.0,0.0
2026-06-26 11:00:00,2026-06-26,11:00:00,798,94,86,0,0,0,0,0.0,0.0,3,6,2,2,31,0,14,17,24,26,9,0,0,0,314.0,11,0,6,177,4,1,315.80496,-1.804962158203125,0.5715433177072518,False,False,0.0,0.0,0.0
2026-06-26 11:00:59,2026-06-26,11:00:59,800,94,86,0,0,0,0,0.0,0.0,3,6,2,2,31,0,14,17,24,26,9,0,0,0,314.0,11,0,6,177,4,1,313.85922,0.140777587890625,0.044853736273448915,False,False,0.0,0.0,0.0
2026-06-26 11:10:00,2026-06-26,11:10:00,819,94,86,0,0,0,0,0.0,0.0,3,6,2,2,31,0,15,17,22,27,9,0,0,0,314.0,11,10,6,177,4,1,314.19177,-0.1917724609375,0.061036754538613035,False,False,0.0,0.0,0.0
2026-06-26 11:20:00,2026-06-26,11:20:00,818,94,86,0,0,0,0,0.0,0.0,3,6,1,1,30,0,15,17,21,27,10,0,0,0,311.0,11,20,6,177,4,1,312.6532,-1.6531982421875,0.5287642191035254,False,False,0.0,0.0,0.0
2026-06-26 11:30:00,2026-06-26,11:30:00,842,94,86,0,0,0,0,0.0,0.0,3,6,1,1,30,0,15,18,22,27,10,0,0,0,313.0,11,30,6,177,4,1,313.43085,-0.43084716796875,0.13746163527352412,False,False,0.0,0.0,0.0
2026-06-26 11:40:00,2026-06-26,11:40:00,841,94,86,0,0,0,0,0.0,0.0,4,6,1,1,31,0,15,18,21,27,10,0,0,0,314.0,11,40,6,177,4,1,314.51453,-0.5145263671875,0.1635938324154872,False,False,0.0,0.0,0.0
2026-06-26 11:50:00,2026-06-26,11:50:00,849,94,86,0,0,0,0,0.0,0.0,4,6,1,1,31,0,15,17,20,27,9,0,0,0,311.0,11,50,6,177,4,1,311.79303,-0.79302978515625,0.2543449369932016,False,False,0.0,0.0,0.0
2026-06-26 11:50:59,2026-06-26,11:50:59,853,94,86,0,0,0,0,0.0,0.0,4,6,1,1,30,0,15,18,21,27,10,0,0,0,313.0,11,50,6,177,4,1,312.0644,0.93560791015625,0.29981245341406565,False,False,0.0,0.0,0.0
2026-06-26 12:00:00,2026-06-26,12:00:00,859,94,86,0,0,0,0,0.0,0.0,4,6,1,1,31,0,15,17,21,27,10,0,0,0,313.0,12,0,6,177,4,1,313.3947,-0.39471435546875,0.12594799382003752,False,False,0.0,0.0,0.0
2026-06-26 12:10:00,2026-06-26,12:10:00,856,94,86,0,0,0,0,0.0,0.0,4,6,1,1,30,0,15,18,22,27,9,0,0,0,313.0,12,10,6,177,4,1,313.0142,-0.014190673828125,0.004533556065805395,False,False,0.0,0.0,0.0
2026-06-26 12:20:00,2026-06-26,12:20:00,890,94,86,0,0,0,0,0.0,0.0,4,7,1,1,31,0,16,18,21,29,10,0,0,0,318.0,12,20,6,177,4,1,317.2144,0.785614013671875,0.24766027279284072,False,False,0.0,0.0,0.0
2026-06-26 12:30:00,2026-06-26,12:30:00,894,94,86,0,0,0,0,0.0,0.0,4,6,1,1,31,0,15,18,20,28,10,0,0,0,314.0,12,30,6,177,4,1,306.67764,7.322357177734375,2.387639708701567,False,False,0.0,0.0,0.0
2026-06-26 12:40:00,2026-06-26,12:40:00,909,94,86,0,0,0,0,0.0,0.0,0,6,1,1,30,0,16,18,22,29,10,0,0,0,313.0,12,40,6,177,4,1,293.7189,19.281097412109375,6.564472780685206,False,False,0.0,0.0,0.0
2026-06-26 12:50:00,2026-06-26,12:50:00,829,94,86,0,0,0,0,0.0,0.0,4,7,1,1,30,0,12,15,18,24,9,0,0,0,301.0,12,50,6,177,4,1,300.0213,0.97869873046875,0.3262097478837054,False,False,0.0,0.0,0.0
2026-06-26 13:00:00,2026-06-26,13:00:00,895,94,86,0,0,0,0,0.0,0.0,4,7,1,1,31,0,15,18,23,28,10,0,0,0,318.0,13,0,6,177,4,1,309.33817,8.661834716796875,2.800118345845509,False,False,0.0,0.0,0.0
2026-06-26 13:10:00,2026-06-26,13:10:00,921,94,86,0,0,0,0,0.0,0.0,4,7,1,1,0,0,16,18,21,29,10,0,0,0,287.0,13,10,6,177,4,1,307.2237,-20.22369384765625,6.5827259591783385,False,False,0.0,0.0,0.0
2026-06-26 13:30:00,2026-06-26,13:30:00,933,94,86,0,0,0,0,0.0,0.0,1,7,1,1,31,0,16,19,23,29,11,0,0,0,319.0,13,30,6,177,4,1,304.04694,14.95306396484375,4.918011725372152,False,False,0.0,0.0,0.0
2026-06-26 13:40:00,2026-06-26,13:40:00,879,94,86,0,0,0,0,0.0,0.0,3,6,2,2,31,0,15,18,22,28,10,0,0,0,317.0,13,40,6,177,4,1,304.74252,12.257476806640625,4.022240374659904,False,False,0.0,0.0,0.0
2026-06-26 13:50:00,2026-06-26,13:50:00,795,94,86,0,0,0,0,0.0,0.0,1,5,1,1,15,0,15,18,21,28,10,0,0,0,295.0,13,50,6,177,4,1,296.51337,-1.51336669921875,0.5103873447816265,False,False,0.0,0.0,0.0
2026-06-26 14:00:00,2026-06-26,14:00:00,857,94,86,0,0,0,0,0.0,0.0,3,6,2,2,32,0,15,18,22,27,10,0,0,0,317.0,14,0,6,177,4,1,280.15295,36.8470458984375,13.15247451757354,False,False,0.0,0.0,0.0
2026-06-26 14:10:00,2026-06-26,14:10:00,841,94,86,0,0,0,0,0.0,0.0,1,6,2,2,32,0,15,17,21,27,9,0,0,0,312.0,14,10,6,177,4,1,303.4574,8.5426025390625,2.8150912156168957,False,False,0.0,0.0,0.0
2026-06-26 14:20:00,2026-06-26,14:20:00,816,94,86,0,0,0,0,0.0,0.0,3,6,2,2,30,0,14,17,21,26,9,0,0,0,310.0,14,20,6,177,4,1,312.70102,-2.701019287109375,0.8637705413519643,False,False,0.0,0.0,0.0
2026-06-26 14:30:59,2026-06-26,14:30:59,821,94,86,0,0,0,0,0.0,0.0,3,6,2,2,32,0,15,17,25,26,8,0,0,0,316.0,14,30,6,177,4,1,311.94473,4.055267333984375,1.2999954509012839,False,False,0.0,0.0,0.0
2026-06-26 14:40:00,2026-06-26,14:40:00,695,94,86,0,0,0,0,0.0,0.0,3,6,2,2,18,0,14,16,22,25,8,0,0,0,296.0,14,40,6,177,4,1,302.92136,-6.921356201171875,2.284869012858691,False,False,0.0,0.0,0.0
2026-06-26 14:50:00,2026-06-26,14:50:00,801,94,86,0,0,0,0,0.0,0.0,1,5,2,2,30,0,14,16,22,25,9,0,0,0,306.0,14,50,6,177,4,1,303.08698,2.91302490234375,0.9611184714899601,False,False,0.0,0.0,0.0
2026-06-26 15:00:00,2026-06-26,15:00:00,724,94,86,0,0,0,0,0.0,0.0,3,5,2,2,29,0,12,15,20,23,8,0,0,0,299.0,15,0,6,177,4,1,302.73935,-3.739349365234375,1.2351712366016567,False,False,0.0,0.0,0.0
2026-06-26 15:10:00,2026-06-26,15:10:00,707,94,86,0,0,0,0,0.0,0.0,3,5,2,2,29,0,12,15,19,22,8,0,0,0,297.0,15,10,6,177,4,1,297.19666,-0.1966552734375,0.06617008298985268,False,False,0.0,0.0,0.0
2026-06-26 15:20:00,2026-06-26,15:20:00,583,94,86,0,0,0,0,0.0,0.0,2,4,2,2,11,0,11,13,20,21,7,0,0,0,273.0,15,20,6,177,4,1,272.7822,0.217803955078125,0.0798453704956085,False,False,0.0,0.0,0.0
2026-06-26 15:30:00,2026-06-26,15:30:00,382,94,86,0,0,0,0,0.0,0.0,2,1,1,1,8,0,4,5,7,7,2,0,0,0,218.0,15,30,6,177,4,1,254.64581,-36.64581298828125,14.390895557339356,False,False,0.0,0.0,0.0
2026-06-26 15:40:00,2026-06-26,15:40:00,252,94,86,0,0,0,0,0.0,0.0,1,1,0,0,8,0,6,7,10,11,2,0,0,0,226.0,15,40,6,177,4,1,251.37819,-25.378189086914062,10.095620936365146,False,False,0.0,0.0,0.0
2026-06-26 15:50:00,2026-06-26,15:50:00,126,94,86,0,0,0,0,0.0,0.0,0,1,0,0,5,0,2,3,4,4,0,0,0,0,199.0,15,50,6,177,4,1,213.56512,-14.56512451171875,6.819992049272789,False,False,0.0,0.0,0.0
2026-06-26 16:00:00,2026-06-26,16:00:00,128,94,86,0,0,0,0,0.0,0.0,0,1,0,0,4,0,2,3,4,4,0,0,0,0,198.0,16,0,6,177,4,1,211.36507,-13.365066528320312,6.323214497003722,False,False,0.0,0.0,0.0
2026-06-26 16:10:00,2026-06-26,16:10:00,122,94,86,0,0,0,0,0.0,0.0,0,1,0,0,4,0,2,2,4,4,0,0,0,0,197.0,16,10,6,177,4,1,218.5682,-21.568206787109375,9.867952482273564,False,False,0.0,0.0,0.0
2026-06-26 16:20:00,2026-06-26,16:20:00,187,94,86,0,0,0,0,0.0,0.0,0,2,1,1,9,0,3,4,5,6,1,0,0,0,212.0,16,20,6,177,4,1,228.6104,-16.610397338867188,7.265810099724266,False,False,0.0,0.0,0.0
2026-06-26 16:40:00,2026-06-26,16:40:00,78,94,86,0,0,0,0,0.0,0.0,0,0,0,0,2,0,1,1,2,2,0,0,0,0,188.0,16,40,6,177,4,1,217.9929,-29.992904663085938,13.758660957080599,False,False,0.0,0.0,0.0
2026-06-26 16:50:00,2026-06-26,16:50:00,57,94,86,0,0,0,0,0.0,0.0,0,0,0,0,2,0,0,1,1,1,0,0,0,0,185.0,16,50,6,177,4,1,179.6123,5.3876953125,2.9996248430049532,False,False,0.0,0.0,0.0
2026-06-26 17:00:00,2026-06-26,17:00:00,82,94,86,0,0,0,0,0.0,0.0,0,0,0,0,4,0,1,1,2,2,0,0,0,0,190.0,17,0,6,177,4,1,177.521,12.47900390625,7.029593220432222,False,False,0.0,0.0,0.0
2026-06-26 17:20:00,2026-06-26,17:20:00,270,94,86,0,0,0,0,0.0,0.0,1,1,1,1,16,0,4,5,8,8,2,0,0,0,227.0,17,20,6,177,4,1,113.32143,113.67857360839844,100.31516300859353,True,False,0.0,0.0,0.0
2026-06-26 17:30:00,2026-06-26,17:30:00,220,94,86,0,0,0,0,0.0,0.0,0,1,1,1,14,0,3,4,6,6,1,0,0,0,217.0,17,30,6,177,4,1,207.51653,9.483474731445312,4.569985315228464,False,False,0.0,0.0,0.0
2026-06-26 17:30:59,2026-06-26,17:30:59,226,94,86,0,0,0,0,0.0,0.0,0,1,1,1,14,0,3,4,6,7,1,0,0,0,218.0,17,30,6,177,4,1,577.67334,-359.67333984375,62.26240939923504,True,False,0.0,0.0,0.0
2026-06-26 17:40:00,2026-06-26,17:40:00,194,94,86,0,0,0,0,0.0,0.0,0,1,1,1,11,0,3,4,5,6,1,0,0,0,213.0,17,40,6,177,4,1,2323.7383,-2110.73828125,90.83373537722925,True,True,2110.73828125,351.78971354166663,2814.317708333333
2026-06-26 18:00:00,2026-06-26,18:00:00,112,94,86,0,0,0,0,0.0,0.0,0,0,0,0,6,0,1,2,3,3,0,0,0,0,195.0,18,0,6,177,4,1,645.33466,-450.33465576171875,69.78311977220062,True,True,450.33465576171875,75.05577596028645,600.4462076822916
2026-06-26 18:10:00,2026-06-26,18:10:00,91,94,86,0,0,0,0,0.0,0.0,0,0,0,0,4,0,1,1,2,2,0,0,0,0,190.0,18,10,6,177,4,1,240.12817,-50.128173828125,20.87559032702465,False,True,50.128173828125,8.354695638020832,66.83756510416666
2026-06-26 18:20:00,2026-06-26,18:20:00,67,94,86,0,0,0,0,0.0,0.0,0,0,0,0,3,0,1,1,2,2,0,0,0,0,189.0,18,20,6,177,4,1,241.36937,-52.36936950683594,21.696775201359078,False,False,0.0,0.0,0.0
2026-06-26 18:40:00,2026-06-26,18:40:00,32,94,86,0,0,0,0,0.0,0.0,0,0,0,0,1,0,0,0,0,1,0,0,0,0,182.0,18,40,6,177,4,1,631.01056,-449.01055908203125,71.15737646850691,True,False,0.0,0.0,0.0
2026-06-26 18:50:00,2026-06-26,18:50:00,15,94,86,0,0,0,0,0.0,0.0,0,0,0,0,0,0,0,0,0,0,0,0,0,0,180.0,18,50,6,177,4,1,654.51764,-474.51763916015625,72.49883131782867,True,False,0.0,0.0,0.0
2026-06-26 19:00:00,2026-06-26,19:00:00,2,94,86,0,0,0,0,0.0,0.0,0,0,0,0,0,0,0,0,0,0,0,0,0,0,180.0,19,0,6,177,4,0,126.65947,53.34053039550781,42.11333788312027,False,False,0.0,0.0,0.0
2026-06-26 19:10:00,2026-06-26,19:10:00,0,94,86,0,0,0,0,0.0,0.0,0,0,0,0,0,0,0,0,0,0,0,0,0,0,180.0,19,10,6,177,4,0,159.29549,20.704513549804688,12.997551915118496,False,False,0.0,0.0,0.0
2026-06-26 19:20:00,2026-06-26,19:20:00,0,94,86,0,0,0,0,0.0,0.0,0,0,0,0,0,0,0,0,0,0,0,0,0,0,180.0,19,20,6,177,4,0,172.42725,7.57275390625,4.391854580877918,False,False,0.0,0.0,0.0
2026-06-26 19:30:00,2026-06-26,19:30:00,0,94,86,0,0,0,0,0.0,0.0,0,0,0,0,0,0,0,0,0,0,0,0,0,0,180.0,19,30,6,177,4,0,162.54684,17.453155517578125,10.737308111487543,False,False,0.0,0.0,0.0
2026-06-26 19:50:00,2026-06-26,19:50:00,0,94,86,0,0,0,0,0.0,0.0,0,0,0,0,0,0,0,0,0,0,0,0,0,0,180.0,19,50,6,177,4,0,175.21286,4.787139892578125,2.732185234373299,False,False,0.0,0.0,0.0
2026-06-26 20:00:00,2026-06-26,20:00:00,0,94,86,0,0,0,0,0.0,0.0,0,0,0,0,0,0,0,0,0,0,0,0,0,0,0.0,20,0,6,177,4,0,178.6595,-178.6595001220703,100.0,False,False,0.0,0.0,0.0
2026-06-26 20:20:00,2026-06-26,20:20:00,0,94,86,0,0,0,0,0.0,0.0,0,0,0,0,0,0,0,0,0,0,0,0,0,0,0.0,20,20,6,177,4,0,172.8652,-172.86520385742188,100.0,False,False,0.0,0.0,0.0
2026-06-26 20:30:00,2026-06-26,20:30:00,0,94,86,0,0,0,0,0.0,0.0,0,0,0,0,0,0,0,0,0,0,0,0,0,0,0.0,20,30,6,177,4,0,162.88956,-162.88955688476562,100.0,False,False,0.0,0.0,0.0
2026-06-26 20:40:00,2026-06-26,20:40:00,0,94,86,0,0,0,0,0.0,0.0,0,0,0,0,0,0,0,0,0,0,0,0,0,0,0.0,20,40,6,177,4,0,161.4902,-161.49020385742188,100.0,False,False,0.0,0.0,0.0
2026-06-26 21:00:00,2026-06-26,21:00:00,0,94,86,0,0,0,0,0.0,0.0,0,0,0,0,0,0,0,0,0,0,0,0,0,0,0.0,21,0,6,177,4,0,179.25916,-179.2591552734375,100.0,False,False,0.0,0.0,0.0
2026-06-26 21:10:00,2026-06-26,21:10:00,0,94,86,0,0,0,0,0.0,0.0,0,0,0,0,0,0,0,0,0,0,0,0,0,0,0.0,21,10,6,177,4,0,169.60585,-169.60585021972656,100.0,False,False,0.0,0.0,0.0
2026-06-26 21:20:00,2026-06-26,21:20:00,0,94,86,0,0,0,0,0.0,0.0,0,0,0,0,0,0,0,0,0,0,0,0,0,0,0.0,21,20,6,177,4,0,173.84634,-173.84634399414062,100.0,False,False,0.0,0.0,0.0
2026-06-26 21:30:00,2026-06-26,21:30:00,0,94,86,0,0,0,0,0.0,0.0,0,0,0,0,0,0,0,0,0,0,0,0,0,0,0.0,21,30,6,177,4,0,163.49606,-163.49606323242188,100.0,False,False,0.0,0.0,0.0
2026-06-26 21:40:00,2026-06-26,21:40:00,0,94,86,0,0,0,0,0.0,0.0,0,0,0,0,0,0,0,0,0,0,0,0,0,0,0.0,21,40,6,177,4,0,162.09671,-162.09671020507812,100.0,False,False,0.0,0.0,0.0
2026-06-26 21:50:00,2026-06-26,21:50:00,0,94,86,0,0,0,0,0.0,0.0,0,0,0,0,0,0,0,0,0,0,0,0,0,0,0.0,21,50,6,177,4,0,175.69907,-175.69906616210938,100.0,False,False,0.0,0.0,0.0
2026-06-26 22:00:00,2026-06-26,22:00:00,0,94,86,0,0,0,0,0.0,0.0,0,0,0,0,0,0,0,0,0,0,0,0,0,0,0.0,22,0,6,177,4,0,179.17493,-179.1749267578125,100.0,False,False,0.0,0.0,0.0
2026-06-26 22:10:00,2026-06-26,22:10:00,0,94,86,0,0,0,0,0.0,0.0,0,0,0,0,0,0,0,0,0,0,0,0,0,0,0.0,22,10,6,177,4,0,169.7965,-169.79649353027344,100.0,False,False,0.0,0.0,0.0
2026-06-26 22:20:00,2026-06-26,22:20:00,0,94,86,0,0,0,0,0.0,0.0,0,0,0,0,0,0,0,0,0,0,0,0,0,0,0.0,22,20,6,177,4,0,173.87057,-173.87057495117188,100.0,False,False,0.0,0.0,0.0
2026-06-26 22:20:59,2026-06-26,22:20:59,0,94,86,0,0,0,0,0.0,0.0,0,0,0,0,0,0,0,0,0,0,0,0,0,0,0.0,22,20,6,177,4,0,173.87057,-173.87057495117188,100.0,False,False,0.0,0.0,0.0
2026-06-26 22:30:00,2026-06-26,22:30:00,2,94,86,0,0,0,0,0.0,0.0,0,0,0,0,0,0,0,0,0,0,0,0,0,0,180.0,22,30,6,177,4,0,163.52032,16.47967529296875,10.078059300881597,False,False,0.0,0.0,0.0
2026-06-26 22:40:00,2026-06-26,22:40:00,0,94,86,0,0,0,0,0.0,0.0,0,0,0,0,0,0,0,0,0,0,0,0,0,0,0.0,22,40,6,177,4,0,162.36394,-162.3639373779297,100.0,False,False,0.0,0.0,0.0
2026-06-26 22:50:00,2026-06-26,22:50:00,0,94,86,0,0,0,0,0.0,0.0,0,0,0,0,0,0,0,0,0,0,0,0,0,0,0.0,22,50,6,177,4,0,175.9663,-175.96629333496094,100.0,False,False,0.0,0.0,0.0
2026-06-26 23:00:00,2026-06-26,23:00:00,0,94,86,0,0,0,0,0.0,0.0,0,0,0,0,0,0,0,0,0,0,0,0,0,0,0.0,23,0,6,177,4,0,179.41792,-179.4179229736328,100.0,False,False,0.0,0.0,0.0
2026-06-26 23:10:00,2026-06-26,23:10:00,0,94,86,0,0,0,0,0.0,0.0,0,0,0,0,0,0,0,0,0,0,0,0,0,0,0.0,23,10,6,177,4,0,170.03949,-170.03948974609375,100.0,False,False,0.0,0.0,0.0
2026-06-26 23:20:00,2026-06-26,23:20:00,0,94,86,0,0,0,0,0.0,0.0,0,0,0,0,0,0,0,0,0,0,0,0,0,0,0.0,23,20,6,177,4,0,174.11357,-174.1135711669922,100.0,False,False,0.0,0.0,0.0
2026-06-26 23:30:00,2026-06-26,23:30:00,0,94,86,0,0,0,0,0.0,0.0,0,0,0,0,0,0,0,0,0,0,0,0,0,0,0.0,23,30,6,177,4,0,163.76329,-163.76329040527344,100.0,False,False,0.0,0.0,0.0
2026-06-26 23:30:59,2026-06-26,23:30:59,0,94,86,0,0,0,0,0.0,0.0,0,0,0,0,0,0,0,0,0,0,0,0,0,0,0.0,23,30,6,177,4,0,163.76329,-163.76329040527344,100.0,False,False,0.0,0.0,0.0
2026-06-26 23:40:00,2026-06-26,23:40:00,0,94,86,0,0,0,0,0.0,0.0,0,0,0,0,0,0,0,0,0,0,0,0,0,0,0.0,23,40,6,177,4,0,162.36394,-162.3639373779297,100.0,False,False,0.0,0.0,0.0
2026-06-26 23:50:00,2026-06-26,23:50:00,0,94,86,0,0,0,0,0.0,0.0,0,0,0,0,0,0,0,0,0,0,0,0,0,0,0.0,23,50,6,177,4,0,175.9663,-175.96629333496094,100.0,False,False,0.0,0.0,0.0
2026-06-27 00:00:00,2026-06-27,00:00:00,0,94,86,0,0,0,0,0.0,0.0,0,0,0,0,0,0,0,0,0,0,0,0,0,0,0.0,0,0,6,178,5,0,221.7801,-221.7801055908203,100.0,False,False,0.0,0.0,0.0
2026-06-27 00:10:00,2026-06-27,00:10:00,0,94,86,0,0,0,0,0.0,0.0,0,0,0,0,0,0,0,0,0,0,0,0,0,0,0.0,0,10,6,178,5,0,219.5557,-219.55569458007812,100.0,False,False,0.0,0.0,0.0
2026-06-27 00:20:00,2026-06-27,00:20:00,0,94,86,0,0,0,0,0.0,0.0,0,0,0,0,0,0,0,0,0,0,0,0,0,0,0.0,0,20,6,178,5,0,221.168,-221.16799926757812,100.0,False,False,0.0,0.0,0.0
2026-06-27 00:30:00,2026-06-27,00:30:00,0,94,86,0,0,0,0,0.0,0.0,0,0,0,0,0,0,0,0,0,0,0,0,0,0,0.0,0,30,6,178,5,0,221.15823,-221.15823364257812,100.0,False,False,0.0,0.0,0.0
2026-06-27 00:30:59,2026-06-27,00:30:59,0,94,86,0,0,0,0,0.0,0.0,0,0,0,0,0,0,0,0,0,0,0,0,0,0,0.0,0,30,6,178,5,0,221.15823,-221.15823364257812,100.0,False,False,0.0,0.0,0.0
2026-06-27 00:40:00,2026-06-27,00:40:00,0,94,86,0,0,0,0,0.0,0.0,0,0,0,0,0,0,0,0,0,0,0,0,0,0,0.0,0,40,6,178,5,0,221.00293,-221.0029296875,100.0,False,False,0.0,0.0,0.0
2026-06-27 00:50:00,2026-06-27,00:50:00,0,94,86,0,0,0,0,0.0,0.0,0,0,0,0,0,0,0,0,0,0,0,0,0,0,0.0,0,50,6,178,5,0,220.62,-220.6199951171875,100.0,False,False,0.0,0.0,0.0
2026-06-27 01:00:00,2026-06-27,01:00:00,0,94,86,0,0,0,0,0.0,0.0,0,0,0,0,0,0,0,0,0,0,0,0,0,0,0.0,1,0,6,178,5,0,221.7801,-221.7801055908203,100.0,False,False,0.0,0.0,0.0
2026-06-27 01:10:00,2026-06-27,01:10:00,0,94,86,0,0,0,0,0.0,0.0,0,0,0,0,0,0,0,0,0,0,0,0,0,0,0.0,1,10,6,178,5,0,219.5557,-219.55569458007812,100.0,False,False,0.0,0.0,0.0
2026-06-27 01:30:00,2026-06-27,01:30:00,0,94,86,0,0,0,0,0.0,0.0,0,0,0,0,0,0,0,0,0,0,0,0,0,0,0.0,1,30,6,178,5,0,221.30084,-221.30084228515625,100.0,False,False,0.0,0.0,0.0
2026-06-27 01:40:00,2026-06-27,01:40:00,1,94,86,0,0,0,0,0.0,0.0,0,0,0,0,0,0,0,0,0,0,0,0,0,0,0.0,1,40,6,178,5,0,221.28528,-221.2852783203125,100.0,False,False,0.0,0.0,0.0
2026-06-27 01:40:59,2026-06-27,01:40:59,0,94,86,0,0,0,0,0.0,0.0,0,0,0,0,0,0,0,0,0,0,0,0,0,0,0.0,1,40,6,178,5,0,221.28528,-221.2852783203125,100.0,False,False,0.0,0.0,0.0
2026-06-27 01:50:00,2026-06-27,01:50:00,0,94,86,0,0,0,0,0.0,0.0,0,0,0,0,0,0,0,0,0,0,0,0,0,0,0.0,1,50,6,178,5,0,220.90231,-220.90231323242188,100.0,False,False,0.0,0.0,0.0
2026-06-27 02:00:00,2026-06-27,02:00:00,0,94,86,0,0,0,0,0.0,0.0,0,0,0,0,0,0,0,0,0,0,0,0,0,0,0.0,2,0,6,178,5,0,222.48021,-222.48020935058594,100.0,False,False,0.0,0.0,0.0
2026-06-27 02:20:00,2026-06-27,02:20:00,0,94,86,0,0,0,0,0.0,0.0,0,0,0,0,0,0,0,0,0,0,0,0,0,0,0.0,2,20,6,178,5,0,221.7507,-221.75070190429688,100.0,False,False,0.0,0.0,0.0
2026-06-27 02:30:00,2026-06-27,02:30:00,2,94,86,0,0,0,0,0.0,0.0,0,0,0,0,0,0,0,0,0,0,0,0,0,0,180.0,2,30,6,178,5,0,222.9389,-42.93890380859375,19.260390660868836,False,False,0.0,0.0,0.0
2026-06-27 02:30:59,2026-06-27,02:30:59,0,94,86,0,0,0,0,0.0,0.0,0,0,0,0,0,0,0,0,0,0,0,0,0,0,0.0,2,30,6,178,5,0,222.9389,-222.93890380859375,100.0,False,False,0.0,0.0,0.0
2026-06-27 02:40:00,2026-06-27,02:40:00,0,94,86,0,0,0,0,0.0,0.0,0,0,0,0,0,0,0,0,0,0,0,0,0,0,0.0,2,40,6,178,5,0,222.776,-222.7760009765625,100.0,False,False,0.0,0.0,0.0
2026-06-27 02:40:59,2026-06-27,02:40:59,0,94,86,0,0,0,0,0.0,0.0,0,0,0,0,0,0,0,0,0,0,0,0,0,0,0.0,2,40,6,178,5,0,222.776,-222.7760009765625,100.0,False,False,0.0,0.0,0.0
2026-06-27 02:50:00,2026-06-27,02:50:00,0,94,86,0,0,0,0,0.0,0.0,0,0,0,0,0,0,0,0,0,0,0,0,0,0,0.0,2,50,6,178,5,0,222.47003,-222.47003173828125,100.0,False,False,0.0,0.0,0.0
2026-06-27 03:00:00,2026-06-27,03:00:00,0,94,86,0,0,0,0,0.0,0.0,0,0,0,0,0,0,0,0,0,0,0,0,0,0,0.0,3,0,6,178,5,0,223.97093,-223.97093200683594,100.0,False,False,0.0,0.0,0.0
2026-06-27 03:10:00,2026-06-27,03:10:00,0,94,86,0,0,0,0,0.0,0.0,0,0,0,0,0,0,0,0,0,0,0,0,0,0,0.0,3,10,6,178,5,0,221.33972,-221.3397216796875,100.0,False,False,0.0,0.0,0.0
2026-06-27 03:20:00,2026-06-27,03:20:00,0,94,86,0,0,0,0,0.0,0.0,0,0,0,0,0,0,0,0,0,0,0,0,0,0,0.0,3,20,6,178,5,0,222.99838,-222.99838256835938,100.0,False,False,0.0,0.0,0.0
2026-06-27 03:30:00,2026-06-27,03:30:00,0,94,86,0,0,0,0,0.0,0.0,0,0,0,0,0,0,0,0,0,0,0,0,0,0,0.0,3,30,6,178,5,0,222.8778,-222.8778076171875,100.0,False,False,0.0,0.0,0.0
2026-06-27 03:30:59,2026-06-27,03:30:59,0,94,86,0,0,0,0,0.0,0.0,0,0,0,0,0,0,0,0,0,0,0,0,0,0,0.0,3,30,6,178,5,0,222.8778,-222.8778076171875,100.0,False,False,0.0,0.0,0.0
2026-06-27 03:40:00,2026-06-27,03:40:00,0,94,86,0,0,0,0,0.0,0.0,0,0,0,0,0,0,0,0,0,0,0,0,0,0,0.0,3,40,6,178,5,0,222.6538,-222.65379333496094,100.0,False,False,0.0,0.0,0.0
2026-06-27 03:50:00,2026-06-27,03:50:00,0,94,86,0,0,0,0,0.0,0.0,0,0,0,0,0,0,0,0,0,0,0,0,0,0,0.0,3,50,6,178,5,0,222.31242,-222.3124237060547,100.0,False,False,0.0,0.0,0.0
2026-06-27 04:00:00,2026-06-27,04:00:00,0,94,86,0,0,0,0,0.0,0.0,0,0,0,0,0,0,0,0,0,0,0,0,0,0,0.0,4,0,6,178,5,0,223.81332,-223.81332397460938,100.0,False,False,0.0,0.0,0.0
2026-06-27 04:00:59,2026-06-27,04:00:59,0,94,86,0,0,0,0,0.0,0.0,0,0,0,0,0,0,0,0,0,0,0,0,0,0,0.0,4,0,6,178,5,0,223.81332,-223.81332397460938,100.0,False,False,0.0,0.0,0.0
2026-06-27 04:10:00,2026-06-27,04:10:00,0,94,86,0,0,0,0,0.0,0.0,0,0,0,0,0,0,0,0,0,0,0,0,0,0,0.0,4,10,6,178,5,0,221.12477,-221.12477111816406,100.0,False,False,0.0,0.0,0.0
2026-06-27 04:20:59,2026-06-27,04:20:59,0,94,86,0,0,0,0,0.0,0.0,0,0,0,0,0,0,0,0,0,0,0,0,0,0,0.0,4,20,6,178,5,0,223.34291,-223.34291076660156,100.0,False,False,0.0,0.0,0.0
2026-06-27 04:30:00,2026-06-27,04:30:00,0,94,86,0,0,0,0,0.0,0.0,0,0,0,0,0,0,0,0,0,0,0,0,0,0,0.0,4,30,6,178,5,0,222.50127,-222.5012664794922,100.0,False,False,0.0,0.0,0.0
2026-06-27 04:40:00,2026-06-27,04:40:00,0,94,86,0,0,0,0,0.0,0.0,0,0,0,0,0,0,0,0,0,0,0,0,0,0,0.0,4,40,6,178,5,0,222.34596,-222.34596252441406,100.0,False,False,0.0,0.0,0.0
2026-06-27 04:50:00,2026-06-27,04:50:00,0,94,86,0,0,0,0,0.0,0.0,0,0,0,0,0,0,0,0,0,0,0,0,0,0,0.0,4,50,6,178,5,0,220.22337,-220.22337341308594,100.0,False,False,0.0,0.0,0.0
2026-06-27 04:50:59,2026-06-27,04:50:59,0,94,86,0,0,0,0,0.0,0.0,0,0,0,0,0,0,0,0,0,0,0,0,0,0,0.0,4,50,6,178,5,0,220.22337,-220.22337341308594,100.0,False,False,0.0,0.0,0.0
2026-06-27 05:00:00,2026-06-27,05:00:00,0,94,86,0,0,0,0,0.0,0.0,0,0,0,0,0,0,0,0,0,0,0,0,0,0,180.0,5,0,6,178,5,0,165.01842,14.981582641601562,9.07873368404905,False,False,0.0,0.0,0.0
2026-06-27 05:10:00,2026-06-27,05:10:00,0,94,86,0,0,0,0,0.0,0.0,0,0,0,0,0,0,0,0,0,0,0,0,0,0,180.0,5,10,6,178,5,0,165.90689,14.093109130859375,8.494589379036306,False,False,0.0,0.0,0.0
2026-06-27 05:20:00,2026-06-27,05:20:00,0,94,86,0,0,0,0,0.0,0.0,0,0,0,0,0,0,0,0,0,0,0,0,0,0,180.0,5,20,6,178,5,0,170.80344,9.196563720703125,5.38429666348454,False,False,0.0,0.0,0.0
2026-06-27 05:30:00,2026-06-27,05:30:00,0,94,86,0,0,0,0,0.0,0.0,0,0,0,0,0,0,0,0,0,0,0,0,0,0,180.0,5,30,6,178,5,0,179.43648,0.5635223388671875,0.31405115961504987,False,False,0.0,0.0,0.0
2026-06-27 05:40:00,2026-06-27,05:40:00,3,94,86,0,0,0,0,0.0,0.0,0,0,0,0,0,0,0,0,0,0,0,0,0,0,180.0,5,40,6,178,5,0,179.03854,0.961456298828125,0.5370107904993152,False,False,0.0,0.0,0.0
2026-06-27 05:50:00,2026-06-27,05:50:00,7,94,86,0,0,0,0,0.0,0.0,0,0,0,0,0,0,0,0,0,0,0,0,0,0,180.0,5,50,6,178,5,0,179.70389,0.296112060546875,0.16477777077735947,False,False,0.0,0.0,0.0
2026-06-27 06:00:00,2026-06-27,06:00:00,15,94,86,0,0,0,0,0.0,0.0,0,0,0,0,0,0,0,0,0,0,0,0,0,0,180.0,6,0,6,178,5,1,178.20789,1.7921142578125,1.0056312886204952,False,False,0.0,0.0,0.0
2026-06-27 06:10:00,2026-06-27,06:10:00,25,94,86,0,0,0,0,0.0,0.0,0,0,0,0,0,0,0,0,0,0,0,0,0,0,180.0,6,10,6,178,5,1,180.3213,-0.3213043212890625,0.17818433739619347,False,False,0.0,0.0,0.0
2026-06-27 06:30:59,2026-06-27,06:30:59,48,94,86,0,0,0,0,0.0,0.0,0,0,0,0,2,0,0,1,1,1,0,0,0,0,185.0,6,30,6,178,5,1,193.94974,-8.949737548828125,4.614462314791722,False,False,0.0,0.0,0.0
2026-06-27 06:40:00,2026-06-27,06:40:00,50,94,86,0,0,0,0,0.0,0.0,0,0,0,0,3,0,0,1,1,1,0,0,0,0,186.0,6,40,6,178,5,1,191.42795,-5.427947998046875,2.8355044573231574,False,False,0.0,0.0,0.0
2026-06-27 06:50:00,2026-06-27,06:50:00,68,94,86,0,0,0,0,0.0,0.0,0,0,0,0,5,0,1,1,2,2,0,0,0,0,191.0,6,50,6,178,5,1,196.20432,-5.204315185546875,2.6524978212763815,False,False,0.0,0.0,0.0
2026-06-27 07:00:00,2026-06-27,07:00:00,78,94,86,0,0,0,0,0.0,0.0,0,0,1,1,7,0,1,2,3,3,0,0,0,0,198.0,7,0,6,178,5,1,203.96637,-5.96636962890625,2.9251732232923424,False,False,0.0,0.0,0.0
2026-06-27 07:10:00,2026-06-27,07:10:00,90,94,86,0,0,0,0,0.0,0.0,0,0,0,0,0,0,0,0,0,0,0,0,0,0,180.0,7,10,6,178,5,1,207.94981,-27.949813842773438,13.440653456850754,False,False,0.0,0.0,0.0
2026-06-27 07:20:00,2026-06-27,07:20:00,93,94,86,0,0,0,0,0.0,0.0,0,1,1,1,10,0,2,3,4,4,0,0,0,0,206.0,7,20,6,178,5,1,216.72133,-10.721328735351562,4.947057494485867,False,False,0.0,0.0,0.0
2026-06-27 07:30:00,2026-06-27,07:30:00,56,94,86,0,0,0,0,0.0,0.0,0,1,1,1,11,0,2,3,4,5,1,0,0,0,209.0,7,30,6,178,5,1,195.04509,13.954910278320312,7.154709866438229,False,False,0.0,0.0,0.0
2026-06-27 07:40:00,2026-06-27,07:40:00,118,94,86,0,0,0,0,0.0,0.0,0,0,0,0,0,0,0,0,0,0,0,0,0,0,180.0,7,40,6,178,5,1,235.67265,-55.67265319824219,23.622873694815873,False,False,0.0,0.0,0.0
2026-06-27 07:50:00,2026-06-27,07:50:00,126,94,86,0,0,0,0,0.0,0.0,0,1,1,1,14,0,3,4,6,6,1,0,0,0,217.0,7,50,6,178,5,1,246.60576,-29.605758666992188,12.005298995053385,False,False,0.0,0.0,0.0
2026-06-27 08:00:00,2026-06-27,08:00:00,137,94,86,0,0,0,0,0.0,0.0,0,0,2,2,15,0,3,0,0,0,1,0,0,0,203.0,8,0,6,178,5,1,243.58203,-40.58203125,16.66051926808538,False,False,0.0,0.0,0.0
2026-06-27 08:10:00,2026-06-27,08:10:00,150,94,86,0,0,0,0,0.0,0.0,1,2,2,2,18,0,4,6,8,9,3,0,0,0,235.0,8,10,6,178,5,1,238.03664,-3.0366363525390625,1.2757012529960798,False,False,0.0,0.0,0.0
2026-06-27 08:20:00,2026-06-27,08:20:00,157,94,86,0,0,0,0,0.0,0.0,1,2,2,2,19,0,5,7,9,9,2,0,0,0,238.0,8,20,6,178,5,1,253.93309,-15.933090209960938,6.2745230236779665,False,False,0.0,0.0,0.0
2026-06-27 08:30:00,2026-06-27,08:30:00,171,94,86,0,0,0,0,0.0,0.0,0,3,2,2,20,0,5,7,10,11,0,0,0,0,240.0,8,30,6,178,5,1,257.04733,-17.047332763671875,6.631981970163103,False,False,0.0,0.0,0.0
2026-06-27 08:30:59,2026-06-27,08:30:59,172,94,86,0,0,0,0,0.0,0.0,1,3,2,2,21,0,5,8,10,11,3,0,0,0,246.0,8,30,6,178,5,1,255.96632,-9.966323852539062,3.8936074490332615,False,False,0.0,0.0,0.0
2026-06-27 08:50:00,2026-06-27,08:50:00,197,94,86,0,0,0,0,0.0,0.0,1,3,2,2,22,0,6,9,12,13,4,0,0,0,254.0,8,50,6,178,5,1,263.92496,-9.924957275390625,3.7605224522342153,False,False,0.0,0.0,0.0
2026-06-27 09:00:00,2026-06-27,09:00:00,212,94,86,0,0,0,0,0.0,0.0,1,3,2,2,24,0,7,10,13,14,5,0,0,0,261.0,9,0,6,178,5,1,267.65314,-6.65313720703125,2.485731075845754,False,False,0.0,0.0,0.0
2026-06-27 09:00:59,2026-06-27,09:00:59,216,94,86,0,0,0,0,0.0,0.0,1,3,2,2,24,0,7,10,13,14,5,0,0,0,261.0,9,0,6,178,5,1,261.51477,-0.5147705078125,0.19684184828754128,False,False,0.0,0.0,0.0
2026-06-27 09:20:00,2026-06-27,09:20:00,319,94,86,0,0,0,0,0.0,0.0,1,4,2,2,25,0,9,11,15,16,6,0,0,0,271.0,9,20,6,178,5,1,266.88626,4.113739013671875,1.5413828341964035,False,False,0.0,0.0,0.0
2026-06-27 09:30:00,2026-06-27,09:30:00,497,94,86,0,0,0,0,0.0,0.0,0,0,0,0,0,0,0,0,0,0,0,0,0,0,180.0,9,30,6,178,5,1,272.74103,-92.74102783203125,34.003328567473986,True,False,0.0,0.0,0.0
2026-06-27 09:40:00,2026-06-27,09:40:00,522,94,86,0,0,0,0,0.0,0.0,0,0,0,0,0,0,0,0,0,0,0,0,0,0,180.0,9,40,6,178,5,1,286.41763,-106.41763305664062,37.15470724373871,True,False,0.0,0.0,0.0
2026-06-27 09:50:00,2026-06-27,09:50:00,582,94,86,0,0,0,0,0.0,0.0,0,0,0,0,0,0,0,0,0,0,0,0,0,0,180.0,9,50,6,178,5,1,291.36636,-111.36636352539062,38.22210710183291,True,True,111.36636352539062,18.561060587565102,148.48848470052081
2026-06-27 10:00:00,2026-06-27,10:00:00,615,94,86,0,0,0,0,0.0,0.0,0,0,0,0,0,0,0,0,0,0,0,0,0,0,180.0,10,0,6,178,5,1,300.19943,-120.19943237304688,40.039859976710225,True,True,120.19943237304688,20.033238728841145,160.26590983072916
2026-06-27 10:10:00,2026-06-27,10:10:00,639,94,86,0,0,0,0,0.0,0.0,0,0,0,0,0,0,0,0,0,0,0,0,0,0,180.0,10,10,6,178,5,1,301.69104,-121.6910400390625,40.33631228269362,True,True,121.6910400390625,20.281840006510414,162.25472005208331
2026-06-27 10:10:59,2026-06-27,10:10:59,646,94,86,0,0,0,0,0.0,0.0,0,0,0,0,0,0,0,0,0,0,0,0,0,0,180.0,10,10,6,178,5,1,295.63556,-115.63555908203125,39.114225447401395,True,True,115.63555908203125,19.27259318033854,154.18074544270831
2026-06-27 10:20:00,2026-06-27,10:20:00,664,94,86,0,0,0,0,0.0,0.0,3,0,2,2,0,0,12,0,0,0,6,0,0,0,205.0,10,20,6,178,5,1,306.70312,-101.703125,33.16012023027154,True,True,101.703125,16.950520833333332,135.60416666666666
2026-06-27 10:30:00,2026-06-27,10:30:00,682,94,86,0,0,0,0,0.0,0.0,3,5,2,2,28,0,12,15,21,22,8,0,0,0,298.0,10,30,6,178,5,1,287.88397,10.11602783203125,3.5139253345194756,False,True,0.0,0.0,0.0
2026-06-27 10:40:00,2026-06-27,10:40:00,706,94,86,0,0,0,0,0.0,0.0,0,5,2,2,28,0,13,15,22,23,8,0,0,0,298.0,10,40,6,178,5,1,240.69922,57.30078125,23.805968938152194,False,False,0.0,0.0,0.0
2026-06-27 10:40:59,2026-06-27,10:40:59,709,94,86,0,0,0,0,0.0,0.0,3,5,2,2,28,0,13,15,22,23,8,0,0,0,301.0,10,40,6,178,5,1,256.28,44.720001220703125,17.44966498896197,False,False,0.0,0.0,0.0
2026-06-27 10:50:00,2026-06-27,10:50:00,736,94,86,0,0,0,0,0.0,0.0,3,5,2,2,28,0,13,16,22,24,8,0,0,0,303.0,10,50,6,178,5,1,288.63864,14.361358642578125,4.975549557411623,False,False,0.0,0.0,0.0
2026-06-27 11:00:00,2026-06-27,11:00:00,741,94,86,0,0,0,0,0.0,0.0,3,6,2,2,28,0,13,15,22,24,8,0,0,0,303.0,11,0,6,178,5,1,294.9205,8.079498291015625,2.739551249979951,False,False,0.0,0.0,0.0
2026-06-27 11:10:00,2026-06-27,11:10:00,780,94,86,0,0,0,0,0.0,0.0,3,6,2,2,29,0,14,16,24,25,9,0,0,0,310.0,11,10,6,178,5,1,317.31793,-7.31793212890625,2.306182975481334,False,False,0.0,0.0,0.0
2026-06-27 11:20:00,2026-06-27,11:20:00,808,94,86,0,0,0,0,0.0,0.0,3,6,2,2,29,0,14,17,24,26,9,0,0,0,312.0,11,20,6,178,5,1,317.88602,-5.886016845703125,1.851612381100772,False,False,0.0,0.0,0.0
2026-06-27 11:30:00,2026-06-27,11:30:00,833,94,86,0,0,0,0,0.0,0.0,3,6,1,1,30,0,14,17,24,26,9,0,0,0,311.0,11,30,6,178,5,1,315.93484,-4.934844970703125,1.5619818608994323,False,False,0.0,0.0,0.0
2026-06-27 11:40:00,2026-06-27,11:40:00,837,94,86,0,0,0,0,0.0,0.0,3,6,1,1,30,0,14,17,23,27,9,0,0,0,311.0,11,40,6,178,5,1,314.82303,-3.823028564453125,1.2143420962200813,False,False,0.0,0.0,0.0
2026-06-27 11:50:00,2026-06-27,11:50:00,832,94,86,0,0,0,0,0.0,0.0,3,6,1,1,29,0,14,17,23,26,9,0,0,0,309.0,11,50,6,178,5,1,314.30615,-5.30615234375,1.6882114155839918,False,False,0.0,0.0,0.0
2026-06-27 12:00:00,2026-06-27,12:00:00,833,94,86,0,0,0,0,0.0,0.0,3,6,1,1,29,0,14,17,22,26,9,0,0,0,308.0,12,0,6,178,5,1,316.97333,-8.97332763671875,2.830940919736637,False,False,0.0,0.0,0.0
2026-06-27 12:10:00,2026-06-27,12:10:00,836,94,86,0,0,0,0,0.0,0.0,3,6,1,1,29,0,14,17,22,26,9,0,0,0,308.0,12,10,6,178,5,1,316.42575,-8.425750732421875,2.6627892050248834,False,False,0.0,0.0,0.0
2026-06-27 12:20:00,2026-06-27,12:20:00,821,94,86,0,0,0,0,0.0,0.0,3,6,1,1,28,0,14,17,21,26,9,0,0,0,306.0,12,20,6,178,5,1,315.53046,-9.53045654296875,3.0204553460185224,False,False,0.0,0.0,0.0
2026-06-27 12:30:00,2026-06-27,12:30:00,855,94,86,0,0,0,0,0.0,0.0,3,6,1,1,30,0,15,17,21,27,9,0,0,0,310.0,12,30,6,178,5,1,302.72794,7.272064208984375,2.4021781108448983,False,False,0.0,0.0,0.0
2026-06-27 12:40:00,2026-06-27,12:40:00,841,94,86,0,0,0,0,0.0,0.0,3,6,1,1,29,0,14,17,21,26,9,0,0,0,307.0,12,40,6,178,5,1,311.5322,-4.532196044921875,1.4548082357010534,False,False,0.0,0.0,0.0
2026-06-27 13:00:00,2026-06-27,13:00:00,870,94,86,0,0,0,0,0.0,0.0,3,6,1,1,30,0,15,18,21,28,10,0,0,0,313.0,13,0,6,178,5,1,315.49167,-2.491668701171875,0.7897732169694596,False,False,0.0,0.0,0.0
2026-06-27 13:00:59,2026-06-27,13:00:59,876,94,86,0,0,0,0,0.0,0.0,3,6,1,1,30,0,14,17,21,27,10,0,0,0,310.0,13,0,6,178,5,1,308.5969,1.403106689453125,0.4546729794979343,False,False,0.0,0.0,0.0
2026-06-27 13:10:00,2026-06-27,13:10:00,791,94,86,0,0,0,0,0.0,0.0,3,5,1,1,23,0,14,17,21,26,9,0,0,0,300.0,13,10,6,178,5,1,304.2194,-4.219390869140625,1.3869565832362039,False,False,0.0,0.0,0.0
2026-06-27 13:30:00,2026-06-27,13:30:00,784,94,86,0,0,0,0,0.0,0.0,0,6,2,2,31,0,13,16,24,25,9,0,0,0,308.0,13,30,6,178,5,1,303.73746,4.262542724609375,1.4033641957911835,False,False,0.0,0.0,0.0
2026-06-27 13:40:00,2026-06-27,13:40:00,857,94,86,0,0,0,0,0.0,0.0,4,6,2,2,31,0,15,17,22,27,9,0,0,0,315.0,13,40,6,178,5,1,282.3658,32.634185791015625,11.557413875485095,False,False,0.0,0.0,0.0
2026-06-27 13:50:00,2026-06-27,13:50:00,199,94,86,0,0,0,0,0.0,0.0,1,1,0,0,8,0,3,4,6,6,0,0,0,0,209.0,13,50,6,178,5,1,279.87723,-70.87722778320312,25.324399682172654,False,False,0.0,0.0,0.0
2026-06-27 14:00:00,2026-06-27,14:00:00,321,94,86,0,0,0,0,0.0,0.0,2,3,1,1,12,0,6,7,10,10,2,0,0,0,234.0,14,0,6,178,5,1,258.22617,-24.226165771484375,9.381762572009517,False,False,0.0,0.0,0.0
2026-06-27 14:10:00,2026-06-27,14:10:00,269,94,86,0,0,0,0,0.0,0.0,1,2,1,1,10,0,4,6,8,8,0,0,0,0,221.0,14,10,6,178,5,1,243.63416,-22.6341552734375,9.29022256671465,False,False,0.0,0.0,0.0
2026-06-27 14:20:00,2026-06-27,14:20:00,775,94,86,0,0,0,0,0.0,0.0,3,6,2,2,29,0,14,16,24,25,9,0,0,0,310.0,14,20,6,178,5,1,301.0727,8.92730712890625,2.965166665821976,False,False,0.0,0.0,0.0
2026-06-27 14:30:00,2026-06-27,14:30:00,739,94,86,0,0,0,0,0.0,0.0,0,6,2,2,29,0,13,16,23,24,8,0,0,0,303.0,14,30,6,178,5,1,308.85535,-5.8553466796875,1.8958216986154537,False,False,0.0,0.0,0.0
2026-06-27 14:40:00,2026-06-27,14:40:00,731,94,86,0,0,0,0,0.0,0.0,3,5,2,2,30,0,13,15,23,23,8,0,0,0,304.0,14,40,6,178,5,1,313.76758,-9.767578125,3.112997902258962,False,False,0.0,0.0,0.0
2026-06-27 14:50:00,2026-06-27,14:50:00,664,94,86,0,0,0,0,0.0,0.0,2,5,2,2,27,0,12,14,21,22,7,0,0,0,294.0,14,50,6,178,5,1,301.3465,-7.34649658203125,2.4378901581261347,False,False,0.0,0.0,0.0
2026-06-27 15:00:00,2026-06-27,15:00:00,535,94,86,0,0,0,0,0.0,0.0,2,4,2,2,24,0,11,13,19,20,5,0,0,0,282.0,15,0,6,178,5,1,284.56784,-2.567840576171875,0.9023649935188396,False,False,0.0,0.0,0.0
2026-06-27 15:10:00,2026-06-27,15:10:00,233,94,86,0,0,0,0,0.0,0.0,1,2,1,1,9,0,4,5,7,7,2,0,0,0,219.0,15,10,6,178,5,1,250.01053,-31.010528564453125,12.40368905362262,False,False,0.0,0.0,0.0
2026-06-27 15:20:00,2026-06-27,15:20:00,567,94,86,0,0,0,0,0.0,0.0,2,5,2,2,27,0,9,12,17,18,6,0,0,0,280.0,15,20,6,178,5,1,287.6409,-7.640899658203125,2.6564023639484597,False,False,0.0,0.0,0.0
2026-06-27 15:30:00,2026-06-27,15:30:00,627,94,86,0,0,0,0,0.0,0.0,2,4,2,2,27,0,11,13,19,20,7,0,0,0,287.0,15,30,6,178,5,1,282.3936,4.606414794921875,1.6312037653322164,False,False,0.0,0.0,0.0
2026-06-27 15:40:00,2026-06-27,15:40:00,596,94,86,0,0,0,0,0.0,0.0,0,4,2,2,25,0,10,12,18,19,6,0,0,0,278.0,15,40,6,178,5,1,285.19647,-7.19647216796875,2.5233384246528585,False,False,0.0,0.0,0.0
2026-06-27 15:50:00,2026-06-27,15:50:00,282,94,86,0,0,0,0,0.0,0.0,2,2,1,1,14,0,5,6,8,9,2,0,0,0,230.0,15,50,6,178,5,1,252.20793,-22.207931518554688,8.805405676514527,False,False,0.0,0.0,0.0
2026-06-27 16:10:00,2026-06-27,16:10:00,476,94,86,0,0,0,0,0.0,0.0,2,3,2,2,23,0,8,10,15,15,5,0,0,0,265.0,16,10,6,178,5,1,265.0466,-0.046600341796875,0.017581942849589645,False,False,0.0,0.0,0.0
2026-06-27 16:20:00,2026-06-27,16:20:00,408,94,86,0,0,0,0,0.0,0.0,1,3,2,2,20,0,7,9,13,13,4,0,0,0,254.0,16,20,6,178,5,1,248.74954,5.250457763671875,2.1107406737189494,False,False,0.0,0.0,0.0
2026-06-27 16:30:00,2026-06-27,16:30:00,161,94,86,0,0,0,0,0.0,0.0,0,1,0,0,6,0,2,3,4,4,0,0,0,0,200.0,16,30,6,178,5,1,223.76865,-23.768646240234375,10.621973471080816,False,False,0.0,0.0,0.0
2026-06-27 17:00:00,2026-06-27,17:00:00,277,94,86,0,0,0,0,0.0,0.0,1,1,1,1,14,0,4,5,8,8,2,0,0,0,225.0,17,0,6,178,5,1,211.19556,13.804443359375,6.5363322879301595,False,False,0.0,0.0,0.0
2026-06-27 17:10:59,2026-06-27,17:10:59,262,94,86,0,0,0,0,0.0,0.0,0,1,1,1,15,0,4,5,7,7,2,0,0,0,223.0,17,10,6,178,5,1,288.28018,-65.28018188476562,22.64469983956792,False,False,0.0,0.0,0.0
2026-06-27 17:20:00,2026-06-27,17:20:00,228,94,86,0,0,0,0,0.0,0.0,0,1,1,1,13,0,3,4,6,6,1,0,0,0,216.0,17,20,6,178,5,1,61.975136,154.02486419677734,248.5268683973875,True,False,0.0,0.0,0.0
2026-06-27 17:20:59,2026-06-27,17:20:59,221,94,86,0,0,0,0,0.0,0.0,0,1,1,1,13,0,3,4,6,6,1,0,0,0,216.0,17,20,6,178,5,1,444.12167,-228.12167358398438,51.364679355340236,True,False,0.0,0.0,0.0
2026-06-27 17:30:00,2026-06-27,17:30:00,198,94,86,0,0,0,0,0.0,0.0,0,1,1,1,12,0,3,3,5,5,1,0,0,0,212.0,17,30,6,178,5,1,2425.5725,-2213.572509765625,91.25979540308671,True,True,2213.572509765625,368.92875162760413,2951.430013020833
2026-06-27 17:40:00,2026-06-27,17:40:00,175,94,86,0,0,0,0,0.0,0.0,0,1,1,1,10,0,2,3,4,5,1,0,0,0,208.0,17,40,6,178,5,1,588.1886,-380.1885986328125,64.63719281817501,True,True,380.1885986328125,63.36476643880208,506.91813151041663
2026-06-27 17:50:00,2026-06-27,17:50:00,133,94,86,0,0,0,0,0.0,0.0,0,0,0,0,8,0,1,2,3,3,0,0,0,0,197.0,17,50,6,178,5,1,413.09244,-216.09243774414062,52.31091591126705,True,True,216.09243774414062,36.0154062906901,288.1232503255208
2026-06-27 18:00:00,2026-06-27,18:00:00,107,94,86,0,0,0,0,0.0,0.0,0,0,0,0,6,0,1,2,3,3,0,0,0,0,195.0,18,0,6,178,5,1,242.67763,-47.67762756347656,19.64648659300316,False,True,47.67762756347656,7.946271260579427,63.570170084635414
2026-06-27 18:10:00,2026-06-27,18:10:00,90,94,86,0,0,0,0,0.0,0.0,0,0,0,0,4,0,1,1,2,2,0,0,0,0,190.0,18,10,6,178,5,1,219.81773,-29.817733764648438,13.564753513733017,False,False,0.0,0.0,0.0
2026-06-27 18:40:00,2026-06-27,18:40:00,23,94,86,0,0,0,0,0.0,0.0,0,0,0,0,0,0,0,0,0,0,0,0,0,0,180.0,18,40,6,178,5,1,612.2357,-432.2357177734375,70.5995591608704,True,False,0.0,0.0,0.0
2026-06-27 18:40:59,2026-06-27,18:40:59,23,94,86,0,0,0,0,0.0,0.0,0,0,0,0,0,0,0,0,0,0,0,0,0,0,180.0,18,40,6,178,5,1,475.93808,-295.9380798339844,62.17995415227393,True,False,0.0,0.0,0.0
2026-06-27 18:50:00,2026-06-27,18:50:00,18,94,86,0,0,0,0,0.0,0.0,0,0,0,0,0,0,0,0,0,0,0,0,0,0,180.0,18,50,6,178,5,1,250.04312,-70.04312133789062,28.01241680359577,False,False,0.0,0.0,0.0
2026-06-27 19:00:00,2026-06-27,19:00:00,12,94,86,0,0,0,0,0.0,0.0,0,0,0,0,0,0,0,0,0,0,0,0,0,0,180.0,19,0,6,178,5,0,386.73013,-206.73013305664062,53.455915478497985,True,True,206.73013305664062,34.455022176106766,275.64017740885413
2026-06-27 19:10:00,2026-06-27,19:10:00,3,94,86,0,0,0,0,0.0,0.0,0,0,0,0,0,0,0,0,0,0,0,0,0,0,180.0,19,10,6,178,5,0,230.25838,-50.25837707519531,21.826948367130406,False,False,0.0,0.0,0.0
2026-06-27 19:20:00,2026-06-27,19:20:00,0,94,86,0,0,0,0,0.0,0.0,0,0,0,0,0,0,0,0,0,0,0,0,0,0,180.0,19,20,6,178,5,0,176.85846,3.14154052734375,1.7763020987013953,False,False,0.0,0.0,0.0
2026-06-27 19:30:00,2026-06-27,19:30:00,0,94,86,0,0,0,0,0.0,0.0,0,0,0,0,0,0,0,0,0,0,0,0,0,0,180.0,19,30,6,178,5,0,162.54684,17.453155517578125,10.737308111487543,False,False,0.0,0.0,0.0
2026-06-27 19:40:00,2026-06-27,19:40:00,0,94,86,0,0,0,0,0.0,0.0,0,0,0,0,0,0,0,0,0,0,0,0,0,0,180.0,19,40,6,178,5,0,161.51566,18.484344482421875,11.444305149979831,False,False,0.0,0.0,0.0
2026-06-27 19:50:00,2026-06-27,19:50:00,0,94,86,0,0,0,0,0.0,0.0,0,0,0,0,0,0,0,0,0,0,0,0,0,0,180.0,19,50,6,178,5,0,175.21286,4.787139892578125,2.732185234373299,False,False,0.0,0.0,0.0
2026-06-27 20:00:00,2026-06-27,20:00:00,0,94,86,0,0,0,0,0.0,0.0,0,0,0,0,0,0,0,0,0,0,0,0,0,0,0.0,20,0,6,178,5,0,178.6595,-178.6595001220703,100.0,False,False,0.0,0.0,0.0
2026-06-27 20:10:00,2026-06-27,20:10:00,0,94,86,0,0,0,0,0.0,0.0,0,0,0,0,0,0,0,0,0,0,0,0,0,0,0.0,20,10,6,178,5,0,169.00623,-169.0062255859375,100.0,False,False,0.0,0.0,0.0
2026-06-27 20:20:00,2026-06-27,20:20:00,0,94,86,0,0,0,0,0.0,0.0,0,0,0,0,0,0,0,0,0,0,0,0,0,0,0.0,20,20,6,178,5,0,172.8652,-172.86520385742188,100.0,False,False,0.0,0.0,0.0
2026-06-27 20:30:00,2026-06-27,20:30:00,0,94,86,0,0,0,0,0.0,0.0,0,0,0,0,0,0,0,0,0,0,0,0,0,0,0.0,20,30,6,178,5,0,162.88956,-162.88955688476562,100.0,False,False,0.0,0.0,0.0
2026-06-27 20:40:00,2026-06-27,20:40:00,0,94,86,0,0,0,0,0.0,0.0,0,0,0,0,0,0,0,0,0,0,0,0,0,0,0.0,20,40,6,178,5,0,161.4902,-161.49020385742188,100.0,False,False,0.0,0.0,0.0
2026-06-27 20:50:00,2026-06-27,20:50:00,0,94,86,0,0,0,0,0.0,0.0,0,0,0,0,0,0,0,0,0,0,0,0,0,0,0.0,20,50,6,178,5,0,175.09259,-175.09259033203125,100.0,False,False,0.0,0.0,0.0
2026-06-27 21:00:00,2026-06-27,21:00:00,0,94,86,0,0,0,0,0.0,0.0,0,0,0,0,0,0,0,0,0,0,0,0,0,0,0.0,21,0,6,178,5,0,179.25916,-179.2591552734375,100.0,False,False,0.0,0.0,0.0
2026-06-27 21:10:00,2026-06-27,21:10:00,0,94,86,0,0,0,0,0.0,0.0,0,0,0,0,0,0,0,0,0,0,0,0,0,0,0.0,21,10,6,178,5,0,169.60585,-169.60585021972656,100.0,False,False,0.0,0.0,0.0
2026-06-27 21:20:00,2026-06-27,21:20:00,0,94,86,0,0,0,0,0.0,0.0,0,0,0,0,0,0,0,0,0,0,0,0,0,0,0.0,21,20,6,178,5,0,173.84634,-173.84634399414062,100.0,False,False,0.0,0.0,0.0
2026-06-27 21:30:00,2026-06-27,21:30:00,0,94,86,0,0,0,0,0.0,0.0,0,0,0,0,0,0,0,0,0,0,0,0,0,0,0.0,21,30,6,178,5,0,163.49606,-163.49606323242188,100.0,False,False,0.0,0.0,0.0
2026-06-27 21:50:00,2026-06-27,21:50:00,0,94,86,0,0,0,0,0.0,0.0,0,0,0,0,0,0,0,0,0,0,0,0,0,0,0.0,21,50,6,178,5,0,175.69907,-175.69906616210938,100.0,False,False,0.0,0.0,0.0
2026-06-27 22:00:00,2026-06-27,22:00:00,0,94,86,0,0,0,0,0.0,0.0,0,0,0,0,0,0,0,0,0,0,0,0,0,0,0.0,22,0,6,178,5,0,179.17493,-179.1749267578125,100.0,False,False,0.0,0.0,0.0
2026-06-27 22:10:00,2026-06-27,22:10:00,0,94,86,0,0,0,0,0.0,0.0,0,0,0,0,0,0,0,0,0,0,0,0,0,0,0.0,22,10,6,178,5,0,169.7965,-169.79649353027344,100.0,False,False,0.0,0.0,0.0
2026-06-27 22:10:59,2026-06-27,22:10:59,0,94,86,0,0,0,0,0.0,0.0,0,0,0,0,0,0,0,0,0,0,0,0,0,0,0.0,22,10,6,178,5,0,169.7965,-169.79649353027344,100.0,False,False,0.0,0.0,0.0
2026-06-27 22:20:00,2026-06-27,22:20:00,0,94,86,0,0,0,0,0.0,0.0,0,0,0,0,0,0,0,0,0,0,0,0,0,0,0.0,22,20,6,178,5,0,173.87057,-173.87057495117188,100.0,False,False,0.0,0.0,0.0
2026-06-27 22:30:00,2026-06-27,22:30:00,0,94,86,0,0,0,0,0.0,0.0,0,0,0,0,0,0,0,0,0,0,0,0,0,0,0.0,22,30,6,178,5,0,163.52032,-163.52032470703125,100.0,False,False,0.0,0.0,0.0
2026-06-27 22:40:00,2026-06-27,22:40:00,0,94,86,0,0,0,0,0.0,0.0,0,0,0,0,0,0,0,0,0,0,0,0,0,0,0.0,22,40,6,178,5,0,162.36394,-162.3639373779297,100.0,False,False,0.0,0.0,0.0
2026-06-27 22:50:00,2026-06-27,22:50:00,0,94,86,0,0,0,0,0.0,0.0,0,0,0,0,0,0,0,0,0,0,0,0,0,0,0.0,22,50,6,178,5,0,175.9663,-175.96629333496094,100.0,False,False,0.0,0.0,0.0
2026-06-27 23:00:00,2026-06-27,23:00:00,0,94,86,0,0,0,0,0.0,0.0,0,0,0,0,0,0,0,0,0,0,0,0,0,0,0.0,23,0,6,178,5,0,179.41792,-179.4179229736328,100.0,False,False,0.0,0.0,0.0
2026-06-27 23:10:00,2026-06-27,23:10:00,0,94,86,0,0,0,0,0.0,0.0,0,0,0,0,0,0,0,0,0,0,0,0,0,0,0.0,23,10,6,178,5,0,170.03949,-170.03948974609375,100.0,False,False,0.0,0.0,0.0
2026-06-27 23:20:00,2026-06-27,23:20:00,0,94,86,0,0,0,0,0.0,0.0,0,0,0,0,0,0,0,0,0,0,0,0,0,0,0.0,23,20,6,178,5,0,174.11357,-174.1135711669922,100.0,False,False,0.0,0.0,0.0
2026-06-27 23:30:00,2026-06-27,23:30:00,0,94,86,0,0,0,0,0.0,0.0,0,0,0,0,0,0,0,0,0,0,0,0,0,0,0.0,23,30,6,178,5,0,163.76329,-163.76329040527344,100.0,False,False,0.0,0.0,0.0
2026-06-27 23:40:00,2026-06-27,23:40:00,0,94,86,0,0,0,0,0.0,0.0,0,0,0,0,0,0,0,0,0,0,0,0,0,0,0.0,23,40,6,178,5,0,162.36394,-162.3639373779297,100.0,False,False,0.0,0.0,0.0
2026-06-27 23:50:00,2026-06-27,23:50:00,0,94,86,0,0,0,0,0.0,0.0,0,0,0,0,0,0,0,0,0,0,0,0,0,0,0.0,23,50,6,178,5,0,175.9663,-175.96629333496094,100.0,False,False,0.0,0.0,0.0
